:020000040800F2
:1000000000800120E93A0208353B0208353B02082E
:10001000353B0208353B0208353B02080000000072
:10002000000000000000000000000000353B020856
:10003000353B02080000000041420008353B020841
:1000400031410008353B0208353B0208353B0208C8
:10005000353B0208353B0208353B0208353B0208B8
:10006000353B0208353B0208353B0208353B0208A8
:10007000353B0208353B0208353B0208353B020898
:10008000353B0208353B0208353B0208353B020888
:10009000353B0208353B0208353B0208353B020878
:1000A000353B0208353B0208353B0208353B020868
:1000B000618B0108353B0208353B0208353B0208DD
:1000C000353B0208353B0208353B0208353B020848
:1000D000353B0208353B0208353B0208353B020838
:1000E000353B0208353B0208353B0208353B020828
:1000F000353B020845440008353B0208353B020801
:10010000353B0208353B0208F18A0108353B0208FD
:10011000353B0208353B0208710B0008A547000873
:10012000353B0208353B0208353B0208353B0208E7
:10013000353B0208353B0208353B0208353B0208D7
:10014000353B0208353B0208353B0208353B0208C7
:10015000353B0208353B0208353B0208353B0208B7
:10016000353B0208353B0208353B0208353B0208A7
:10017000353B0208353B0208353B02080000000011
:10018000353B0208353B02080348044B834202D04A
:10019000034B03B118477047C0030020C003002081
:1001A00000000000054806490B1AD90F01EBA30116
:1001B000491002D0034B03B118477047C003002019
:1001C000C00300200000000010B5064C237843B99E
:1001D000FFF7DAFF044B13B10448AFF300800123AB
:1001E000237010BDC003002000000000D4AC030841
:1001F00008B5044B1BB104490448AFF30080BDE8C7
:100200000840CFE700000000C4030020D4AC03087E
:10021000004870470C4F030800487047D845030852
:1002200070B52DED028B8348834D88B000F0AAFE97
:100230000021804800F0D6FE804800F0A3FE002197
:100240007E4800F0CFFEBC2024F05AFC044603F0A8
:100250006DF97B4B60681A6803687A499B68A5FB57
:100260000252920C984704AD002302A861680295DF
:1002700003938DF810301BF099F80298A84201D032
:1002800003F03EFC6068704D036870499B689847B6
:10029000A421286803F012FB019016F0B1F801992F
:1002A000204603F023F80821286803F007FB01909B
:1002B00019F03AFB0199204603F018F81421286838
:1002C00003F0FCFA019017F083FE0199204603F039
:1002D0000DF81021286803F0F1FA019018F01AF8CF
:1002E0000199204603F002F8012024F009FC06469B
:1002F00012F0E0FD16B1304603F002FC012024F0BC
:10030000FFFB06460CF062FB16B1304603F0F8FB2B
:10031000012024F0F5FB064611F040F816B13046F6
:1003200003F0EEFB4421286803F0C8FA019012F0B4
:10033000F5FF0199204602F0D9FF4FF4C761286804
:1003400003F0BCFA019018F01FFC0199204602F05E
:10035000CDFF1821286803F0B1FA019011F0CCF814
:100360000199204602F0C2FF282024F0C9FB002199
:10037000054619F057FF2946204602F0B7FF002333
:100380001A464DF2BD11606902F048F9B2EE040A56
:1003900002F030FB02F040FBDFED2D7AB4EEE70A0D
:1003A000F1EE10FAB0EE408A1FDC6068294903685C
:1003B0009B689847606902F0E7F894F8B830DB076B
:1003C00033D4254C2368DA68986992F89C110BF0B5
:1003D000AFFD2368986A03F03DFF2368586A00F078
:1003E0005FFB08B0BDEC028B70BD042024F088FBDD
:1003F000DFED1A7A68EE277A0022FCEEE77A0546EE
:1004000017EE901A03F0C8FE2946204602F06EFF50
:1004100018EE100A25F066FA6568024628680B4651
:1004200086680F492846B047C4E70121014800F01B
:10043000D9FDC6E7DC03002083DE1B43DE0300207A
:10044000D0010020F0450308140400200C460308E6
:10045000CDCCCC3D484603081C0400200024744940
:100460002446030870B5FFF7DBFE0D4D0D4E00244A
:10047000286890F8B830DB0707D5631CC4F3003157
:1004800030469CB200F0AEFD28680022114602F012
:1004900031FF28680022032102F02CFFE8E700BFAB
:1004A0001C040020DC03002010B5054C4C21204624
:1004B00000F05CFDA01C4D21BDE8104000F056BDD1
:1004C000DC030020064B4179027953F821005100EA
:1004D000C36803228A4023EA0203C360704700BF57
:1004E0006C46030810B4094B4179027953F8214056
:1004F0005200E36803209040012123EA000301FA3F
:1005000002F21343E3605DF8044B70476C46030846
:1005100010B4094B4179027953F821405200E36845
:1005200003209040022123EA000301FA02F2134360
:10053000E3605DF8044B70476C4603088279102134
:10054000017122F00302002182710160704700BF37
:1005500070B50D460446474982B0284625F00BF891
:10056000A37928B960F34103A371204602B070BD9E
:100570002D6843F00203A3712846002301A90A2233
:1005800001932CF03BFB019BC0B2AB42607101D9DF
:1005900008280AD9A379384A226023F003031022DD
:1005A0002046A371A28002B070BD22F0A3F9334EA1
:1005B0006279019D56F8222022602A782E2AE9D1FC
:1005C000013501A928460A2201952CF017FB019B51
:1005D000C0B29D422071DDD20F28DBD818780028E8
:1005E000C3D0012509E02D2825D0402814D11A4672
:1005F0000133019350780028B7D05E2813D0F2D988
:100600006F2826D076281ED1A2799107EFD52046F3
:10061000FFF77EFF019BEAE7212814D1A27942F07F
:100620000102A271E3E7A2799007E0D52046FFF727
:1006300059FF019BDBE7A2799207D8D52046FFF747
:1006400041FF019BD3E700F0A9FF00288DD0019B5B
:10065000CDE7A2799207CAD56279237956F822208C
:10066000516805FA03F30B4353602046FFF72AFF56
:10067000019BBCE768460308000002406C46030883
:1006800010B50179407921F0EDFC0949044623F0C9
:10069000D3F9013008D0142024F032FA2146044660
:1006A00022F02EF8204610BD0024204610BD00BFC9
:1006B000389B030870B5054682B011B3541A0F2C4D
:1006C0000E4601940BD8012C006822D10B780370E0
:1006D000019C28686C600023035502B070BD0022A5
:1006E00001A924F0B7FC019B2860AB60224631468B
:1006F00028F0E6FC019C28686C600023035502B0DA
:1007000070BD4AB90068144600236C60035502B0FE
:1007100070BD002CDED0E9E7014824F0CFFB00BF1C
:1007200090460308F0B55D498FB0022300220446CD
:1007300024F009FF451C7BD023681B5C232B054656
:1007400076D0564902460223204624F0CEFE411CB4
:10075000074600F08B80024650490223204624F0D1
:10076000F2FE421C2168064674D00B5C232B71D02C
:1007700062689542A7EB050700F284802944521B6A
:10078000BA4294BF8A18CA194FF0000302A804AFF6
:100790000297FFF78FFF02A9684601F0DDFA2820D3
:1007A00024F0AEF9054602F0C5F8009ABDF8043011
:1007B0002A62012185F82610AB8472180523384976
:1007C000204624F092FE431C00D0801B62689642B3
:1007D0005ED82168921B3144824294BF8A180A185D
:1007E0000AAC4FF0000308A80894FFF763FF089BCA
:1007F0002868A34220D005F1080209999042C5E972
:1008000000310A9A2DD0AB68AA6058B308900A93B9
:100810000023099303700898A04201D003F070F9F7
:100820000298B84201D003F06BF928460FB0F0BD32
:10083000002528460FB0F0BD099A32B1012A1BD01D
:10084000214628F03DFC099A28686A6000238354F9
:100850000898DDE713482AF011F9002528460FB063
:10086000F0BDAA6008940AAC2046D1E721680E4882
:100870002AF004F90025D8E79DF828300370099A7A
:100880002868E2E71346094909482A4624F01FFB75
:10089000134606490648324624F019FBBC460308B5
:1008A000544703085C470308C0460308044703088D
:1008B0001C47030838B50B681B78232B0ED04B68F8
:1008C000022B08460AD91546FFF72CFF044618B13B
:1008D0002846214600F072FA204638BD0024204602
:1008E00038BD00BF70B51546194A00F10801016016
:1008F0001E4611464FF000030446FFF7DBFE2A6850
:100900001278232A15D06B68022B12D92846FFF7DC
:1009100009FF054668B1028C33889A420BD02B46FA
:1009200053F8080B984201D003F0EAF8284603F088
:10093000E7F8204670BD428C73889A42EFD1B388A5
:10094000828C9A42EBD10146204624F013FCE6E764
:100950000C4F0308704700BF704700BF704700BFCF
:10096000704700BF704700BF704700BF704700BFAF
:10097000704700BF032103F029BB00BF10B5044638
:100980004068054B236008B103F0BAF8204603F035
:100990000FFB204610BD00BF9047030838B5104D2F
:1009A0002B6893F8B830DB07044608D50D4B0E488A
:1009B00019884A1CC1F300311A8000F013FB72B68B
:1009C000636A0BB962B638BD636A013B636262B6A3
:1009D000002228680421BDE8384002F08BBC00BF2B
:1009E0001C040020E0030020DE03002010B50446B4
:1009F0004068064B236008B103F082F8204603F0FC
:100A0000D7FA204603F07CF8204610BD9047030833
:100A1000F0B583B0044603F0D3FA194B194E002504
:100A2000C4E90035C4E9025504F11800FFF786FD5A
:100A3000154B164A019514601A6C1549154842F079
:100A400010021A641A6C144B02F010020192042274
:100A5000019F0A6032688068104EC0F81861920BDE
:100A6000A3FB02039B08052641F6FF70C4E904635B
:100A700088622046CB622262656203B0F0BD00BF8F
:100A800090470308D001002000380240E403002012
:100A90000010004000ED00E0CDCCCCCC710B000884
:100AA000054B064A01204FF48001D86051601A6856
:100AB00002431A60704700BF0010004000E100E0F0
:100AC000074B084A1B6810B49B0B41F6FF74B3FB3D
:100AD000F1F141619462D1625DF8044B03627047A9
:100AE000D001002000100040F8B5D0E90146B44222
:100AF0004169054602D112E0A64210D054F8042BF9
:100B000053695B1A002B5361F6DA106917680344C6
:100B1000536157B10020B847A6426969EED12B6AEC
:100B2000591A002929620EDBF8BD50680028E3D06D
:100B3000D2E9023283B100EB6200D20710D4002167
:100B400098476969D8E7094A6B6A1268013301EB73
:100B5000923129626B62F8BDD707CDD500EB6200F8
:100B600002680021D35898476969C5E7D001002081
:100B7000034A044B6FF0010118681161FFF7B4BF1D
:100B800000100040E403002001207047002070475F
:100B90000120704738B540680D460A4927F0C8FC67
:100BA000044668B128462AF0CBFD234602460121BF
:100BB000284628F033F9034620461C4627F05CF906
:100BC000204638BDC047030810B50446406821F0F0
:100BD00043FA204610BD00BF10B50446406821F01E
:100BE0003BFA204602F08CFF204610BD0022C0E9EF
:100BF00000228260704700BFF8B5D0E90056B542C8
:100C000007460FD055F8044B234644B153F8080B60
:100C1000984201D002F074FF204602F071FFAE420C
:100C2000F0D13E680023C7E90033BB6026B13046EF
:100C3000BDE8F84002F064BFF8BD00BF10B504463F
:100C4000FFF7DAFF206808B102F05AFF204610BD16
:100C5000436810B553F8044D43605CB1234653F824
:100C6000080B984201D002F04BFF2046BDE810402F
:100C700002F046BF10BD00BFF8B5D0E90047BC4246
:100C80000FD00E4601E0A7420BD054F8045B0622B9
:100C900005F12001304628F0E3F90028F3D1284679
:100CA000F8BD00252846F8BD2DE9F047D0E90058E9
:100CB00045458CB027D0DFF854900F46012655F8F3
:100CC000044BD7F800A0A269238C0892E0690B932B
:100CD00024F008FECDE9060194F82720049294F848
:100CE0002620039222680292A28C0192628C0092CA
:100CF0000B9BDAF80840324649463846A047A845DB
:100D000006F10106DBD10CB0BDE8F087E847030827
:100D10002DE9F84FD0E900976FF06048A7EB090381
:100D2000B8EBA30F3DD093469A1005468A469AB376
:100D3000B2EB420F4FEA4203A1EB090428D9DFF8D6
:100D40007880404623F0DCFE06468044DBF8003025
:100D50003351002C04DD22464946304628F04AFA39
:100D6000A7EB0A070434002F344404DD51463A4609
:100D7000204628F03FFA3C44B9F1000F02D0484623
:100D800002F0BEFEC5E90064C5F80880BDE8F88F32
:100D900053B998461E46D9E7A1EB09044FF0040861
:100DA000CFE7044824F08DF8984528BF98464FEACD
:100DB0008808C6E744480308FCFFFF7F2DE9F0439D
:100DC000D0E9003683B0B3420746019125D088466A
:100DD00001F1200901E09E421FD01C68062204F1A7
:100DE000200148461D4628F03BF92B1D0028F2D172
:100DF0005CB1234653F8080B984201D002F080FE04
:100E0000204602F07DFEDDF80480C5F800800B4826
:100E100029F042FF03B0BDE8F083BB689E4206D0D4
:100E2000019B46F8043B7E6003B0BDE8F083314689
:100E3000384601AAFFF76CFFF6E700BF60480308D9
:100E40002DE9F84FD0E900896FF04045A9EB080380
:100E5000B5EB630F37D093465A1006460F46A1EB09
:100E6000080472B39A4228D91B4D284623F048FE45
:100E700082460544BBF800302AF80430002C04DD1B
:100E800022464146504628F0B5F9A9EB070902343D
:100E9000B9F1000F544404DD39464A46204628F093
:100EA000A9F94C44B8F1000F02D0404602F028FEE8
:100EB000C6E900A4B560BDE8F88F3BB91D469A4667
:100EC000D8E70225D1E7054823F0FBFFAB4228BF56
:100ED0002B465D00C9E700BFFEFFFF7F44480308C3
:100EE0002DE9F043D0E90048444583B017D0894646
:100EF000174601E0A04512D054F8045BAE8CBE4208
:100F0000F8D12E8C4E45F5D1D3E9011081420A4625
:100F100008D0698C22F8021BA0455A60ECD103B0BE
:100F2000BDE8F083184605F122020193FFF788FF20
:100F3000019BDFE710B50446007821F0DBFC217847
:100F4000094B627853F8213001205968904021EA1A
:100F500000015960D9685200032000FA02F221EA28
:100F60000202DA6010BD00BF8848030810B5C1F363
:100F7000031301F00F01044603704170FFF7DAFF1D
:100F8000204610BD10B4094B0178427853F8214037
:100F90005200236803209040012123EA000301FA54
:100FA00002F2134323605DF8044B7047884803083E
:100FB00070B40B4B0278467853F822000324036880
:100FC00072009440012523EA040305FA02F2134358
:100FD000036009B94FF48035B540856170BC704736
:100FE000884803080278084B407853F8222021B142
:100FF000012383409361084670474FF48033834058
:1010000093610846704700BF88480308704700BFD7
:10101000704700BF10B5034B0360044602F0C8FFE1
:10102000204610BDB448030810B5054B03600446C4
:1010300002F0BEFF204602F063FD204610BD00BF57
:10104000B448030810B5044602F0BAFF201DFFF7AC
:1010500075FA064B2360FF2100234FF0FF32C4E9ED
:10106000031223766361204610BD00BFB448030815
:10107000002905DBC3689942A8BF19460161704782
:1010800000210161704700BF026981F308018A42B3
:10109000A8BF0A4622EAE272C0E90312704700BF05
:1010A000C0687047837A4FF0FF3202619A070DD50E
:1010B00003F001038B424268017A03D001238B4085
:1010C000936170474FF480338B409361704700BF4A
:1010D0000269FF2A0346084635D842B3FF2A3AD0B0
:1010E0005969B1F5007F30B4A8BF4FF400716FF0BB
:1010F000FF041D7EA142B8BF21462DB3C2F5807406
:10110000091B0029D8BF00255961D8BF1D769A7ADE
:1011100091070AD502F00102197AAA425A6814BF4F
:1011200001234FF480338B40936130BC70479A7A2F
:10113000910708D512F0010F197A5A6813D00123CC
:101140008B409361704770470A447F2A5A61DEDD05
:1011500001251D76DBE79A7A9107F4D512F0010F8D
:10116000197A5A68EBD04FF480338B409361704703
:10117000704700BF10B5044602F0C2FC204610BD07
:10118000F0B587B0114F9DF81450ADF80A101C4609
:10119000034616463868ADF8083025F003050C4BB9
:1011A000019301AA05210494ADF80C608DF8145048
:1011B00002F0A0F89DF8143013F0010003D09B0753
:1011C00044BF049B236007B0F0BD00BF1C04002097
:1011D000EC480308F0B587B00F4F9DF81440ADF808
:1011E0000A10054624F003043868ADF80850164686
:1011F0000A4DADF80C6044F0020401AA06210493E4
:101200008DF81440019502F075F89DF8140000F077
:10121000010007B0F0BD00BF1C040020EC4803082B
:1012200038B5094D094B036004460246072128687A
:1012300002F0C2F828682246082102F0BDF82046D4
:1012400002F0B6FE204638BD1C040020FC4803080E
:1012500010B50446FFF7E4FF204602F051FC20469B
:1012600010BD00BF01B17047837E9A0708D5DB0728
:10127000017E426954BF01234FF480338B40936158
:1012800090F839306FF3410380F83930704700BF70
:10129000012918D039B1CB0714D490F83820022393
:1012A000934019420ED0837E9A070BD5DB07017E4F
:1012B000426903D401238B40936170474FF480331C
:1012C0008B4093617047837E9A07FBD5DA0704D57C
:1012D000027E4369914099617047017E42694FF4F3
:1012E00080338B4093617047F8B504461D460F4626
:1012F000164602F065FE234697E80300334A43F89A
:10130000042B83E8030096E8030004F10C0383E850
:101310000300AA7995E8030004F11403970783E812
:1013200003004ED40022E26294F83930226362F363
:10133000410384F8393094F83930A27E2449254895
:10134000616223F01C03002543F004034FF07E513B
:10135000960784F839306563A062216209D512F0DE
:10136000010F217E62690CBF01234FF480338B4053
:101370009361A37A9D0708D5D807217A62684CBF8C
:1013800001234FF480338B409361A37C9A0708D5E7
:10139000DB07217CE2684CBF01234FF480338B4094
:1013A000936194F839306FF3000384F839302046A4
:1013B000072102F00BFE2046082102F007FE20461E
:1013C000F8BD2979687902F009FEABE7FC4803080B
:1013D000000048420000C07F90ED0D7A10B5F0EE9D
:1013E000407AC0ED087A20EE070A044625F042F85C
:1013F0002063E06210BD00BF90ED087A10B5F0EEFA
:10140000407AC0ED0D7A20EE070A044625F032F846
:101410002063E06210BD00BF0163C16280ED0D0A70
:10142000704700BF036B80ED0D0A194401637047DC
:10143000D0ED087A10B520EE270A044625F01AF8F8
:10144000236BC01A10BD00BF38B5837E04469807D1
:101450000D4609D56169207E0A69C24003F0010387
:1014600002F00102934240D194F8393003F00103B5
:10147000AB4216D094F83930A27C65F30003910793
:1014800084F839300AD502F00102AA42217CE268D0
:1014900014BF01234FF480338B409361012022F06D
:1014A0006DFAA37A9A0708D5D807217A626854BFE3
:1014B00001234FF480338B409361032022F05EFAC6
:1014C000A37A9A0708D5DB07217A62684CBF01230B
:1014D0004FF480338B409361E36A002D14BF4FF0CB
:1014E000FF3201221344E36238BD23B1012303FA22
:1014F00000F08861B8E74FF4803303FA00F08861A8
:10150000B2E700BF70B4056815F8014BDCB10021EB
:101510000E4E08462044A6FB0023DB09C3EB032341
:10152000C31A1944A6FB0120C209C2EB022015F818
:10153000014B0A1A91B298B2002CEBD143EA022077
:1015400080B270BC7047204670BC7047818080803C
:1015500070B410F8015BDDB100210F4E0C4662192A
:10156000A6FB0243DB09C3EB0323D31A1944A6FBF2
:101570000142D209C2EB022210F8015B8A1A91B231
:101580009CB2002DEBD143EA022080B270BC7047C0
:10159000284670BC704700BF8180808020281DBF16
:1015A0000938B0FA80F0400901207047002300F1AB
:1015B000080270B5026003724360D1E90046264418
:1015C000A64282B005460DD014F8010B2BF0DCFBCF
:1015D000C0B20090696801230022284623F05EFE15
:1015E000A642F1D1284602B070BD00BF002070476E
:1015F000BFF34F8F0549064BCA6802F4E0621343FC
:10160000CB60BFF34F8F00BFFDE700BF00ED00E0F0
:101610000400FA052DE9F043D1E90058454583B0AF
:1016200024D0164622B3DFF84C9007460835002335
:1016300001E09E4216D915F8082CFA5455F8040C0E
:101640005C1C24F04FF93B19321BCDE90001114617
:1016500018464A4629F052FDA84500EB040305F15F
:101660000805E6D1184603B0BDE8F0830020FAE78C
:101670001046F8E72C49030870B5054620F018FF1E
:10168000074E044602E0306801F034FE20F010FFFF
:10169000031BAB424FF000024FF00301F3D370BDC8
:1016A0001C0400204FF47A7303FB00F0FFF7E4BF43
:1016B0002DE9F84FD0E900976FF06048A7EB0903D8
:1016C000B8EBA30F3ED093469A1005468A46A2B3C4
:1016D000B2EB420F4FEA4203A1EB090429D9DFF82C
:1016E0007C80404623F00CFA064680443319DBF830
:1016F00000201A60002C04DD22464946304627F0BF
:1017000079FDA7EB0A070434002F344404DD514669
:101710003A46204627F06EFD3C44B9F1000F02D056
:10172000484602F0EDF9C5E90064C5F80880BDE857
:10173000F88F53B998461E46D8E7A1EB09044FF03D
:101740000408CEE7044823F0BCFB984528BF984620
:101750004FEA8808C5E700BF44480308FCFFFF7F45
:101760002DE9F84FD0E900976FF06048A7EB090327
:10177000B8EBA30F3DD093469A1005468A469AB31C
:10178000B2EB420F4FEA4203A1EB090428D9DFF87C
:101790007880404623F0B4F906468044DBF80030F8
:1017A0003351002C04DD22464946304627F022FD05
:1017B000A7EB0A070434002F344404DD51463A46AF
:1017C000204627F017FD3C44B9F1000F02D04846EF
:1017D00002F096F9C5E90064C5F80880BDE8F88F05
:1017E00053B998461E46D9E7A1EB09044FF0040807
:1017F000CFE7044823F065FB984528BF98464FEA99
:101800008808C6E744480308FCFFFF7F2DE9F04F36
:10181000D0E900966F4B704D8246A6EB0900C010D0
:1018200003FB00F3AB4283B000F0CA800C46904645
:10183000002B00F0B280B3EB430F4FEA4302A1EB61
:10184000090B4ED9654D284623F05AF9431907462E
:10185000019300F1180507EB0B0202F10801434662
:1018600047F80B1053F8080B984200F09A80D8F80C
:10187000081047F80B009160D8F80410C8F8003041
:101880004C454FF000035160C8F8043088F8083028
:101890003CD007F1080309F1080148460EE043F87F
:1018A000082C0A681A60183051F8042C43F8042CEC
:1018B000844201F1180103F1180318D043F8083CE1
:1018C00051F8082C8A42EAD1D1F800C04D688A68E4
:1018D000D1F80CE0C3F80CE0C3F800C05D609A607A
:1018E000E1E7002A6FD1019217461825B3E7A4F16A
:1018F00018033B4DA3EB0903DB0805FB03F525F0BB
:101900006045023505EB450507EBC505B44236D009
:1019100005F1080204F1080021460EE042F8083CF7
:1019200003681360183150F8043C42F8043CB1429B
:1019300000F1180002F1180214D042F8082C50F8F7
:10194000083C9842EAD1D0F800E0D0F804C083689F
:10195000D0F80C80C2F80C80C2F800E0C2F804C0D5
:101960009360DFE7091B1E4B1839C90803FB01F11F
:1019700021F06041013101EB410105EBC105B9F1F5
:10198000000F02D0484602F0BBF8019BCAF80830AD
:10199000CAE9007503B0BDE8F08FA1EB090B18256B
:1019A00051E7D3F800B0D3F804E0D3F808C0D86802
:1019B0005061C2F808B0C2F80CE0C2F810C05BE792
:1019C000084823F07EFAAA4228BF2A46182505FBBC
:1019D00002F538E7ABAAAAAA55555505F8FFFF7FCF
:1019E000ABAAAA0A444803082DE9F0430023C0E942
:1019F000003387B00746154683600DF108080B7861
:101A00009D420C4604D01BB114F8013FAB42FAD101
:101A10004FF0000322466846CDF80080FEF74AFEEC
:101A2000D7E901639E42B64617D006F1080CC6F806
:101A300000C0009B43451BD03360029BB360019BF9
:101A4000CEF8043018367E60214611F8013B002B99
:101A5000D5D1384607B0BDE8F083384631466A46EE
:101A6000FFF7D4FE00984045EED002F049F8EBE7CE
:101A7000C146B9E80F00B060F160326173617E6801
:101A8000DDE700BFF0B585B005462C2201A8FFF7C1
:101A9000ABFFDDE901470023BC42C5E90033AB6081
:101AA00006D12AE01834A3EC010AA7426B6011D0DA
:101AB000002120682AF09EFFD5E9011291420B46D1
:101AC0008DED000AEED16A4628461834FFF7F0FD86
:101AD000A742EDD1DDE90167BE420ED006F1080450
:101AE00054F8080CA04206F1180604F1180401D0BD
:101AF00002F006F8B742F3D1019F17B1384601F062
:101B0000FFFF284605B0F0BD2DE9F04184B0054641
:101B1000904601A82C22FFF767FFDDE9014700236B
:101B2000BC42C5E90033AB6006D12AE043F8040BA0
:101B30001834A7426B6011D00021206842462BF078
:101B40005DF8D5E90116B1420B460090EED16A4628
:101B500028461834FFF704FEA742EDD1DDE90167FE
:101B6000BE420ED006F1080454F8080CA04206F15B
:101B7000180604F1180401D001F0C2FFB742F3D1F6
:101B8000019F17B1384601F0BBFF284604B0BDE8FD
:101B9000F08100BF30B51D4A00F108030C46036018
:101BA00083B0911E4FF000030546FEF783FD052C20
:101BB0000BDC3434E4B20094696801230022284627
:101BC00023F06CFB284603B030BD3923009300227C
:101BD00001236968284623F061FB6A686FF040437F
:101BE0009A420FD00A490122284623F015FC2B34D3
:101BF000E4B2416800940123002223F04FFB284601
:101C000003B030BD034823F05CF900BF3649030838
:101C100050490308384903082DE9F0412C4A88B09F
:101C20000C464FF00003A2F11C01064604AF02A8C7
:101C30000297FEF73FFD0022DDE90213204623F064
:101C400082FC421C18D0DFF89480014600256268AF
:101C50008A4237D3521A012A28BF012243460095EF
:101C6000204623F05BFBDDE902130022204623F02F
:101C70006AFC431C0146EAD1234606F108013160A3
:101C800053F8082B9A4212D0A1683260B1600298D2
:101C900062682360B8424FF0000372606360237291
:101CA00001D001F02DFF304608B0BDE8F081D3F837
:101CB00000C05D689868DA687261C6F808C0F560AF
:101CC0003061E4E7134603480A46034923F0FFF86E
:101CD000704903081C470308744903080C4F0308A4
:101CE00070B501230D46044600220846164923F02C
:101CF000FCFB431C17D06B68461C5A1C9E42A2EB8F
:101D000000021CD804F10801216029689B1B3144A2
:101D1000934294BFCA188A1820464FF00003FEF77A
:101D2000C9FC204670BD094A04F10803236020461F
:101D300011464FF00003FEF7BDFC204670BD04497C
:101D40000448324623F0C3F8B44D03080C4F03088F
:101D5000044703081C4703082DE9F04F4B68002592
:101D60008FB0058045808580002B79D0031DDFF87A
:101D700004B27D4C01930F46A0F102090DF1100A47
:101D800001232A465946384623F0AFFB0023421C64
:101D9000CDE902A306468DF8103064D07B68AB42D3
:101DA000A0EB0502C0F0D58039685B1B2944934243
:101DB00094BFCA188A180DF128084FF0000308A82C
:101DC000CDF82080FEF776FC089B029843457FD033
:101DD000504500F08B80DDE90912CDE90231049B0A
:101DE0000492002800F0878008900A93002309934A
:101DF00003700898404501D001F082FE02988446A5
:101E00001CF801EBBEF1000F00F09A8000210D4696
:101E100005EB0E02A4FB0253DB09C3EB0323D31A29
:101E20001944A4FB0152D209C2EB02221CF801EBB7
:101E30008A1A91B29DB2BEF1000FE9D143EA0223A2
:101E400029F8023F731C3ED0504506F1010501D030
:101E500001F056FE7B689D4202D2019B4B458FD11B
:101E60000FB0BDE8F08F7A68AA4277D339680DF1D8
:101E700028080A444FF0000308A82944CDF8208020
:101E8000FEF718FC089B029843453AD0504546D0CF
:101E9000DDE90912CDE90231049B0492002843D008
:101EA00008900A930023099303700898404501D0D5
:101EB00001F026FE029884461CF801EBBEF1000FEB
:101EC000A4D1A9F802E05045CAD001F019FEC7E735
:101ED000099A32B1012A2DD0414627F0F1F8099A2A
:101EE000029803920023835408987FE7099A02938B
:101EF0000A9BCDE90323CDF820800DF12808404648
:101F000074E7099A32B1012A1DD0414627F0D8F86A
:101F1000099A02980392002383540898C2E7099A09
:101F200002930A9BCDE90323CDF820800DF1280808
:101F30004046B7E79DF828300370099A0298D0E729
:101F400029F802EF80E79DF828300370099A02987B
:101F5000E0E7064906482A4622F0B9FF134603493E
:101F600003482A4622F0B3FF81808080044703089B
:101F70001C4703085049030870B5054682B011B3E9
:101F8000541A0F2C0E4601940BD8012C006822D154
:101F90000B780370019C28686C600023035502B025
:101FA00070BD002201A923F055F8019B2860AB60A9
:101FB0002246314627F084F8019C28686C60002393
:101FC000035502B070BD4AB90068144600236C6026
:101FD000035502B070BD002CDED0E9E7014822F0C5
:101FE0006DFF00BF90460308F0B501238FB00C468B
:101FF0000546002208464D4923F077FA431C47D096
:10200000D4E900120646904294BF0A188A184FF08D
:10201000000304AF02A80297FEF74CFB6368013689
:102020009E427DD821689A1B31449A4294BF8A18F7
:10203000CA180AAE4FF0000308A80896FEF73AFB4C
:10204000089B2068B34242D004F1080290424CD071
:10205000DDE90912C4E90031A368A260002849D073
:1020600008900A930023099303700898B04201D0A6
:1020700001F046FD029B05F10804BB422C603DD0F7
:10208000049A2B60AA60039B6B6028460FB0F0BDDA
:10209000D4E900120AAE0A444FF0000308A80896DB
:1020A000FFF76AFF002100916268214B204623F070
:1020B00035F9089C05F10807B4422F6024D00A9A2C
:1020C0002C60AA60099B6B6028460FB0F0BD099A8E
:1020D00032B1012A1ED0314626F0F2FF099A20685B
:1020E0006260002383540898BCE7099A23600A9B26
:1020F000C4E9012308960AAE3046B3E70FCFA860C3
:10210000E9602A616B61BEE70FCCA860E9602A61D3
:102110006B61D7E79DF828300370099A2068DFE7E4
:1021200004490548324622F0D2FE00BFB44D0308F0
:102130000C4F0308044703081C4703082DE9F04F20
:102140009E4D2A68D2E90C328FB00C461A441946CB
:10215000064604AF02A84FF000030297FFF70CFFFA
:102160006268002A00F00F8121680B782F2B00F0A5
:1021700081810AADDFF85082AA46A94644E004F105
:102180000802904200F08E80DDE90912C4E90031B6
:10219000A368A260002800F08A8008900A930023B8
:1021A000099303700898A84201D001F0A9FC844962
:1021B00001234FF0FF3202A823F0ADF9DDE902124E
:1021C0004FF00003904294BF0A188A1808A8089597
:1021D000FEF770FA089A0298AA424CD0B84258D03A
:1021E000DDE90931CDE90223049A0491002855D094
:1021F00008900A920022099202700898A84201D021
:1022000001F07EFCD4E90012032A94BF8A18CA1C8C
:102210004FF0000308A80895FEF74CFA414608A8BD
:1022200023F0A9F9089BAB42834602D0184601F07F
:1022300067FC6268BBF1000F3DD1022A40F27E814B
:10224000216808950A444FF0000308A80331FEF7FF
:1022500031FA089B2068AB4291D1099A32B1012A28
:102260007DD0294626F02CFF099A20686260002361
:102270008354089893E7099A32B1012A79D0294604
:1022800026F01EFF099A02980392002181540898B3
:10229000B0E709990A9B0292CDE9031308954846D5
:1022A0005546A7E7099A23600A9BC4E901230895CC
:1022B0004846554673E721680895022A94BF8A1854
:1022C0008A1C4FF0000308A8FEF7F4F93D4908A85E
:1022D00023F051F9089BAB42804602D0184601F02A
:1022E0000FFCB8F1000F71D0DDE902120A4412F8B8
:1022F000013C2F2B54D04FF0000308A80895FFF79E
:102300003BFE2F23099900930022012308A822F005
:10231000C5FFD4E9001208A823F07EF806F10801F1
:102320000346316053F8082B9A4200F0B48081686C
:102330003260B16042680360002372600372089AE1
:102340004360AA4202D0104601F0DAFB0298B8427C
:1023500001D001F0D5FB30460FB0BDE8F08F9DF8FD
:1023600028300370099A206862600023835408981B
:1023700015E79DF828200270099A0298039200211F
:102380008154089836E72B6806F108023260D3E9D9
:102390000C1230460A444FF00003FFF7EDFDD5E77D
:1023A00006F10803336030464FF00003FFF7E4FD09
:1023B000D4E90012304623F02FF8C7E71C040020B0
:1023C00090490308944903088C4903086268012A6C
:1023D00040F2BA80216808950A444FF0000308A82B
:1023E0000231FEF767F9089B2068AB4260D004F128
:1023F0000802904278D0DDE90912C4E90031A368EF
:10240000A260002875D008900A93002309930370F6
:102410000898A84201D001F073FB4E4901234FF008
:10242000FF3202A823F077F8DDE902124FF0000333
:10243000904294BF0A188A1808A80895FEF73AF93E
:10244000089B0298AB4241D0B84256D0DDE9091250
:10245000CDE90231049B0492002853D008900A93DE
:102460000023099303700898A8423FF43DAF01F0A0
:1024700047FB39E7234606F10800306053F8081B94
:10248000994243D0A0683160B06000217260C4E915
:10249000003121725AE7D3F800E0D3F804C09C68F9
:1024A000DA687261C6F808E0C6F80CC0346141E72A
:1024B000099A32B1012A35D0294626F001FE099A3F
:1024C000206862600023835408989EE7099A32B11D
:1024D000012A2DD0294626F0F3FD099A029803928D
:1024E000002383540898BBE7099A23600A9BC4E938
:1024F000012308950AAD284687E7099A02930A9BAB
:10250000CDE9032308950AAD2846A9E7DA68D3F890
:1025100000C05D6899683161C6F808C0F5607261F5
:102520006268B2E79DF828300370099A2068C8E70E
:102530009DF828300370099A0298D0E7134606499F
:102540000648032222F0C3FC134603490348022233
:1025500022F0BDFC90490308044703081C47030808
:10256000034610B5044653F8080B984201D001F019
:10257000C7FA204610BD00BF0B460068114647F25F
:102580006932FEF7ADBC00BF38B5056804462DB111
:102590002846FEF753FB284601F0B2FA00232360D9
:1025A00038BD00BFF8B50C460646FFF7EDFF0C201E
:1025B00022F0A6FA0546FEF719FB35601CB1D6E9F4
:1025C0000147BC4201D1F8BD356854F8040B0368DB
:1025D00029469B689847A742F6D1F8BD10B5046814
:1025E00034B12046FEF748FB044650B1204610BDEA
:1025F000074B08491B68586803689B689847204642
:1026000010BD0548044600F0ADF9204610BD00BFDE
:102610001C04002098490308E803002010B582B08C
:102620000C466946ADF80040ADF80220ADF8043024
:10263000FFF7D4FF02B010BD2DE9F84FD0E90097A5
:102640006FF06048A7EB0903B8EBA30F3DD09346AA
:102650009A1005468A469AB3B2EB420F4FEA4203FC
:10266000A1EB090428D9DFF87880404622F048FA27
:1026700006468044DBF800303351002C04DD22464E
:102680004946304626F0B6FDA7EB0A070434002F72
:10269000344404DD51463A46204626F0ABFD3C4426
:1026A000B9F1000F02D0484601F02AFAC5E90064EA
:1026B000C5F80880BDE8F88F53B998461E46D9E79B
:1026C000A1EB09044FF00408CFE7044822F0F9FB1E
:1026D000984528BF98464FEA8808C6E7444803084B
:1026E000FCFFFF7FD0E90132934210B504D00A68A5
:1026F00043F8042B436010BD0A461946FFF79CFFC0
:1027000010BD00BF2DE9F0434FF0000889B0C0E9CB
:1027100001880546C0F80C80C0F80080102022F027
:10272000EFF9714E714905F10409044603F0D2F93D
:10273000484602A90294FFF7D5FF96E80F0004ACC3
:102740002746029407C70D223B7002A88DF81D8012
:102750000392FEF74BFF029BA342074602D01846A6
:1027600001F0CEF9002F7BD096E80F0026460294A8
:1027700007C60D2100223370242003918DF81D20FF
:1027800022F0BEF95A4A02A9064602F0DBFC029882
:10279000A04201D001F0B4F926B102A94846029640
:1027A000FFF7A0FF534E029496E80700234603C3A9
:1027B0000A271A80002102A803978DF81A10FEF745
:1027C00015FF029BA342074602D0184601F098F974
:1027D0000FB396E807002346029403C30A2600219C
:1027E0001A80242003968DF81A1022F089F9424AA3
:1027F00002A9064602F0A6FC0298A04201D001F010
:102800007FF926B102A948460296FFF76BFF2846DA
:1028100009B0BDE8F083DFF8E880029498E80F0083
:10282000264607C60E22338002A88DF81E7003923A
:10283000FEF7DCFE029BA342064602D0184601F0DA
:102840005FF9002EE3D098E80F002646029407C6F1
:102850000E2100223380242003918DF81E20C4E72E
:10286000112301A93A4602A8CDE9013422F0F2FB76
:10287000DFF888C0019B04930646BCE80F009CF873
:1028800000C00296306086F810C07160B260F360DC
:10289000DDE9013202A80393D754FEF7A7FE029B9D
:1028A000A342064602D0184601F02AF9002E3FF452
:1028B00079AF112301A9002202A8CDE9013422F049
:1028C000C9FB0E4F019B049306460FCF3F7802963B
:1028D000306071603774B260F360DDE9013200216D
:1028E00003932420D1544BE7DC490308D44903085F
:1028F000EC490308084A0308144A0308F44903088A
:10290000184A030810B5054C204600F013F820467D
:10291000034A0449BDE8104022F0DAB8E803002079
:1029200088010020612500080022C0E90022C0E9DA
:102930000222704710B5002282B0C26100F1080186
:102940000022C0E90012C0E9082202728261044B31
:1029500000921146044622F0E1FC204602B010BD70
:102960000C4F030800B5002183B0C1610021C0E90C
:10297000081142688161034B009122F0CFFC03B043
:102980005DF804FB0C4F030890F8263010B50446A0
:1029900033B9044B04491B68586803689B6898471F
:1029A000204610BD1C040020284A030808B590F8F2
:1029B000263013B990F8273043B907490323002282
:1029C00022F093FD013018BF012008BD8069003856
:1029D00018BF012008BD00BF844A030807EE901A03
:1029E000F8EEE77A0122C0ED077A816180F82720AE
:1029F000704700BF012280F8272080ED070A70474A
:102A000090F8263010B5044623B9012380F827300A
:102A100022F0B0FB204610BD70B590F8263092B081
:102A2000044633B990F827301BB190ED070A12B075
:102A300070BDD4E900120CA80A440EAD4FF000039B
:102A4000002605960C95FFF797FA06A80CA9FFF744
:102A5000E3F80C98A84201D001F052F8069D05A9B0
:102A6000284629F0C7FF059BAB4210D80E4BA58C1A
:102A70001B68618C5868238C02688DED030ACDE9D0
:102A800000150A4995682268A8479DED030A069833
:102A900008AB9842CBD08DED030A01F031F89DEDE3
:102AA000030A12B070BD00BF1C040020884A03084E
:102AB00000F1080310B50360D1E90032044619465D
:102AC0001A444FF00003FFF757FA204610BD00BF2D
:102AD0000EB4002003B07047704700BF084628F0CE
:102AE0002FBE00BF10B5044601F00AF8204610BD05
:102AF0000EB4F0B592B017AB074653F8046B0193D0
:102B0000324602A840212AF043FA451C3F2D0446D4
:102B10000DDC3B68124A5B69934202D002A9384639
:102B20009847204612B0BDE8F04003B070472846F1
:102B300021F0F7FF019B3246294605462AF028FA84
:102B40003B68074A5B69934205D1002DE9D02846CE
:102B500021F0C5FFE5E7384629469847F5E700BF6D
:102B6000DD2A00080348044B044A0549036021F0AC
:102B7000AFBF00BF10040020204B030888010020D5
:102B8000D92A0008F8B5046900F10806B44212D049
:102B90000F4600252069036839465B69984703465C
:102BA0009D422046B8BF1D4622F030F8B042044690
:102BB000F0D12846F8BD00252846F8BD2DE9F0479C
:102BC0002DED048B00F10803EAB00022C0E90032C9
:102BD00004460D4602720DF1230344F68A514FF468
:102BE0004C40FEF7CDFA08B98DF8230063686FF00A
:102BF0004046B34200F06C830122A349204622F0F4
:102C00000BFC95F8B8309A0700F118839DF8232043
:102C1000002A40F04D811F0740F11A836368F61ABD
:102C2000032E40F2558399490422204622F0F4FBFA
:102C3000EB6893ED448AD3ED438AD3ED427A93F85F
:102C400034308DED0F8ADE07CDED108ACDED117A8F
:102C500040F1DA829FED8E9AC7EE897A88EE098A72
:102C600017EE900A22F03EFEC8EE897A06460F461D
:102C700017EE900A22F036FE8046894618EE100ABA
:102C800022F030FECDE90067CDE90401CDE90289EB
:102C9000804A4AA8802128F031FA63686FF04047E3
:102CA0008028A7EB030328BF8020052B064640F2AF
:102CB0000F8379490622204622F0AEFB4368FF1AB3
:102CC000BE4200F205834AA9324622F0A5FBE9681C
:102CD00091F89C31032B35D99FED6D8A6F4F0326F8
:102CE0008B6891F8342053F82630D3ED0B7AD3ED6E
:102CF000086AF8EEE77AD00787EEA67A48BF87EE33
:102D0000087A17EE100A22F0EDFD3A46CDE90001EF
:102D100080214AA828F0F2F9616880286FF04043CA
:102D20000246A3EB010328BF80229342C0F0D08269
:102D30004AA9204622F070FBE96891F89C310136DF
:102D4000B342CDDC0FAA12A805F042FCEB68DDED22
:102D5000147A93F83430D90740F163829FED4C8A9E
:102D6000C7EE887A17EE900A22F0BCFDDDED137AEB
:102D7000C7EE887A8046894617EE900A22F0B2FDA7
:102D8000DDED127AC7EE887A06460F4617EE903AC6
:102D9000184622F0A7FDCDE90267CDE90401CDE98F
:102DA00000893C4A80214AA828F0A8F963686FF09E
:102DB00040478028A7EB030328BF8020052B064649
:102DC00040F2868236490622204622F025FB4368DF
:102DD000FF1ABE4200F27C8232464AA922F01CFB56
:102DE000EE68304605F088FD96F834309FED2D7A78
:102DF000DA0748BFDFED267AEB68B0EE408A48BFBD
:102E000080EE278AD3ED567AC7EE277A17EE900A1E
:102E100022F068FD02460B4618EE100ACDE90223A7
:102E200022F060FD204ACDE9000180214AA828F067
:102E300065F9616880286FF040430246A3EB010307
:102E400028BF80229342C0F043824AA9204622F044
:102E5000E3FA95F8B830C3F380005B07024640F10F
:102E6000678162686FF040439B1A012B40F2308209
:102E70000E490222204622F0CFFA20466AB0BDEC6D
:102E8000048BBDE8F08700BF3C4B0308504B0308A0
:102E90003333CB41644B0308784B0308804B030862
:102EA000884B03080080BB45A84B0308C84B0308A8
:102EB0006368F61A032E40F20B82BE4904222046B4
:102EC00022F0AAFAE86809A905F018F9E868C369C8
:102ED0000DF1A80A53B1012309AA4A928AF80030D9
:102EE0001430C36852464AA99847E86890F83430CD
:102EF000DDED097AD80700F1B98117EE900A22F0CA
:102F0000F1FC06460A980F4622F0ECFC0B9B80462B
:102F10008946184622F0E6FCCDE90067CDE90401B8
:102F2000CDE90289A44A8021504628F0E7F8636879
:102F30006FF040478028A7EB030328BF8020052BB4
:102F4000064640F2C5819D490622204622F064FAD9
:102F50004368FF1ABE4200F2BB815146324622F05E
:102F60005BFAE96891F89C31032B34D99FED948A80
:102F7000944F03268B6891F8342053F82630D3ED14
:102F80000B7AD3ED086AF8EEE77AD10787EEA67AD6
:102F900048BF87EE087A17EE100A22F0A3FC3A46E3
:102FA000CDE900018021504628F0A8F86368802808
:102FB0006FF0404228BF8020D21A8242C0F0888140
:102FC00002465146204622F027FAE96891F89C31E2
:102FD0000136B342CEDC0B980A9A099B4A904B9279
:102FE0000CA84AAA4C9305F0F3FAEB68DDED0E7AD3
:102FF00093F83430DA0740F15C819FED718AC7EEB7
:10300000887A17EE900A22F06DFCDDED0D7AC7EE9E
:10301000887A06460F4617EE900A22F063FCDDED33
:103020000C7AC7EE887A8046894617EE903A1846A1
:1030300022F058FCCDE90067CDE90401CDE9028911
:103040005D4A8021504628F059F863686FF0404788
:103050008028A7EB030328BF8020052B064640F2FB
:10306000378159490622204622F0D6F94368FF1AD3
:10307000BE4200F22D813246514622F0CDF9EE6873
:10308000AB69DFED527A93ED088A96F83430DB07AE
:1030900028EE278A48BFDFED4A7A304648BF88EEDF
:1030A000278A05F029FC96F83430DF07EB6848BF23
:1030B000DFED437A9FED467AF0EE408A48BFC0EEDE
:1030C000278AD3ED567AC7EE277A17EE900A22F0B8
:1030D00009FC02460B4618EE900ACDE9042322F0C3
:1030E00001FC02460B4618EE100ACDE9022322F03D
:1030F000F9FB384ACDE900018021504627F0FEFF58
:10310000616880286FF040430246A3EB010328BFAB
:1031100080229342C0F0DC805146204622F07CF9A8
:1031200095F8B830C3F380005B0702463FF599AECF
:1031300025908DF8980026AF15AB4BF2D3114AF6C7
:103140001640CDE9152224971792FEF719F8DDE90C
:10315000155658B3AE4200F0B980DFF87C906FF09E
:1031600040482B696868079322F0BCFBCDE9020157
:10317000286822F0B7FB079BCDE900014A462021D1
:1031800018A827F0BBFF636820280246A8EB0303BA
:1031900028BF20229A4200F29B80283518A9204699
:1031A00022F03AF9AE42DCD1DDE91556B54220D025
:1031B00014E000BF484B0308644B0308784B030836
:1031C0003333CB41804B0308884B03080000704227
:1031D0000080BB45904B0308B84B0308286905F1F4
:1031E0001803984201D000F08BFC2835B542F5D188
:1031F000159E16B1304600F083FC2498B8423FF487
:1032000030AE00F07DFC2CE617EE900A22F06AFB4F
:10321000064618EE900A0F4622F064FB8046894667
:103220002CE517EE900A22F05DFB80461398894644
:1032300022F058FB129B06460F46A9E56368F61A72
:10324000042E45D924490522204622F0E5F8EFE472
:10325000A86908F07DFE6368F61A10B3032E37D90B
:103260001E490422204622F0D7F8E1E49FED1C8A93
:10327000C7EE887A17EE900A22F034FBDDED0A7A69
:10328000C7EE887A06460F4617EE900A22F02AFB10
:10329000DDED0B7AC7EE887A8046894617EE903AC4
:1032A00037E6022E14D90F490322204622F0B4F843
:1032B00008E617EE900A22F015FB06460D980F4619
:1032C00022F010FB0C9B80468946B0E62E466DE747
:1032D000054821F0F6FD00BF404B0308584B03089A
:1032E0003333CB41604B0308384903080B68084669
:1032F0009B6818472DE9F04F072983B00D46824699
:1033000093462ED000F14C0301EB410203EB820007
:1033100053F82240D0F8048044451FD00123019384
:10332000DFF8909009EBC5035F687E1007F0010796
:1033300007E09A5959F835305946D3589847A0456F
:103340000AD054F8043B9819002FF2D159F83530BF
:1033500059469847A045F4D1072D1DD003B0BDE8CC
:10336000F08F90F8B830002A0CBF0122002262F3DF
:10337000410380F8B83006D0DBB21A0744BF6FF3C0
:10338000C30380F8B830DAF8180008F0E1FDDAE994
:10339000284844450190C3D19AF8B8309B0702D51C
:1033A000019B002BDAD1DAF80C0003B0BDE8F04F36
:1033B00005F0E8B99C4C030801EB410100F14C0316
:1033C000E0B506468F0003EB8100DB594568AB4250
:1033D00002D110E09D420ED018460433016891429C
:1033E000F8D19D42194602D0EA1A25F003FFF119DF
:1033F0000B6D043B0B65E0BD69B138B505460C4665
:10340000E1682846FFF7F8FF2046A46800F078FB43
:10341000002CF5D138BD704710B5044BC16803606E
:1034200004460430FFF7E8FF204610BDD44B0308E4
:1034300010B5064BC168036004460430FFF7DCFF9B
:10344000204600F05DFB204610BD00BFD44B0308B2
:103450002DE9F84FD0E900976FF06048A7EB09031A
:10346000B8EBA30F3DD093469A1005468A469AB30F
:10347000B2EB420F4FEA4203A1EB090428D9DFF86F
:103480007880404621F03CFB06468044DBF8003063
:103490003351002C04DD22464946304625F0AAFE71
:1034A000A7EB0A070434002F344404DD51463A46A2
:1034B000204625F09FFE3C44B9F1000F02D048465B
:1034C00000F01EFBC5E90064C5F80880BDE8F88F70
:1034D00053B998461E46D9E7A1EB09044FF00408FA
:1034E000CFE7044821F0EDFC984528BF98464FEA05
:1034F0008808C6E744480308FCFFFF7F30B501EBAE
:10350000410300EB8304D4E9141583B0A94201926E
:1035100004D041F8042B216503B030BD9B004C3032
:10352000184401AAFFF794FF03B030BD70B52DED2C
:10353000028B00F138030022036384B0044600F1DB
:103540003005426380F8382000F14C0300F1B801E7
:103550009A60C3E900220C338B42F9D194F8B83059
:10356000C54A23F02A0384F8B830212103A8146047
:10357000FDF7FCFC012103A8FDF71AFD4FF48C7048
:1035800021F0BEFA4FF416530A220921064603F031
:10359000C7FF2660102021F0B3FA0646FFF7B2F805
:1035A000304666610121FEF7FDFF206810B1036817
:1035B0005B689847002626601C2021F0A1FA0123B1
:1035C0000246606000932846AC4B136002F1080588
:1035D000C2E90455AA4B16723146D6609661626BF9
:1035E00021F09CFEA7492368CA684FF6FF000240FD
:1035F00042F0BF6242F40032CA60002B00F01B812F
:10360000A14D606900231A464CF6DF11FFF706F85A
:103610000021FFF7E3F9FFF7C9F994F8B820034652
:1036200083F0010363F30002002384F8B82060698B
:103630001A4648F2AE01FEF7F1FF0021FFF7CEF97E
:10364000FFF7B4F994F8B820034663F3820200232D
:1036500084F8B82060691A4643F66621FEF7DEFF5B
:1036600094F8B810C1F38001FFF7B8F9FFF79EF99D
:1036700094F8B820034663F34512002384F8B82079
:1036800060691A4645F68B31FEF7C8FF0121FFF746
:10369000A5F9FFF78BF9236894F8B820196860F34F
:1036A000041284F8B82018468A689047002342F62E
:1036B000AA22606944F2ED11FEF7B0FF4FF41651F3
:1036C000FFF78CF9FFF7A8F928684FF48C71B0EE7A
:1036D000408A00F0F3F8FDEEC87A362217EE903AF1
:1036E0003521054603F01CFF284603F095FF2820EE
:1036F00021F006FA0546FDF78BF965622846FDF7CD
:1037000039F9442021F0FCF9054600F0E5FDA562F9
:103710004FF4927021F0F4F95A4D064600F0B2FAD7
:10372000EB685A4AE6624FF6FF010B4043F0BF6375
:1037300043F400332021EB60102082F83713402639
:103740005021302382F82D0382F8366385F8223029
:1037500082F80003002382F8121382F84D1382F8D6
:10376000251382F8261382F8271382F83413606930
:103770001A4645F29E51FEF751FF4549FFF72EF9D3
:10378000FFF74AF9BCEEC00A00231A4684ED120A7C
:1037900060694AF25D51FEF741FF0121FFF71EF912
:1037A000FFF73AF9D4ED127AA06AB0EE408AB8EE8B
:1037B000670A00F06BFDB0EE480AA06A00F0FAFD5F
:1037C000282021F09DF9054608F090FBA5612846C8
:1037D00008F026FB2C2021F093F9054602F058FC56
:1037E000A560284602F0F8FB4FF4D07021F088F96C
:1037F000054604F07BFAE560284606F07DFD0420CE
:1038000021F07EF9054600F0DBFB224B2B602562A0
:10381000284617F039FC282021F072F9054603F0FC
:1038200073FF2561012021F06BF9E061204604B0AF
:10383000BDEC028B70BD42F6AA2244F2ED11606924
:10384000114DFEF7EBFE4FF41651FFF7C7F8FFF7E7
:10385000E3F84FF48C712868B0EE408A00F02EF83F
:10386000FDEEC87A064617EE903A0A22092103F0C7
:1038700057FE2660C5E600BF1C040020D44B030899
:103880009049030800ED00E01404002000E100E08E
:10389000A0860100708C030830B400248C70150AD7
:1038A0002346054C0A704D70CB702568056020607A
:1038B000416030BC02817047200400208B071CBF90
:1038C00021F003010431F0B4043145688EB234466E
:1038D0002A460AE001F07F0743EA0763A3421DD2AC
:1038E00001891A446B189A4215D892F9033092F85C
:1038F00001C09778D178002B137843EA0C2343EA70
:103900000743E7DA01F07F0143EA016301891A44C2
:103910006B189A42E9D90020F0BC704741F0800151
:10392000D1702FD99119270ACB786FF3C713CB70B9
:10393000137892F801C0957843EA0C2343EA0543D3
:10394000D57805F07F0543EA05639B1B9355CD7839
:10395000C3F307264E7025F07F05C3F30746C3F374
:1039600006632B438E70CB70D378147003F0800302
:1039700000245770D370947044680389091B9942DE
:1039800000DB00BE101DF0BC704700BFF0B511F8A1
:10399000015C11F8034C11F8043C11F8022C6FF390
:1039A000C71543EA042343EA024305F07F0243EAD2
:1039B00002620E1FB41801F8015C94F90330002B69
:1039C00025DB43680589E31AAB4200F38680237840
:1039D0006778A578E47843EA072343EA054304F0CF
:1039E0007F0443EA046311F8014C1344C3F30665F2
:1039F00024F07F022A43C3F30744C3F3072501F8E9
:103A0000043C01F8012C01F8035C01F8024C456804
:103A10002B786F78AC78EA7843EA072302F07F02CC
:103A200043EA044343EA02632A4615E003899C42C1
:103A300005EB030750DA137892F801E092F802C020
:103A4000D47843EA0E2343EA0C4304F07F0453EA9C
:103A5000046341D0BA423FD2541B17461A44B242C3
:103A60001C44E3D197F90340002C35DB11F8044CDA
:103A700011F803CC11F8026C11F8015C44EA0C2433
:103A800044EA064405F07F0544EA0564FD782344D2
:103A9000C3F3066625F07F043443C3F30745C3F33D
:103AA00007263B70FC707E70BD7011F8044C11F855
:103AB000037C11F8026C11F8013C4568008944EA66
:103AC000072103F07F0341EA064141EA0361531BEA
:103AD0000B44834200DB00BEF0BD00BE11F8043C85
:103AE00011F8037C11F8025C11F8012C43EA07235A
:103AF00043EA054302F07F0243EA026267E700BF40
:103B0000074B1B6853B15A689042FAD319890A448B
:103B10009042F6D201461846FFF738BF1EF09CBA15
:103B2000200400202DE9F04F0B68446802899F684B
:103B3000DFF8C4B0DFF8C4A085B006460D462346C2
:103B40002A4928464FF00009B84773682849CDF83C
:103B50000C9002E0042A3CD9144494F801802078A7
:103B6000A27894F803E094F903C02F6840EA082093
:103B70000EF07F0E40EA024040EA0E601BEA2C0283
:103B800038BF5246D7F80880E31ACDE90020224614
:103B90002846C047227894F801E094F802C0E37800
:103BA00094F90300124942EA0E2242EA0C4203F061
:103BB0007F0342EA0362039BB6F808C013440393F1
:103BC00073680028A4EB03001044A8BF914460452B
:103BD000C0DB2B68039F9C6806494B463A46284643
:103BE000A44605B0BDE8F04F604700BF004C030895
:103BF000204C0308444C0308F04B0308F84B03081F
:103C00000346F0B45C681D890020224602E0042BC4
:103C100016D91A4492F9033057789678D178002B48
:103C2000137843EA072301F07F0143EA064343EA9E
:103C30000163A2EB04011944A8BFC018A942E6DB46
:103C4000F0BC70470F281ADC0D4B1A6810B402EB59
:103C50004004C1F30B01B4F8043103EBC00001339D
:103C60009BB2072B02EB4000A4F8043188BF00236D
:103C7000818088BFA4F804315DF8044B7047704719
:103C80002404002038B5094B04461C201C6020F099
:103C900037FF082205464FF47A7101F0F5FF2846F8
:103CA0000349256002F0EAF8204638BD24040020CC
:103CB000453C000810B50B46097958791EF0D2F939
:103CC000044904461FF0B8FE431C14BF20464FF0C1
:103CD000FF3010BDAC99030830B583B00446FFF740
:103CE000E9FF012201460190206802F05BF80F28ED
:103CF000019901D903B030BD03460422102010FB06
:103D00000320251800228033225004EB43036A600D
:103D1000AA60EA6020689A80012202F091F8206887
:103D2000012103B0BDE8304002F000B9884228D03C
:103D30002DE9F041861CB142074688460AD11EE0B3
:103D4000974204D0D21B3946B81C25F053FA464599
:103D50003D8014D03B88324636F8025BAB42EFD848
:103D600036F8044CA542A2F1020305D25C801A4643
:103D700033F8024DA542F9D346451580EAD1BDE896
:103D8000F08170472DE9F041541E04EBD474B1EB7F
:103D9000640F3BDA4FEA640E6FF000480C46661C75
:103DA000740004EB080530F8267030F815C025467D
:103DB000BC45054400EB860604D9013C00EB4406F3
:103DC00030F8147025F8027C7445E8DBD50722D55D
:103DD000651E05EBD5758C424FEA650506DC12E0E1
:103DE000A94220F814702C460DDA154630F81570EB
:103DF0006A1E02EBD272BB4200EB45064FEA62023A
:103E0000EED800EB44063380BDE8F081D40700EB28
:103E10004106F8D40C46023A02EBD272B4EB620FC0
:103E2000D6D1013400EB8402640032F8022C3280D7
:103E3000013C00EB4406CBE70B1A202B40F38780B4
:103E40002DE9F043044683B09146871C002A49D0EF
:103E50009B10608834F8132031F8025C904209F11D
:103E6000FF391FD2AA4234D3A8421FD322886280CE
:103E7000208031F8026C3D460B468242A8460ED3A4
:103E8000B042A3F1020303D233F8026D8642FBD89D
:103E90009D4212D22E801A80208833F8026C35F8A9
:103EA000022FEAE7A842E1D3AA4212D2268825804F
:103EB00021F8026C62882088DDE74A462846FFF731
:103EC000BBFF2B1B202B3FDDB9F1000F0BD0294688
:103ED000BEE72088228024F813006288208831F809
:103EE000026CC8E788465D10AF1E7E104FF00002DE
:103EF00034F816308DF8002027F0010731462A46A5
:103F000020462744FFF73EFF4FF00002013E8DF8A8
:103F1000002037F8023D31462A462046FFF732FF9F
:103F2000002EF1D138F8023D2288A8F80020A8EB35
:103F300004054FF000018DF800106A1000212046A2
:103F4000FFF720FF022DEDDC03B0BDE8F0837047E2
:103F500010B584B00446FFF7ADFE0146206801F0BD
:103F60000FFF72B61023042213FB002023182058E1
:103F700059689A68DB686C460FC462B6062221460F
:103F80006846FFF759FF684604A94FF00002FFF7A3
:103F9000CDFEBDF80620BDF80410BDF80830BDF810
:103FA0000A000A4413441844800804B010BD00BF3E
:103FB000704700BF10B50446FFF7A2FD204610BDB4
:103FC000014B0360704700BF6C4C0308024B024674
:103FD0001868FFF793BA00BF1C04002008280ED809
:103FE0000F290CD810B4064C012254F8203002FAE4
:103FF00001F10B4344F820305DF8044B70477047E3
:104000004C04002008280ED80F290CD810B4064CF8
:10401000012254F8203002FA01F10B4344F8203019
:104020005DF8044B704770472804002002299ABFAE
:1040300000EB810090ED000A9FED010A704700BF80
:104040000000C07F90ED015AD1ED007AD1ED025A07
:1040500090ED027A91ED016AD0ED006A27EEC51A63
:1040600026EE470A66EEE50AA5EE250A88B0A6EE1A
:10407000261AE7EE270A08B0704700BF90ED010A44
:10408000D1ED015A90ED006AD1ED006A90ED027A0F
:10409000D1ED027A20EE250AA6EE260AA7EE270A1F
:1040A000704700BF90ED010A90ED007AD0ED027AE2
:1040B00020EE000AA7EE070AA7EEA70A704700BF86
:1040C000D0ED010AD1ED016A90ED021A91ED027A6C
:1040D00090ED000AD1ED007A70EEE60A31EE471A53
:1040E00030EE670A88B008B0704700BFD0ED010A13
:1040F00090ED021AD0ED007A60EE200A20EE011A4F
:1041000027EE800A88B008B0704700BF01481FF052
:10411000A1BA00BF7004002008B50321FFF756FFC5
:10412000BDE8084001481FF095BA00BF70040020A8
:1041300008B50A4B1B6893F8B830DB0704D408486D
:104140001FF090FA00BE08BD00210648FCF74AFFA8
:1041500003481FF087FA00BE08BD00BF1C04002002
:1041600070040020DC03002010B5034B03600446FC
:10417000FFF71EFF204610BDEC4C030810B5054BA1
:1041800003600446FFF714FF2046FFF7B9FC204602
:1041900010BD00BFEC4C030870B5054682B0214C41
:1041A0001646FFF70DFF204B20492B604FF4C072DD
:1041B0007F23C4E90012C4E90233EEB91C4B019617
:1041C0001A6C42F400621A641B6C03F400630193DE
:1041D00020464FF40073019A23611FF027FA20460E
:1041E0001FF038FA134A144B926814491164284698
:1041F00001221A6002B070BD00210D4B01911A6CB2
:10420000216142F400621A641B6C03F400630193A1
:104210002046019B1FF00AFA20461FF01BFA284691
:1042200002B070BD70040020EC4C0308002C00406C
:104230000038024000ED00E000E100E031410008FC
:10424000034B186883680BB1C3681847704700BFF9
:104250008404002030B40A4B0A4C0B4A0121D96077
:104260004FF40005E1604FF40054002155605460A4
:10427000C1631A6842F0010230BC1A60704700BF87
:10428000001400400020004000E100E00F4B104A05
:104290001B685B08A2FB0323DB0807EE903AF8EEED
:1042A000E77AB0EE407A10B587EE870A044680EDD3
:1042B000047A22F095F8074BBCEEC00A0E2284ED7A
:1042C000050A9A626269DA6210BD00BFD00100205F
:1042D0008988888800140040F0B583B000252A4BF7
:1042E0002A4A4563C563009510601A6C856042F0E8
:1042F00020021A64196C264F264A274E9FED270A82
:1043000001F0200100910421DDF800C039609168BE
:104310000195C1F81C61196C214E224F41F4807146
:1043200019641B6C204903F4807301930C23DDF89E
:1043300004C033609368C3F8F470936899630446CB
:10434000FFF7A4FF194BDFED1A7A1B685B0800EE3C
:10435000103AB8EEC00A20EE270A22F041F894F88D
:104360004030BCEEC00A65F3440386ED0B0A84F8C6
:10437000403094F84030656365F300032046A56340
:1043800084F8403003B0F0BD0038024084040020BF
:104390000014004000ED00E0A54700080050C347AE
:1043A000002000404544000841420008D0010020A0
:1043B000ACC5A7369FED0A7AC0EE077A08B5094B5F
:1043C0001B685B0800EE103AB8EEC00A20EE270A20
:1043D00022F006F8044BBCEEC00A83ED0B0A08BDC0
:1043E00000247449D00100200020004090F84030A3
:1043F00013F01E0FF0B4C3F343051FD000230124B4
:1044000000F118064FF48037426B04FA03F11142B1
:1044100011D056F82320917A11F0020F0BD011F031
:10442000010F117AD2F804C014BF04FA01F107FA9F
:1044300001F1CCF818100133AB42E5D10023F0BCF8
:1044400043637047034A044B6FF001011868116120
:10445000FFF7CCBF00200040840400202DE9F04786
:10446000876B002F56D090F8403013F01E0F824615
:10447000C3F3430643D000227C6D914600F1180C33
:1044800001254FF4803EA36A05FA02F843B35CF8B5
:104490002230396D93F8129018EA010F14BF4FF0D3
:1044A00001084FF0000819F0020F09F0010109D0CE
:1044B00093F81090D868414514BF05FA09F10EFA37
:1044C00009F1816193F8391068F3000183F839101C
:1044D00093F8391041F002014FF0010983F83910C7
:1044E0000132D3B29E4204F13804CCD80023CAF87A
:1044F0003C30B9F1000F03D04846BDE8F087C663F1
:10450000064B1B684FF00009986907F063FE4846A8
:10451000BDE8F087B9464846BDE8F0871C04002096
:104520002DE9F04F90F8403085B013F0010F984B13
:104530000293054600F0CE80029B1B68039393F81C
:10454000B8309F07C3F3400600F1DB8095F8403098
:1045500013F01E0FC3F3430700F0DF80D5E90EC050
:10456000CDE90065DCF85430324605F1180E22E042
:10457000D3E9021418EB010A49EB040B4FF0FF34A6
:104580006FF04045544575EB0B01C3E902ABC0F237
:10459000F9805EF8221091F83910009C11F0020F9A
:1045A000C1F3400118BF0C4600940132D1B28F42D2
:1045B00003F138037FD9996A0029F6D019681C697C
:1045C00011EB04085C68196B25465C6945EB04092E
:1045D0008842C3E900893DD0B8F1010F79F10001AB
:1045E000C6DA00200021C3E9000104465EF822106B
:1045F0009860DC60D86A8C7A0130A507D8620AD549
:1046000014F0010F0C7A48680CBF01254FF4803577
:1046100005FA04F4846191F83940C86A14F0010F76
:1046200014BF4FF0FF3401242044C86291F8394090
:10463000062AC4F3400400F2A080019D01206E6BA5
:1046400090403043686394B191F83900C0062BD58F
:10465000E86BA0E7DCF844108842DCF8481011D081
:104660008842B9D1D3E90645C3E90445B4E791F8D6
:1046700039400020986260F341040198C06B81F8D2
:10468000394088E7DCF84C4000250026A142C3E908
:104690000456E5D201981963C06B8142E2D0D3E998
:1046A0000889C3E9008997E7D3E90A048442DED088
:1046B0000198C06B6FE7DDE900656B6B0130E86363
:1046C00023B1344A136843F0010313607EB305B08D
:1046D000BDE8F08F1B6800F13801986907F030FDE4
:1046E0000028F4D02846FFF7B9FE95F8403060F373
:1046F000000385F8403095F84030DE073FF51CAFE9
:10470000E5E795F8403000226FF30003C5E90E227B
:1047100085F8403005B0BDE8F08FEB6B6A6B013374
:10472000EB6322B11B4A136843F001031360039A41
:1047300000239069EB6307F04DFD029B1B6805F1B8
:104740003801986907F0FCFC68B995F84030A86317
:1047500060F3000385F840300F4B4FF080525A60F1
:1047600005B0BDE8F08F2846FFF778FE95F8403099
:1047700060F3000385F84030EEE708490848072356
:1047800020F0A5FB1AF100004BF140442EE700BFDA
:104790001C0400200020004000ED00E01C4D030838
:1047A000284D0308034A044B6FF00101186811619A
:1047B000FFF7B6BE001400408404002010B490F847
:1047C0004030C3F34302541C04F00F0400EB820298
:1047D00064F3440380F84030601E91615DF8044B3F
:1047E000704700BF30B4074A074D084C0849C264FF
:1047F0000022C0E91454C0E9112230BC8165027066
:10480000704700BF0123456789ABCDEFFEDCBA9846
:1048100076543210B2B1F0B4051F8B784C780F7813
:10482000CE781B0443EA04232C4608343B43241A65
:1048300043EA0663A24245F8043F01F10401ECD8C3
:10484000F0BC7047704700BFA2B130B40B1F1C46CC
:1048500053F8045F05701D682D0A45705D888570EA
:104860000834641ADD78C570A24200F10400EED865
:1048700030BC7047704700BF2DE9F04F93B0056D15
:10488000466DD0F85880D0F84C900190402202A894
:10489000FFF7C0FF029CDF4BDF48E049E04ADFF84A
:1048A000E0B3DFF8E0A3DFF8E0E3DFF8E0C3DD4FDB
:1048B0002344994486EA08032B4083EA0803039CB7
:1048C000994405EB796985EA0603204403EA090364
:1048D00073404044049CDDF84080184409EB30509C
:1048E00085EA0903214403406B403144059CCE4EC8
:1048F000194400EBF13180EA090322440B4083EABA
:10490000090315441D44069A0D9C01EBB52581EA67
:10491000000393442B404340CB449B44079B05EB4F
:104920007B6B85EA01029A4402EA0B024A40824408
:10493000089B0B9892440BEB3A5A8BEA05029E4473
:1049400002EA0A026A408E449644099AB7490AEB81
:10495000FE3E8AEA0B03944403EA0E0383EA0B0348
:10496000AC440A9AB24D9C440EEBBC2C8EEA0A036E
:10497000174403EA0C0383EA0A035F441F44AD4B68
:104980000E9ADFF80CB303440CEB77670C989A444B
:104990008CEA0E033B4083EA0E03A0F52440534407
:1049A0004F3807EB3353864487EA0C00184080EAFF
:1049B0000C00864403EBFE3E83EA0700214400EA34
:1049C0000E0078408C4484440EEBBC2C8EEA03012C
:1049D000164401EA0C01594037440F98119C964E39
:1049E000DFF8B0A20F440CEB77678CEA0E010544A8
:1049F000394092482B4481EA0E0540441D4407EBA0
:104A00003555864487EA0C00284080EA0C00704443
:104A10008B4905EBF03085EA0703214403407B40D6
:104A20008C449C4400EBBC290399089C89EA000350
:104A30000E442B4043403744DE1909EBF666814BA8
:104A4000814F824986EA090C23440CEA000C8CEA67
:104A5000090C1D44654406EBF5550D9C85EA0603DB
:104A6000274403EA090373403844184405EBB04E69
:104A70000298079C764F8EEA0503014433406B4051
:104A8000894403EB0901734B73480EEB3131234426
:104A90001E4481EA0E032B4083EA0E03334401EBEC
:104AA000F3630C9C83EA0106204406EA0E064E409E
:104AB0000544354403EBF55C1198069C674E8CEA7F
:104AC000030507440D405D40BE44654FAE440CEB0A
:104AD000BE402744394480EA0C071F4087EA0C0790
:104AE0000F4400EB37370B9C5E4DDFF8ACE187EAF3
:104AF0000001264401EA0C0141403344CE1807EB83
:104B0000F66686EA0703454403407B40AC44059CB7
:104B1000554903EB0C05DFF884C1544B06EBF55502
:104B2000A444604485EA060C0CEA070C8CEA060CE7
:104B3000604405EBB0400A9C80EA050C21440CEA75
:104B4000060C8CEA050C0F440CEB070100EB31312D
:104B50000F9CDFF84CC181EA000723442F40049CDE
:104B600047401E44BB1901EBF363A444AC4483EA01
:104B7000010505404D40654403EBF555099C3C4F4C
:104B80003C4E85EA030C27440CEA010C8CEA030C2A
:104B90003844604405EBB04080EA0507079C1644A2
:104BA00007EA030C8CEA050C31446144A4F5B82CE7
:104BB00000EB3131ACF2BE6C0A9C2F4E4F40634487
:104BC0003B4401EB3373A64481EA00070D9C5F4030
:104BD00075443D4403EB7555264483EA010C8CEA89
:104BE000050C3044DFF8BCE0244F069C604405EB24
:104BF0003040C64485EA03064640714406EB010E88
:104C0000039900EB7E2E0F4480EA050686EA0E0625
:104C10003B4449E078A46AD756B7C7E8DB70202444
:104C2000EECEBDC1D89880692211906BBED75C8949
:104C3000937198FDAFF7448B62251EF68E4379A6DB
:104C40002108B44940B340C0515A5E26AAC7B6E90C
:104C500081E6A1D85D102FD653144402E6CDE121A0
:104C6000C8FBD3E7D60737C3ED145A4505E9E3A9D6
:104C7000D9026F678A4C2A8D22619D6D44EABEA4D9
:104C8000AF0F7CF52AC68747134630A8019546FD2D
:104C900097FF2A434F7EA86F81F67187870DD5F461
:104CA000F8A3EFFC0C38E5FD9A4F9B4933440EEB1B
:104CB000337327448EEA0006099C5E403D44354428
:104CC00003EB7559214483EA0E0C08448CEA090C65
:104CD0000C99924F924D089C844409EB3C4C0F4434
:104CE00089EA030181EA0C01BE4401EB0E070F992A
:104CF0008C480CEB77270D448CEA09062B447E4048
:104D00001E44894D029B07EB36761D4487EA0C034F
:104D10007340A94403EB0905059BDFF8489206EBB5
:104D20007555184486EA0701844469407F48804BE2
:104D3000614405EB3141204485EA060C0B9C8CEA6A
:104D4000010C07440CEB070001EB7020234481EABF
:104D5000050E1E448EEA000E764B119C764FB6442B
:104D600000EB3E7E134480EA010686EA0E061D44EF
:104D700073190EEB735327448EEA000C39448CEA06
:104D8000030C8C446D4F04996D4E099C6D4D03EBE3
:104D90003C4C0F4483EA0E0181EA0C0138440F18A1
:104DA00002990CEB772767EA03000E44B64480EAC9
:104DB0000C06764407EBB666A34466EA0C0E8EEA50
:104DC000070E5B440EEB030B06EBBB5B45446BEA43
:104DD00007037340AC4403EB0C055B48079B5B493E
:104DE000DFF884E1DFF88481DFF884C10B9C0BEBF2
:104DF0007545184465EA060383EA0B030744D8198E
:104E000005EBF02060EA0B0311446B403144194478
:104E10004F4A059B4F4F504E00EBB1611A4461EA77
:104E200005035A44434013440C9A01EBB353A2F5D3
:104E3000801BABF6833B63EA00024A405D441544A5
:104E4000039A03EB7545964465EA01025A407044A3
:104E500010440A9A05EBF020924460EA030B8BEAB7
:104E6000050B5144119A594400EBB161914461EA38
:104E7000050242404B441344089A01EBB35363EAE2
:104E8000000E9044A8448EEA01050F9A454403EBB6
:104E9000754565EA01089444844488EA0300069A4B
:104EA000604405EBF020174460EA03020F4482EAF5
:104EB000050139440D9A00EBB16161EA050716441A
:104EC0001E4487EA0003049A244F3344244E01EB26
:104ED000B353164463EA00022E4482EA01053544C6
:104EE00003EB7545019E65EA0102274438445A40A8
:104EF0000244306DF46C281800EBF220726D1544FA
:104F0000B26D21441344F164C6E91405B36513B0CE
:104F1000BDE8F08FA9CFDE4B604BBBF670BCBFBEC7
:104F2000C67E9B288530EFD4FA27A1EA051D8804A8
:104F300039D0D4D9E599DBE6F87CA21F6556ACC41C
:104F4000442229F4A72394AB39A093FCC3595B6591
:104F500092CC0C8F827E53F735F23ABD91D386EB1B
:104F6000BBD2D72AE0E62CFED15D8485144301A391
:104F7000A111084E2DE9F8430546406CD300C31833
:104F80006B64AB6CC0F3C50928BF0133C9F140079E
:104F900003EB5273BA4216468846AB6409F101002E
:104FA00006D2324641462844BDE8F84324F088B88A
:104FB0003A46284424F084F8C9F18004691C284644
:104FC000FFF75AFCA64215D34744A9F180000744D5
:104FD00039192846FFF750FC23464034A642F7D241
:104FE0009844F61A0120324641462844BDE8F84369
:104FF00024F066B8A9F140000644B8440120D0E787
:1050000030B5044683B000F14405294668460822BD
:10501000FFF71AFC626C1249C2F3C502372A94BF2B
:10502000C2F13802C2F178022046FFF7A3FF6946B9
:1050300020460822FFF79EFF04F14C0104F15C00BA
:105040001022FFF701FC40220021601C24F03AF9F5
:105050000023012263646B60227003B030BD00BF87
:105060008C010020037810B504460BB1204610BD1A
:10507000FFF7C6FF204610BD2DE9F0410B788AB03E
:1050800080461BB30D46184F5B3501AC09AE204678
:1050900015F8012F3946023426F094F8B442F6D1BF
:1050A00008F10803C8F8003001A800238DF8243067
:1050B00026F046FB01AB1A18194640464FF0000394
:1050C000FBF7F8FA40460AB0BDE8F081074A00F164
:1050D0000803036011464FF00003FBF7EBFA40466C
:1050E0000AB0BDE8F08100BF5C4D03080C4F030817
:1050F0008088401AB0FA80F040097047034610B526
:10510000044653F8080F044A22600833984201D03D
:10511000FEF7F6FC204610BD284E0308034610B5E6
:10512000044653F8080F064A22600833984201D01B
:10513000FEF7E6FC2046FEF7E3FC204610BD00BF6C
:10514000284E030870B505460C4B45F8083B04464D
:1051500082B005F108030026C4E902361046267421
:105160000191FCF7F5F90199A080284620F002F89A
:10517000204684F8206002B070BD00BF284E0308AE
:10518000F0B5A5B006460D46174603A81A4683217A
:105190001C4623F073F828B326F0D2FA24AB03445C
:1051A00013F8853C0A2B12D067B1232103A826F0FF
:1051B000C9F838B9B2680C48394625F05FFC01E0FF
:1051C000013004D0204622F09BFF0A28F8D103A822
:1051D00026F0B6FA00906A6803AB2846002120F05A
:1051E0009DF8012025B0F0BD644D0308F8B50446D4
:1051F000084616460F4626F0A3FA00236360237282
:10520000716804F10803054623600144204620F03C
:1052100013F862686FF040439B1AAB420BD32A46E7
:105220003946204620F0F8F8D6E90012204620F052
:10523000F3F82046F8BD01481FF043FE3849030843
:10524000F0B5D0E902128DB00A444FF000030446D5
:1052500002AE68460096FCF78FFEDDE900124FF0C3
:1052600000030A4406A808AF0697FCF785FE06A8C7
:10527000FCF7BCF9069BBB42054602D01846FEF778
:105280003FFC15B1012384F820300098B04201D0D2
:10529000FEF736FC94F820000DB0F0BD38B591F85B
:1052A00020300D4604465BB100F108030360D1E9EC
:1052B00002124FF000030A44FCF75EFE204638BDA0
:1052C0000846FFF7BDFF60B104F108032360D5E98C
:1052D000021220460A444FF00003FCF74DFE204620
:1052E00038BD074825F0D8FC064A04F108032360BE
:1052F000204611464FF00003FBF7DCF9204638BD8D
:10530000844D03080C4F03082DE9F04F90F820302E
:1053100091B0064689469246002B00F0828002A892
:105320004946FCF719FD0AA83146FFF7B7FF5F4968
:105330000A9823F0FDF80A9B0DF130084345054615
:1053400002D01846FEF7DCFB06AF284622F09CFD93
:1053500004466946284684BBCDE904748DF818409C
:1053600022F012FF224604A92B463046FFF708FF21
:10537000044601A92846002C5DD022F005FF3268C2
:105380000AA8D2F81CB002AB04AA3146D847DDE91E
:105390000A0B404501D0FEF7B3FBBBF1000F50D123
:1053A0000498B842D1D0FEF7ABFB284622F06CFD42
:1053B000044669462846002CCED0284622F05CFDE3
:1053C00031460AA8FFF76AFF39490A9823F0B0F876
:1053D0000A9B4345044602D01846FEF791FB21463E
:1053E0000A2023F003F92146D9F8000023F08CF9B4
:1053F0002346092201212F4823F010FD2146DAF827
:10540000000023F081F92346112201212A4823F0CC
:1054100005FD204622F030FD0124204611B0BDE8F4
:10542000F08FFFF70DFF044600287FF478AF204689
:1054300011B0BDE8F08F0498B842BED0FEF760FB13
:10544000BBE7DDE90013DAF80400D9F804205B1AA1
:105450000330043B02449A4223D80022284623F01A
:105460000BFB2946D9F8000023F04EF929462020ED
:1054700023F0BCF82946DAF8000023F045F90F487C
:105480002B460222012123F0C9FC284622F0F4FC1D
:105490000498B842C1D0FEF733FB204611B0BDE8F6
:1054A000F08F284622F0E8FC0024F1E7A44D030821
:1054B000C0470308AC4D0308B84D0308A84D0308C6
:1054C0002DE9F04F90464A4A0D4600F108094FF089
:1054D00000038DB0C0F8009011460446FBF7EAF8CF
:1054E00095F82030002B73D006A82946FFF7D6FE8A
:1054F0004049069823F01CF8069B08AEB3420746C5
:1055000001D0184638E0384622F0BEFC024600289A
:105510003AD10DF1080A3B466946284601928DF8BA
:105520000820CDF800A0FFF72BFE00284AD02A68FB
:105530004346D2F81CB006A86A462946D847069BBF
:105540002068B34227D0814533D0DDE90712C4E992
:105550000031A368A260002830D006900893002391
:10556000079303700698B04201D0FEF7C9FA63684A
:1055700043BB00985045C6D0FEF7C2FA384622F029
:1055800083FC02460028C4D0384622F075FC204631
:105590000DB0BDE8F08F079A32B1012A21D0314613
:1055A00023F08EFD079A20686260002383540698DA
:1055B000D5E7079A2360089BC4E9012308A806964B
:1055C0000646CCE700985045DED0FEF799FADBE7B7
:1055D0002846FFF735FE002886D120460DB0BDE8ED
:1055E000F08F9DF820300370079A2068DCE700BF39
:1055F0000C4F0308088B03082DE9F04F05469BB0BC
:1056000088461046BC49924622F092FF0124064685
:10561000304622F039FCA146044638BB02A904AF4B
:1056200033464A46284603948DF810400297FFF708
:10563000A7FD09F10104002800F01D812B6802A9D3
:105640009B6942462846984720B1028C4AF6E613E9
:105650009A4211D00298B842DAD0FEF751FA304699
:1056600022F012FCA14604460028D7D0304622F092
:1056700003FC1BB0BDE8F08FD0F800900DF1280BB3
:10568000CDF820B0B9F1000F00F00581484626F0B2
:1056900057F809EB000249464FF0000308A8FBF752
:1056A00009F84046FBF7D4FADDE908124FF0000391
:1056B0000A4414A80DF15809CDF85090FCF75CFC91
:1056C00014A8FBF793FF149A4A45034604D00190AF
:1056D0001046FEF715FA019B002B40F09380089BC3
:1056E0001B782F2B40F0DA8010AB0E93BAF1000F2D
:1056F00000F04281504626F023F80AEB00024FF0FA
:1057000000030EA85146FAF7D5FF4FF0FF322F21C4
:105710000EA81FF0D4FEDDE90E124FF000039042F8
:1057200094BF0A188A1814A8CDF85090FAF7C2FF4F
:10573000149B0E984B4500F0118110AA904200F086
:10574000CF80DDE91512CDE90E31109B10920028B3
:1057500000F0CB80149016930023159303701498D7
:10576000484501D0FEF7CCF9DDE90E124FF00003F9
:105770000A4414A8CDF85090FCF7FEFBDDE90812AE
:1057800014A81FF049FE14A8FBF730FF149A4A45ED
:10579000034604D001901046FEF7B2F9019B002B9E
:1057A00000F0B280DDE90E124FF000030A4414A8A5
:1057B000CDF85090FCF7E0FBDDE9081214A81FF0CB
:1057C0002BFE149B08984B4500F0BA80584500F01A
:1057D000EC80DDE91512CDE908310A9B0A92002818
:1057E00000F0E8801490169300231593037014982A
:1057F000484501D0FEF784F90E9810AB984201D0CD
:10580000FEF77EF9DDE908124FF000030A4414A800
:10581000CDF85090FCF7B0FB14A8FBF7E7FE149A04
:105820004A45034604D001901046FEF769F9019BF2
:10583000089963B3314825F021F914A9304622F0C4
:10584000A3FC2D490898324623F008F9089A4146EE
:10585000284600F0E5F828493246504623F0FEF885
:1058600014A9304623F0AAF9089858453FF4F2AE3F
:10587000FEF746F9EEE60298B8423FF4F7AEFEF7BF
:105880003FF9304622F0F8FA1BB0BDE8F08F1C4813
:1058900025F0F4F8E8E74FF0FF32FCE614A81949C8
:1058A00008AAFFF7A3FC149B08984B4500F08880DA
:1058B000584500F09380DDE91512CDE908310A9BC7
:1058C0000A92002800F08F801490169300231593FD
:1058D0000370149848453FF407AFFEF711F903E74A
:1058E000159A0E93169BCDE90F23CDF850900DF12C
:1058F0005809484630E700BF088B0308D84D030815
:10590000F44D03089049030808AA434914A8FFF777
:105910006DFC14A8FBF76AFE149A4A45034604D0AE
:1059200001901046FEF7ECF8019B08AA3BB33A49F8
:1059300014A8FFF75BFC149B08984B457FF446AF17
:10594000159A32B1012A5AD0494623F0B9FB159A6B
:105950000898099200238354149845E7159A32B1A8
:10596000012A46D0494623F0ABFB159A0E980F92B8
:10597000002383541498EFE64FF0FF32BFE6274927
:1059800014A8FFF733FC14A8FBF730FE149A4A451D
:10599000034604D001901046FEF7B2F8019B002B9D
:1059A0003FF42AAF1D4908AAC2E7159A0893169B2F
:1059B000CDE90923CDF850900DF15809484613E779
:1059C000159A32B1012A20D0494623F079FB159A65
:1059D0000898099200238354149877E7159A08933E
:1059E000169BCDE90923CDF850900DF15809484692
:1059F0006CE79DF858300370159A0E98B7E79DF83C
:105A000058300370159A0898A3E79DF85830037032
:105A1000159A0898DDE700BFCC4D0308D04D030868
:105A20002DE9F04186B00DF1080806460F461446F0
:105A3000CDF80080E2B1104625F082FE22184FF02A
:105A4000000368462146FAF735FE6846FBF7CEFDAF
:105A5000009B4345054602D01846FEF751F825B194
:105A6000224639463046FFF7C7FD06B0BDE8F08153
:105A70004FF0FF32E3E700BF30B590F8203087B039
:105A800004460D4683B121466846FFF707FC2046D1
:105A9000009A2946FFF7C4FF009802AB984201D054
:105AA000FEF72EF807B030BDFFF7CAFB0028EAD199
:105AB00007B030BD8088401AB0FA80F040097047C6
:105AC00000207047704700BF10B50446FEF718F875
:105AD000204610BD10B5064B036004460846FBF790
:105AE00037FD044A044BA080C4E90223204610BDC0
:105AF000504E030824020308D74503082DE9F0415E
:105B000006468068F568854286B020D9884602AF8F
:105B1000044614F8013B0A2B01D0AC42F9D30146EC
:105B20004FF00003224668460097FAF7C3FD33683A
:105B300042469B696946304698470098B84201D072
:105B4000FDF7DEFFF568A54201D92046E0E706B083
:105B5000BDE8F0812DE9F04F93468FB03A4A00F14D
:105B600008030E460193036011464FF000030546FB
:105B7000FAF7A0FDD6E902128A425BD90AAF0DF10D
:105B800010094FF000080C4614F8013B0A2B01D015
:105B90009442F9D34FF00003224602A8CDF80890B2
:105BA000FAF788FD32685B46D2F81CA008A802AA62
:105BB0003146D047089B2868BB4220D0019A8242D8
:105BC0002BD0DDE90912C5E90031AB68AA6048B302
:105BD00008900A93CDF8248080F800800898B84295
:105BE00001D0FDF78DFF6B680298FBB9484501D0E5
:105BF000FDF786FFF268A2421CD92146C3E7099A45
:105C000032B1012A1AD0394623F05AFA099A286883
:105C10006A6000F802800898DCE7099A2B600A9B0A
:105C2000C5E901230AA808970746D3E7484501D0EC
:105C3000FDF766FF28460FB0BDE8F08F9DF82830CD
:105C40000370099A2868E3E70C4F030810B40D4C61
:105C50002268D2060346084610D49A7C597C9142A9
:105C600007D05A74E36A013A23F4700343EA0252FC
:105C7000E262044A936843F0804393605DF8044B0A
:105C8000704700BF00200140F0B40146002242747A
:105C9000428282B001F8012B4FF0FF34184DC0F85A
:105CA000014001924C608C60CC60696C154E164FBF
:105CB00041F4807169646C6C144904F4807401943B
:105CC000019C746844F4403474606FF07844CC6094
:105CD0006FF040440C6140F201450D4C4F608D6007
:105CE000A1680C4DC1F88850A4F540640A494FF4EE
:105CF000802525608261086002B0F0BC704700BF5B
:105D0000003802400023014020010004002001402F
:105D100000ED00E0755D00088804002038B5144BE4
:105D2000D96C1A689206044607D51A68002122F039
:105D300032021A60C17400BE38BD8269C07C22B1D3
:105D40006569012383402B420DD1637C0130C0B2D1
:105D50008342E074F0D8064A1368002123F0100350
:105D60001360E17438BD89B29047E07CEDE700BF75
:105D700000200140014B1868FFF7D0BF88040020C5
:105D80000A4610B50649044610461DF081FE431C24
:105D90001BBFC0F3C3231B19FF20587810BD00BFE1
:105DA000AC990308F8B50C46064617460846224942
:105DB0001DF06EFE27B3B37C0F2B21D8431C054684
:105DC0001ED0C4F303101CF095FD04F00F0402680C
:105DD0000323640003FA04F414430460B07CC5F3A5
:105DE000C323F218411C0528B17450700AD8134A15
:105DF00000EB8005516B03FA05F50D435563F8BDC3
:105E0000FF20F8BD0B280CD90F28F8D80B4AA0F1B9
:105E10000C05D16A05EB850503FA05F52943D16226
:105E2000F8BD064A851F116B05EB850503FA05F5DC
:105E30000D431563F8BD00BFAC9903080020014075
:105E400038B5044608460C4915461DF021FE431C92
:105E50000CD0C0F3C32323445B780F2B06DC012155
:105E6000626901FA03F315B11A43626138BD22EA8F
:105E70000302626138BD00BFAC99030881617047BD
:105E80002DE9F84FD0E900976FF06048A7EB0903C0
:105E9000B8EBA30F3DD093469A1005468A469AB3B5
:105EA000B2EB420F4FEA4203A1EB090428D9DFF815
:105EB000788040461EF024FE06468044DBF8003021
:105EC0003351002C04DD22464946304623F092F936
:105ED000A7EB0A070434002F344404DD51463A4648
:105EE000204623F087F93C44B9F1000F02D0484620
:105EF000FDF706FEC5E90064C5F80880BDE8F88F27
:105F000053B998461E46D9E7A1EB09044FF004089F
:105F1000CFE704481EF0D5FF984528BF98464FEAC2
:105F20008808C6E744480308FCFFFF7F31B1F0B59D
:105F3000067885B0044616B105B0F0BD7047224B17
:105F40001B6818205F6A1EF0DBFD0546FCF7ECFCC1
:105F50001E4B1F491B681F4A02929B0BA1FB031398
:105F60009B0907EE903A039604ABF8EEE77A13E943
:105F70000300FDEEE77A05F108026C60C5ED047AD6
:105F8000019582E80300C5ED057A72B63B69B3F569
:105F90007A7F0CD3D7E9021399420FD0019B41F8C5
:105FA000043BB96062B60123237005B0F0BD4FF425
:105FB0007A7139613846FAF783FDEBE7381D01AA9B
:105FC000FFF75EFFEEE700BF1C040020D0010020B9
:105FD000D34D62104D5C00080121FDF7F7BF00BFF3
:105FE00010B504464068034B236008B121F044FF1C
:105FF000204610BD6C52030810B504464068054B9E
:10600000236008B121F038FF2046FDF779FD2046D6
:1060100010BD00BF6C52030870B545685DB10846FD
:106020000C4625F08DFB2B46024601212046BDE89B
:10603000704022F0F3BE284670BD00BF034610B585
:10604000044653F8080F064A22600833984201D0EC
:10605000FDF756FD2046FDF7ABFF204610BD00BF03
:10606000C8520308034610B5044653F8080F074A00
:1060700022600833984201D0FDF742FD2046FDF72B
:1060800097FF2046FDF73CFD204610BDC85203088F
:1060900010B50446FDF794FF22460A4B42F8083B30
:1060A000238D23F4FF73002123F0010308324FF006
:1060B000FF3023852174C4E90102E160616220465A
:1060C00010BD00BFC85203082DE9F04F2DED028B23
:1060D000D1E90132BDB009681F911A44194606463C
:1060E0004FF0000320A80DF1880ACDF880A0FBF73F
:1060F00043FFDDE920124FF000030A4407A809AF6F
:106100000797FBF739FF089B002B5BD0DDF81CB02D
:106110009BF80040242C584646D0DFF80483DFF873
:1061200004935D46204622F0B3FE002840F06581CE
:10613000472C50D04D2C4ED0542C4CD0532C4AD000
:106140004E2C00F075813B2C00F04B81A4F10A032A
:10615000DBB21E2B05D8AA4A22FA03F3DA0700F1B4
:10616000408104230022414607A81FF0BEF928B150
:10617000202C40F03C81013000F0398196F8283025
:106180004A46062131A824F0B9FF31A825F0D8FAF3
:106190000022009031AB114607A81FF0BFF8079D01
:1061A0002C78242C2846BDD1B84201D0FDF7A8FC9C
:1061B0002098504501D0FDF7A3FC3DB0BDEC028B0B
:1061C000BDE8F08F1F988F4903689B689847079830
:1061D000B842EBD1ECE77368049003F101088A49F7
:1061E0000223002207A81FF080F9451C40F0CD8053
:1061F0007268049B013243B11F98844903689B680D
:1062000098470798B842D1D1D2E79045F4D1089B7E
:106210004E2C08BFC6F80480002BF2D00023DFF814
:106220000892DFF808B2049302231A46494607A8E9
:106230001FF05BF900250FAB411CCDE90D3504467D
:106240008DF83C5000F04884DDE9071231AB9042F4
:1062500094BF0A188A180DF1CC08184608EE103AB7
:106260004FF00003CDF8C480FAF724FA319B0D9863
:10627000434500F07A840FAA904200F0B284DDE931
:106280003212CDE90D310F9B0F92002800F0AE8441
:10629000319033930023329303703198404501D0FD
:1062A000FDF72EFC089A944200F26C870799CDF80E
:1062B000C48018EE100A0A444FF000032144FAF794
:1062C000F9F9319B0798434500F05F84B84200F02C
:1062D0007C84DDE93212CDE90731099B099200285F
:1062E00000F0788431903393002332930370319817
:1062F000404501D0FDF704FC96F82930DA0704D5B3
:10630000726A1F9B9A4200F08B842C201EF0F8FBCF
:106310001F9A01230DA904460FF0DAFDDBF80000F7
:1063200094F808C090F8B8E01EF0020F00F0248145
:106330001CF0020F216804D040F2E733994200F0CC
:10634000E486334B022203F1340501E053F8042FB5
:10635000914200F011819D42F8D11EF0040F00F02F
:10636000CD861F982B4903689B6898472CB120461F
:106370000FF08CFC2046FDF7C3FB0D980FAB984245
:1063800001D0FDF7BDFB07980EE7DDE907120DF11F
:10639000CC09904294BF0A188A184FF0000331A824
:1063A000CDF8C490FAF786F9319B07984B4500F079
:1063B0009F83B84200F0F983DDE93212CDE907315D
:1063C000099B0992002800F0F58331903393002354
:1063D00032930370319848453FF40AAFFDF790FBC4
:1063E00006E71F980C4903689B68984709E71F98C0
:1063F0000A4903689B68984703E72846D4E600BF2C
:1064000009000040644F0308A44E030838520308F3
:1064100088520308F44E0308B48803084C5203085A
:10642000445203085C520308A84E03081C040020D1
:106430000490049D1F9A0DF1C40B2B4607A95846E2
:106440000FF046FD2A46214658460FF043FCFDEE6C
:10645000C07A58462A462A2117EE908A0FF03AFC55
:106460009DF8CC309B07B0EE408A03D5319B6E2B54
:1064700000F072840022AD49012307A81FF035F80F
:10648000421C41D0DDE9071228AB1D46904294BF63
:106490000A188A18059326A84FF000032695FAF7E4
:1064A00009F9269B0798AB4200F0BA84B84200F085
:1064B0000085DDE92712CDE90731099B0992002803
:1064C00000F0FC84269028930023279303702698DD
:1064D000059B984201D0FDF713FB079B1A782A2AE7
:1064E0000BD00899049D194404E0554013F8012F7E
:1064F0002A2A01D09942F8D10495BDEEC80A049A1F
:1065000010EE103AD31A04930F238949002207A8EA
:106510001FF019F8431C00F05383089B984200F2C7
:106520002686079928ADCA1801444FF0000326A813
:1065300005952695FAF7BEF8269B0798AB4200F022
:106540008484B84200F0A984DDE92712CDE907313F
:10655000099B0992002800F0A58426902893002327
:10656000279303702698059B984201D0FDF7C8FA3F
:1065700058460FF08BFB32E61CF0040FCCF380057D
:1065800009D06368352B00F0DC82012B00F0878393
:10659000032B40F2E782237A9D0740F19A82236819
:1065A000752B00F0E6833BD81E2B00F0418240F2B1
:1065B000B381702B00F02584732B40F08A821F9DDD
:1065C0002B6831A89C68F9F723FE024631A8049293
:1065D000F9F722FE5749DBF80060096896F8B860C1
:1065E00003465548A0FB01214FF0070CC6F3800677
:1065F000890CCDE9001C049A504902962846A04710
:106600001F984F4903689B6898471F984D49036836
:106610009B6898471F984C4903689B689847ACE66D
:10662000B3F5FC7F00F2E980B3F5FA7FC0F0518248
:106630006FF4FA700344032B00F2AA85DFE803F03D
:106640001D02901D41481DF0BFFD2CB120460FF0EA
:106650001DFB2046FDF754FA1F983C4A03683C494D
:106660009B6898470D980FAB984201D0FDF748FA08
:10667000089B002B7FF4D8ADC3E5DDE90D120DF1C9
:10668000C40B4FF000030A4458460DF1CC09CDF875
:10669000C49026ADFBF770FCDDE9071258461EF0EA
:1066A000BBFE28465946FBF71BFB3198484501D0F5
:1066B000FDF726FA279A002A40F00E841323009350
:1066C0002846224B11461EF029FE28AB0593DDE932
:1066D000261220681F4B204DCDF8C49040F2F516CD
:1066E000B04218BF1D460A444FF000035846FBF75E
:1066F00043FC1F9A2846594616F082FB31984845BC
:1067000001D0FDF7FDF92698059B984201D0FDF7D1
:10671000F7F92CB120460FF0B9FA2046FDF7F0F951
:106720001F980E4903689B68984726E6904E030819
:10673000944E0308D001002083DE1B43C04F0308A2
:10674000A8500308B4500308C0500308E8500308D9
:106750004C510308804E0308704E0308644F030831
:10676000A649A74821F0E4FE002800F0428421F069
:1067700083FB1F98A24A0368A2499B689847237A23
:10678000DBF8000043F00103237222460221FCF7EC
:10679000B1FD237ADA0640F1BA81DBF800301F98A8
:1067A00093F8B8305B07036848BF97499B6858BFA8
:1067B0009649984763691F98002B00F01E82036872
:1067C00022699B689249984722690023636113708C
:1067D0001F98904903689B689847DBF800000022E7
:1067E0000721FCF787FD002C3FF43CAF20460FF05B
:1067F0004DFA2046FDF784F934E7B3F57A7F40F08F
:1068000068810E9B042B40F2AA840D990DF1C40BF4
:10681000CA1858464FF0000305310DF1CC09CDF8E8
:10682000C490F9F747FFDDE9071258461EF0F4FD62
:1068300015AE844613965CF8083B6345054600F0A8
:106840001B848268139315926B6814930023C5F818
:1068500000C02B7231986B60484501D0FDF750F9AC
:106860000025139B1878FAF799FE68B3149A002A4A
:1068700000F082841399CDF8C4900A444FF00003CD
:1068800058460131F9F716FF319B13984B4500F03C
:10689000B981B04200F00F82DDE93212CDE9133147
:1068A000159B1592002800F00B823190339332959E
:1068B000057031984845D4D0FDF722F9139B18781C
:1068C000FAF76CFE0028D1D12CB120460FF0DEF98A
:1068D0002046FDF715F9149B002B40F039834E4AF2
:1068E000CDF8C49011465846F9F7E4FE1F9A4B487C
:1068F000594616F085FA3198484501D0FDF700F960
:106900001F98474903689B6898471398B0423FF423
:1069100034ADFDF7F5F830E5022B00F090801C2B2C
:1069200040F0D7802CB120460FF0B0F92046FDF79B
:10693000E7F80E9A032A40F207840D9926A80A4424
:106940004FF00003043128AD2695F9F7B3FE042378
:106950000022009326A8334B11461EF0DFFC0DF1F8
:10696000CC088446CDF8C4805CF8083B63450446F7
:1069700000F06D8331938368339363683293002210
:10698000C4F800C02272319BB0686260434500F0D9
:10699000448306F11002904200F04E83DDE932128A
:1069A000C6E9023133693261002800F04A83319030
:1069B00033930023329303703198404501D0FDF7A3
:1069C0009FF82698A84201D0FDF79AF81649B068BA
:1069D00021F0AEFD3062002800F018831F9896F871
:1069E00029300168B2688C68104943F0010386F8C9
:1069F0002930A0471F9B736234E600BF088B030851
:106A0000E850030884510308BC510308C45103082B
:106A10000C720308D85103080C4F0308C850030830
:106A2000644F0308244F03082C4F0308304F03081A
:106A3000DBF8000090F8B83059077FF5A6AE31AB0F
:106A4000A24A08EE103A4FF00103911E18EE100A08
:106A500086F828300DF198084FF0000333AD3195DA
:106A6000F9F728FE012318EE101A994A40460FF054
:106A70002FFA319833AB984201D0FDF741F8DBF89B
:106A8000000042460221FCF735FC924A19A8911EEB
:106A90004FF000031BAD1995F9F70CFE01238C4A4A
:106AA00018EE100A19A90FF013FA19981BAB9842A7
:106AB00001D0FDF725F818EE102ADBF800000221BE
:106AC000FCF718FC18EE100A0FF0E0F840460FF043
:106AD000DDF8DBF8000058E607A90DA81EF04AFB18
:106AE0007D4B089A0095294607A81EF017FC03E481
:106AF000329A3AB1012A00F0B881494622F0E0FA10
:106B0000329A079808920023835431985FE4049ADC
:106B1000002A7FF468AEDD0704D51F986F4903682B
:106B20009B6898476369002B00F008811F982269D1
:106B300003686B499B68984722690023636113705F
:106B400051E6089B002B40F0D78096F82830032BA5
:106B500000F2C6826360C16891F8342042F00802F6
:106B600081F8342086F8283015E5329A3AB1012AA6
:106B700000F08181414622F0A3FA329A0D980E92DC
:106B8000002383543198FFF785BB329A3AB1012A2A
:106B900000F07D81414622F093FA329A07980892DC
:106BA000002383543198FFF79FBB329A0793339B9E
:106BB000CDE90823CDF8C4900DF1CC09484606E490
:106BC000079A002308931370D2E4329A0793339BF9
:106BD000CDE90823CDF8C4800DF1CC084046FFF77D
:106BE00083BB329A0D93339BCDE90E23CDF8C4803D
:106BF0000DF1CC084046FFF74DBB036839499B684F
:106C00009847E5E5329A3AB1012A00F0F981494600
:106C100022F056FA329A139814928554319846E627
:106C2000DDE90D124FF00003032A94BF8A18CA1C35
:106C300031A833AD3195F9F73DFD2B4931A81EF050
:106C40009AFC319BAB42044602D01846FCF758FF31
:106C5000002C00F0B981336A002B00F036810E9AC7
:106C60006FF040439A4200F07F82204901220DA834
:106C70001EF0D2FB336ADDE90D02012122F0CEF8CD
:106C80000E9B98421F9800F0FC80036818499B688F
:106C90009847306A21F0F0F800233362E2E4049A66
:106CA000002A7FF45FAF1F98124903689B689847DA
:106CB000636804956CE4329A1393339BCDE91423F3
:106CC00033A8CDF8C4908146F1E500BF6E4F0308AC
:106CD00010040020724F03080C4F0308888003083B
:106CE000F4510308CC510308FC510308687E0308E3
:106CF00018520308B48803082CB120460EF0C6FFD2
:106D00002046FCF7FDFE2C201DF0FAFE1F9A012301
:106D100007A904460FF0DCF80021A64B089A009161
:106D200007A81EF0FBFA237A5B0740F1D98163685C
:106D3000012B00F2D581DBF800000CE7DBF8003016
:106D400093F8B830D8067BD4590779D41F989A495C
:106D500003689B68984746E51F9897490368C6F8FB
:106D600004809B68984758460EF090FF0798FFF7FD
:106D70001BBA0E9B032B40F2ED810D9931A8CA1866
:106D80000DF1CC094FF000030431CDF8C490F9F7B0
:106D900091FCDDE9071231A81EF03EFB28AB064648
:106DA0002693059356F8083BB342054600F05B81F5
:106DB0002693836828936B68279300232E602B7299
:106DC00031986B60484501D0FCF79AFE26AB002253
:106DD00044F2404143F61220FAF7FCF92CB1204668
:106DE0000EF054FF2046FCF78BFE1F987249036893
:106DF0009B6898472698059B98427FF48AADFFF7D9
:106E0000BCBADBF8000000220721FCF773FADBF8BC
:106E100000306A49586803689B689847FFF7A6BA2C
:106E2000279A3AB1012A00F03481059922F048F9F5
:106E3000279A07980892002383542698FFF744BBAB
:106E4000089B002B7FF4CFAC80E7279A3AB1012A48
:106E500000F02581059922F033F9279A07980892C6
:106E6000002383542698FFF77ABB9DF8CC3003703B
:106E7000329A079846E69DF8CC300370329A0D9806
:106E80007DE603684C499B689847FFF7EBBB9DF88C
:106E9000CC300370329A079881E6279A0793289B93
:106EA000CDE90823059B269328AB05931846FFF7E9
:106EB00056BB279A0793289BCDE90823059B269369
:106EC00028AB05931846FFF7FFBA1F983A490368A5
:106ED0009B689847FFF7C6BB002302F11401584690
:106EE000CDE931938DF8CC301EF0A6F9329A6FF0CF
:106EF00040439B1A132B40F23781314914225846E4
:106F00001EF08AFADDE9261258461EF085FA319AFB
:106F100026984A45034600F0C88028A98842059172
:106F200000F0D380DDE93201CDE92620289A2891AE
:106F3000002B00F0CF8031933392002232921A70EE
:106F4000319848453FF4C3ABFCF7DAFDFFF7BFBB10
:106F500019A813A9FAF72AFB19A926A8FBF744F8E0
:106F6000DDE91912269CCDF8C4900A444FF00003C5
:106F70005846FBF701F820461F9A594615F040FF86
:106F8000319B4B45044602D01846FCF7B9FD2CB99D
:106F90001F98269A03680B499B689847269828AB48
:106FA000984201D0FCF7ACFD19981BAB98427FF4D6
:106FB000A5ACA5E40C4F0308644F0308744F030805
:106FC00034510308D0500308306A20F055FF96F87A
:106FD0002930B268346264F3000386F82930F46023
:106FE00014701F988949036874629B689847FFF77B
:106FF00039BB1F98864903689B689847FFF7BFBB5A
:107000009DF8CC300370329A139805E61F98B26849
:10701000036880499B689847ECE4329A3AB1012AA8
:1070200000F08C80414622F04BF8329AB068F26052
:10703000002383543198BCE4329AB360339BC6E991
:107040000323CDF8C4800DF1CC084046B1E4DCF850
:107050000000DCF80410DCF80820DCF80C30C64630
:10706000AEE80F0089E430687168B268F368DDF853
:1070700014C0ACE80F009EE6DCF80000DCF8041059
:10708000DCF80820DCF80C30B646AEE80F00FFF75D
:10709000DBBB9DF8A0300370279A0798CAE69DF8DD
:1070A000A0300370279A0798D9E6329A32B1012AA4
:1070B0003ED0494622F004F8329A269827920023BF
:1070C000835428AA319B059237E73299339B269245
:1070D000CDE92713CDF8C4900DF1CC094B462CE730
:1070E0002CB120460EF0D2FD2046FCF709FD1F987A
:1070F000494903689B689847FFF73FB91F9847497C
:1071000003689B689847FFF731B901220721FCF714
:10711000F1F81F98424903689B6898471F984149B6
:1071200003689B689847002C7FF421A9FFF725B9D5
:107130009DF8CC300370329A2698BFE79DF8CC308A
:107140000370329AB06872E7134637493748042211
:107150001DF0BDFE3449354804221DF0B8FE324909
:10716000324805221DF0B3FE31481DF0AAFE02464A
:107170002D492E481DF0ABFE13462B492B4801220A
:107180001DF0A5FE13462849284822461DF09FFE03
:10719000DBF800300121986904F082FF72B6254DBA
:1071A00025492648319521F0C3F92549329031A867
:1071B000FBF79EFC3298319508B120F05DFE082067
:1071C0001DF09EFC05461F4B2B601C4824F096FAD0
:1071D000E56068602246DBF800000221FCF78AF8CF
:1071E000E06810B103685B6898472CB120460EF048
:1071F0004DFD2046FCF784FC62B61F980F4A0368D9
:1072000011499B689847FFF72DBA00BF0052030849
:10721000A45103084C4F0308104F0308084F0308FC
:10722000AC4E0308B4880308044703081C4703084E
:10723000384903086C5203082C4F0308E850030830
:10724000FC500308CC470308185103080B460246BC
:107250004968186882B06B4603C3134602EB6100AD
:10726000CA0705D54A109A58009BD35802B0184750
:10727000009B02B0184700BFD0F810011CF088BD79
:10728000A0F10400FFF7F8BF10B50446D4F81001D0
:107290001CF0DCFCD8B1D4F810011CF079FDC3B2AD
:1072A0003F2B15D0182B1AD0D4F80C210D2B2244CB
:1072B00008BF0A231372D4F80C31D4F8100101333B
:1072C000DBB2C4F80C311CF0C1FC0028E3D110BDC6
:1072D00094F8143143F0010384F81431D6E794F89C
:1072E000143143F0020384F81431CFE770B505463A
:1072F00008460C4624F024FAD5F8103101465B69A3
:1073000020460122BDE8704021F088BDA0F10400B4
:10731000FFF7ECBFD0F810011CF02EBDA0F1040067
:10732000FFF7F8BF10B5034B03600446FCF740FEBF
:10733000204610BD4453030810B50446034B44F8DF
:10734000043D2046FCF734FE204610BD445303089C
:1073500010B5054B03600446FCF72AFE2046FCF7F7
:10736000CFFB204610BD00BF4453030810B5064BA9
:1073700040F8043C041F2046FCF71AFE2046FCF7A8
:10738000BFFB204610BD00BF4453030830B590F842
:107390001431D90787B0044603D49A0719D407B02B
:1073A00030BD02681749956B09686FF3000380F8D8
:1073B00014316846FBF702FC00992046A847009864
:1073C00002AB984201D0FCF79BFB94F814319A076A
:1073D000E5D50C4D6FF341030721286884F814317B
:1073E0000022FBF787FF2B6893F8B83013F0040FE7
:1073F000236814BF044905499B6B2046984707B092
:1074000030BD00BF1C040020F852030814530308C9
:107410002DE9F0470446D0F8080190B0D4F80C11DB
:10742000034600F108029942224403F101034FF0A0
:1074300000000ED012F8011B0A290DD0B3F5807F91
:10744000ECD0D4F80C1199424FF0000003F1010385
:10745000F0D110B0BDE8F087002503A805AE1421D7
:10746000CDE903658DF814501DF0E6FED4F808212F
:10747000D4F808312244013392F80890DBB2B9F114
:107480000A0FC4F808312AD0012714E003F80A9043
:10749000039BCDF8108003F80850D4F80821D4F8E5
:1074A00008312244013392F80890DBB2B9F10A0F97
:1074B000C4F8083113D0DDE9033AB34218BF059A86
:1074C0000AF1010808BF0F229045DFD900231A46B0
:1074D0000097514603A81DF073FE039BD6E70023D7
:1074E00003A90CAD0AA8CDE90A538DF830301DF080
:1074F00041FE0A4B04341868099409AA0121FBF7DC
:10750000F9FE0A98A84201D0FCF7FAFA0398B042B3
:107510009FD0FCF7F5FA10B0BDE8F0871C040020FE
:1075200070B582B00446CDE900211E46FCF748FD47
:107530000E48002500F108034C30C4E90030C4F8BF
:107540000C516C20C4F808511DF0DAFADDE9002175
:107550002B4605461CF04AFB2846C4F8105131461C
:107560001CF070FB204602B070BD00BF3C53030806
:107570002DE9F0478C680D460646174601F10409CF
:10758000B4B1106800E014462169884235BFA26892
:10759000E26801230023002AF5D153B9884223462B
:1075A00014D823460022336032713046BDE8F0879C
:1075B0004C46EB68A3420CD020461DF03AFB016913
:1075C00002463868884223461446EAD9002BE9D09F
:1075D0001C46A1451DD03B68226993422CBF4FF049
:1075E000000A4FF0010A14201DF08AFA3B6803617B
:1075F00080464B462246504641461DF01CFB6B69B7
:10760000C6F80080013301226B6130463271BDE85B
:10761000F0874FF0010AE6E770B5044684B070B316
:107620000022184B029302AD03922B4603CBD4F8F1
:107630001031154ED863C3E90D241964DE64114678
:1076400003F1180001221AF089FE94F8143123F096
:10765000030384F8143120460021FCF7B7FC2046D0
:107660000321FCF7B3FC094B1B6859680434284616
:10767000043101AA0194FFF77BFF04B070BD02AD95
:10768000E3E700BF897200084D7200081C04002067
:1076900038B5194D296800231A460446486941F255
:1076A0009371FAF7BBFF9FED150AFBF7A3F9FBF700
:1076B000B3F92A6884ED070A00234BF66D4150693F
:1076C0001A46FAF7ABFF9FED0E0AFBF793F9FBF7AB
:1076D000A3F92A6884ED080A002342F2C3515069D5
:1076E0001A46FAF79BFF9FED070AFBF783F9FBF7B2
:1076F00093F984ED090A38BD1C040020CDCC4C3D23
:107700000000C07F0000000010B5002304460360A5
:1077100043608360C360036143618361FFF7B8FF27
:10772000204610BD2DE9F8432E4B1B689F69BC68AD
:107730003E1D2DED028B80462146304698ED098A8C
:1077400005F0A0F88146304605F0DEF828BBFB685E
:107750009C423ED1484604F099FEBB68A342B0EE7D
:10776000408A1AD02146304605F06EF8014604469C
:10777000304605F087F8B0EE480A4D46814604F0E1
:1077800051FED9ED0B0AB0EE408A284695ED0B0A62
:1077900004F070FFBB68A342E4D1BDEC028BD8EDCE
:1077A000090A99ED0B0A4846BDE8F84304F062BFA8
:1077B00004F0F0FD21463046B0EE408A05F04EF868
:1077C00004460146304605F05DF8FB68A342814659
:1077D000C0D099F85830DB074846B0EE480AB9D512
:1077E000E6E700BF1C0400202DE9F04F2DED068BCD
:1077F00085B0B44E9DF85040029434680193A4695A
:107800000746201D90460C46B0EE40AAF0EE609A66
:10781000B0EE418AF0EE618A05F028F890F8583011
:107820006FF3C303834680F85830B8F1000F00F0BF
:1078300040814FF000090397012500F1500A4F469F
:107840001AE009F01F00DAF80020012303FA00F023
:1078500022EA000281EAE170A0EBE170B9F1020FC7
:10786000CAF800204BF8290002D0002918BF0025D3
:1078700009F10109C8453BD03268B4EC010AD2686D
:10788000926852F82900F9F7D3FD01460028D8D0B4
:1078900032680090D26814ED010A926852F829000B
:1078A000F9F7C0FD09F01F000123B9F1020F00999B
:1078B00003FA00F705D89BF8582042F008028BF82D
:1078C0005820002980F2A381DBF850200029B8BF9E
:1078D00049423A43B9F1020FCBF850204BF8291036
:1078E00009F1010918BF0025C8454FF00107C3D1B0
:1078F000DBF808103B46039F002900F0AE80002B08
:1079000000F0D7809FED700A28EE800A1EF0E4FD9B
:10791000029B9BF85810BBF85A00BCEEC00A63F3F8
:10792000041110EE103A63F30B00ABF85A00D7EDD8
:10793000077A8BF85810002D00F06B8197ED089AAC
:10794000B4EE499AF1EE10FA68BFB0EE679ADBF830
:1079500000008BED0D8A59460BF1180551F8043FD4
:10796000984238BF18468D42F8D1F5EEC09AF1EE34
:1079700010FACBF81C00CBED0A9A4FF0000140F34F
:107980008A8007EE900AB8EE677A8BED09AA67EE57
:107990000A7A87EEA97A8BED087A019BD7ED098ADE
:1079A000002B75D031688869043004F0ADFF0028E1
:1079B00000F09080D7ED097ADBED0A9ACBED108AC2
:1079C000B1EE488A38EE088A29EEC80AA7EEA70A5F
:1079D000B5EE400AF1EE10FAB1EEC08A00F10C816A
:1079E0009BF85810019A21F00301DBED097AF4EEBF
:1079F000488AF1EE10FAF4EEC87AC8BFF0EE488A71
:107A0000F1EE10FA94BF032301230B43CBED0B8A55
:107A10008BF85830002A43D0116853689068D468B6
:107A2000FC6039607B60B860116953699069B86126
:107A300039617B613846FFF775FE9BF85830316835
:107A400043F0040388698BF8583004F08BFA012066
:107A500005B0BDEC068BBDE8F08F53B39FED1A0A5D
:107A600028EE800A1EF038FD029B9BF85810BBF8E8
:107A70005A00BCEEC00A63F3041110EE103A63F32F
:107A80000B00ABF85A0097ED079A8BF858105EE799
:107A9000F0EE687A92E7CBF82410CBF820107CE760
:107AA000019B3B607B60BB60FB603B617B61BB61BA
:107AB000C0E7584604F0FAFB012005B0BDEC068B88
:107AC000BDE8F08F1C0400200000004572F97F3FE4
:107AD00072F97FBF31688C69A1680434204604F0D4
:107AE000BDFE0146204604F0CDFEB5EEC09AF1EE93
:107AF00010FA7FF75FAF90F858109BF8584061403C
:107B00000A073FF557AF90ED096AB5EEC06AF1EE8E
:107B100010FA7FF74FAF019AD7ED014AD2ED017A03
:107B200097ED005AD2ED005AD7ED026A92ED027A33
:107B300067EEE47AB8F1030FE5EE657A1346E6EEF8
:107B4000C77A0DD907EB890307F10C0102F10C0488
:107B5000F1EC016AB4EC017A8B42E6EEC77AF7D118
:107B60001FED267AF4EEC77AF1EE10FA3FF622AF57
:107B7000DBED098A1FED2A7AB4EEE86AF1EE10FA1D
:107B8000F4EEC77AD8BFF0EE468AF1EE10FAFFF6AF
:107B900011AFB7EE000A70EE677AB6EE000A27EE74
:107BA000800AB5EE400AF1EE10FAF1EEC09A29D43F
:107BB00090ED0D7ADBED0D7AF4EEC77AF1EE10FA66
:107BC00058BFF0EE477A69EE277AB7EE007A67EE93
:107BD000A97A37EE697A87EE870AB5EE400AF1EEA8
:107BE00010FAB1EEC09A0AD4F4EE498AF1EE10FA16
:107BF000C8BFF0EE498ADDE61EF0C0FDF0E61EF0DB
:107C0000BDFDF1E700901EF0B9FD0098D0E7012717
:107C100019E6B0EE679A9AE6002070470020704798
:107C200070B50446D0F8E000154B236080B1D4F85D
:107C30000461D4F8F4500436B54207D255F8040B69
:107C4000FBF75EFFAE42F9D8D4F8E000FBF758FF2F
:107C5000E36A23B104F12401084603229847E3694B
:107C600023B104F11401084603229847A06808B123
:107C7000FBF746FF2046FCF79BF9204670BD00BF8E
:107C80006C59030870B50446D0F8E000164B236029
:107C900080B1D4F80461D4F8F4500436B54207D268
:107CA00055F8040BFBF72CFFAE42F9D8D4F8E000EE
:107CB000FBF726FFE36A23B104F1240108460322FF
:107CC0009847E36923B104F1140108460322984759
:107CD000A06808B1FBF714FF2046FCF769F92046BD
:107CE000FBF70EFF204670BD6C5903082DE9F041EB
:107CF00004460025FCF764F9604B236029466C229A
:107D0000C4E902552561E561E56204F1380021F01E
:107D1000D9FA00260823C4F8E430C4E93A55C4E986
:107D20003C55C4E93E55C4E9405584F8A45084F854
:107D3000D050C4F8E050C4F8C460C4F8C860C4F8B7
:107D4000CC60C4F8D460C4F8D860C4F8DC602020EB
:107D50001CF0D6FED4F8E430C4F8E0000746013B3E
:107D60004FF4FC704FEA53081CF0CAFEA18E94F841
:107D70003620C4F8085140F6F8730B4043F48043B2
:107D8000022147F8280043F0060307EB880761F358
:107D90000102C4F8EC00C4F8FC00C4F8E800C4F820
:107DA000F8003749C4F8F47000F5FC70C4F80471A9
:107DB000C4F8F000C4F80001C4F80C51C4F8105124
:107DC000C4F81451C4F81851C4F81C51C4F8205117
:107DD000C4F82451C4F82851C4F82C51C4F83051C7
:107DE000C4F83451C4F83851C4F83C516560C4F843
:107DF000CC60C4F8C860C4F8C460A38684F8362098
:107E0000C4F85811E36933B104F1140108460322A0
:107E10009847C4E90755E36A3BB104F124010846D9
:107E2000032298470023C4E90B33002204F14403E2
:107E300004F1B00143F8042C43F8082C43F80C2C4F
:107E40000C338B42F6D194F83420002322F0380210
:107E5000C4F8A830C4F8AC30C4F8B030C4F8B430BA
:107E6000C4F8B830C4F8BC30C4F8C03084F89C31D1
:107E700084F834202046BDE8F08100BF6C59030827
:107E8000000070422DE9F04F2DED028BD0F800314B
:107E9000D0F8F82090F83450D0ED508A90F8A480B3
:107EA00090ED518A0C3B9A42C5F30007C5F380065A
:107EB00083B00446C5F3400511D002F10C0382F8EB
:107EC000008057709670D570C2ED018A82ED028AEB
:107ED000C0F8F83003B0BDEC028BBDE8F08FD0F8ED
:107EE00004B1D0F8F410D0F8FC30DFF864A1ABEBAB
:107EF00001094FEAA90CD31A4FF02A0E0CF1FF30FA
:107F00000EFB00F0D4F8E8204FEAA30ED4F8F030CE
:107F10009A1A0AFB0E004C4B92100AFB0200984280
:107F200000F08D80D4E93830ABEB0302A0EBA20265
:107F3000012A21D94FF4FC701CF0E2FDD4F8042191
:107F4000CBF804005168D4F8F830043201F5FC7025
:107F500083F800805F709E70DD70C3ED018A83ED51
:107F6000028AC4E93E11C4F80421C4F8000103B038
:107F7000BDEC028BBDE8F08F0CF10202B0EB420FBA
:107F80003ED800F1020A01282CBF82440AF1010AFE
:107F9000BAF1005F56D24FEA8A0001921CF0B0FDA0
:107FA000019AD4F80431D4F8F410AAEB020C1A1D8B
:107FB0004FEA5C0C9142834600EB8C0304D01846D8
:107FC000521A21F017F90346D4F8E0000193FBF7A9
:107FD00097FDC4E938BA019B1A68C4F8EC2002F591
:107FE000FC72C4F8F02053F80920C4F8F43003EB15
:107FF000090B02F5FC73C4E93F23C4F804B199E707
:10800000821A520803EB8203994209D90BF1040248
:108010009142E1D01846521A21F0ECF80346DBE712
:108020000BF1040B5945D7D0ABEB010209F1040069
:10803000801A1844019321F0DDF8019BCCE7034836
:108040001CF03FFF1CF037FFAAAAAA0AA45303089A
:10805000ABAAAAAA2DE9F0470446D0F8F800D4F854
:10806000E830834226D0D4F8FC30984224D0A0F1E6
:108070000C0310F80C6C10F80B5C10F80A8C10F85C
:1080800009AC50F8087C50F8049CC4F8F83094F817
:108090003430C4F8449145EA4A0545EA880505F0BC
:1080A000070523F007031D43C4F8407184F8A4605A
:1080B00084F83450BDE8F087D4F8043153F8043C18
:1080C00093F8EC6193F8ED5193F8EE8193F8EFA1FA
:1080D000D3F8F071D3F8F491FBF712FDD4F8042132
:1080E00052F8043CC4F8FC3003F5FC71043A03F583
:1080F000F673C4E94012C4F8F830C8E7D0E90103C8
:1081000030B5D3E900549B68D5ED0B6A94ED0B7A3A
:10811000D3ED0B7A94ED085A93ED086AD5ED084A31
:108120000468F8EEE77AF8EEE66AB8EEC77AC6EECB
:10813000A45A89B00023E4680A46CDE90433CDE9A6
:10814000063301A9C7EE056A87EE867ACDED015A9E
:10815000CDED026A8DED037AA04709B030BD00BFB6
:108160002DE9F04F2DED048B9DB0924607930D46FF
:108170000446002940F0948090F8A430D0ED427A73
:10818000D0ED438A90ED448AD0ED2A4A90ED2B5AE7
:10819000D0ED2C5A90F8341090ED336AD0ED326A5D
:1081A00090ED317A03EB430200F1380303EB8203D5
:1081B00093ED023AD3ED013A93ED004A77EEC37A9C
:1081C00078EEE38A38EE448A77EEA47A78EE858AF0
:1081D00038EE258AC80777EEC67A78EEE68A38EE5A
:1081E000478A00F1838017EE900A1DF07BFB06465C
:1081F00018EE900A0F461DF075FB8046894618EE72
:10820000100A1DF06FFB0DF1300BCDE90401CDE933
:108210000289CDE90067C94A5846402122F06EFF25
:10822000DAF8041040286FF040430246A3EB010344
:1082300028BF40229342C0F0C481594650461DF0E9
:10824000EBF894F89C31032B25D9A5F102095FFACC
:1082500089F9CDF81890DFF8FC82DDF81C9004F164
:10826000B4070326B9F1000F06D0A26852F8262001
:1082700092F83920120709D4002D4CD0042D71D06A
:10828000012D00F08980069A012A71D90136B34286
:1082900007F10407E6DC1DB0BDEC048BBDE8F08FF0
:1082A000042900F08C80052900F0AA8009A9FFF7B5
:1082B00025FFE369002B00F0A080012309AA0DF13E
:1082C000300B0C928DF823305946236A0DF12302AE
:1082D00004F114009847012D00F0B080022D00F049
:1082E0001481032D00F038810022A6E79FED949AB7
:1082F000C7EE897A88EE098A17EE900A1DF0F2FA25
:10830000C8EE897A06460F4617EE900A1DF0EAFA83
:108310008046894673E797ED187AD7ED007A77EEB5
:10832000277A17EE900A1DF0DDFA06F13E03CDE93B
:10833000000142464021584622F0E0FEDAF80410DF
:1083400040286FF040430246A3EB010328BF4022C0
:108350009342C0F03681594650461DF05DF894F8BE
:108360009C3193E7386E1DF0BDFA06F13E03DEE75F
:10837000A36853F82630D3ED0B7A93ED087AF8EE24
:10838000E77A06F13E03C7EE877A079317EE900A65
:108390001DF0A8FA079BCAE7A36897ED007A53F887
:1083A0002630D3ED0B7A93ED086AF8EEE77A06F102
:1083B0003E03C7EE866A079376EE877AE6E7D0F843
:1083C00010011DF08FFA02460B46D4F80C01CDE9DE
:1083D00004231DF087FA02460B46D4F80801CDE9C4
:1083E00002231DF07FFA0DF1300BCDE90001554A53
:1083F0005846402122F082FE12E70DF1300B6AE769
:10840000D0F82C011DF06EFA02460B46D4F8280174
:10841000CDE904231DF066FA02460B46D4F8240188
:10842000CDE902231DF05EFA0DF1300BCDE900011C
:10843000454A5846402122F061FEF1E694F8A43006
:108440009DED097ADDED0A7A9DED0B8AD4ED2A4A7D
:1084500094ED2B5AD4ED2C5A94F8341094ED336AE1
:10846000D4ED328AD4ED316A03EB430204F13803D0
:1084700003EB820393ED023AD3ED013A93ED004A08
:1084800037EE437A77EEE37A38EE448A37EE247A91
:1084900077EE857A38EE258AC90737EE467A77EE89
:1084A000E88A38EE668A1BD417EE100A1DF01AFA15
:1084B000064618EE900A0F461DF014FA80468946CB
:1084C00018EE100A1DF00EFACDE90289CDE904017B
:1084D000CDE900671D4A4021584622F00FFE9FE675
:1084E0009FED179AC7EE097A88EE098A17EE900A6F
:1084F0001DF0F8F9C8EE897A06460F4617EE900A85
:108500001DF0F0F980468946DAE70B981DF0EAF98C
:1085100002460B460A98CDE904231DF0E3F9024612
:108520000B460998CDE902231DF0DCF9084ACDE994
:1085300000014021584622F0E1FD71E6D4530308C2
:108540003333CB41F05303080C5403082C54030875
:108550004C5403088C540308A368D3E900689B6853
:10856000F76A98ED0B8AD3ED0B7A93ED087AF8EE63
:10857000E77AB8EEC88AC7EE877A17EE900A1DF040
:10858000B1F9CDE90401D8ED087AC8EE277A17EEE3
:10859000900A1DF0A7F9CDE9020107EE907A96ED59
:1085A000087AF8EEE77AC7EE877A17EE900A1DF0A0
:1085B00099F9054ACDE900014021584622F09EFD77
:1085C0002EE602481CF07DFC6C5403083849030871
:1085D00091F8A430D1ED2A3A91ED2B4AD1ED2C4AF5
:1085E00091ED335AD1ED325A91ED316AD2ED026AF2
:1085F000D2ED017A92ED007A03EB4303383101EBBF
:10860000830191ED022AD1ED012A91ED003A76EE37
:10861000C26A77EEE27A37EE437A76EEA36A77EEB5
:10862000847A37EE247A76EEC56A77EEE57A37EE0D
:10863000467AC0ED026A80ED007AC0ED017A70479B
:1086400090F89C21002A47D02DE9F0432DED028BB4
:10865000DFF88890DFF8888085B006460024B3688C
:1086600053F8245095F839301B072DD4D9F80070F1
:1086700095ED080A95ED098AD7ED127A20EE088A61
:10868000F8EE677AF4EEC87AF1EE10FA1CD587EEB0
:10869000800A1DF0A5FE85ED090A10EE100A1DF0F6
:1086A00021F97D6802460B4618EE100A2F68CDE9C5
:1086B00002231DF017F9CDE900012246BB682846C8
:1086C0004146984796F89C210134A242C7D805B08C
:1086D000BDEC028BBDE8F083704700BF1C04002096
:1086E0009854030870B5C36980ED420A88B0044607
:1086F00080ED490AC0ED430AC0ED4A0A80ED441AF4
:1087000080ED4B1AFBB100F58472012301AE01929A
:108710008DF803303146036A0DF103021430984797
:108720006068036832469B6804F59271984700259B
:10873000A368B6EC010A58590435F8F75DFE0C2D14
:10874000F6D108B070BD01AEEAE700BF00EB8102D0
:108750000229034682ED490A0BDD90F89C0188420C
:1087600000DC704782ED420A9B6853F82100F8F75D
:1087700043BE90ED4B1AD0ED4A0A90ED490AFFF73F
:10878000B1BF00BF2DE9F0432DED028B044690F8F8
:108790009C018BB0002800F08780A36803AE043BE7
:1087A00003EB8000314653F8042FD2ED0B7AD2ED63
:1087B000086AF8EEE77A834287EEA67AA1EC017A9E
:1087C000F1D16068036804F59275DB682A4631468A
:1087D00098472A686B68A968E868C4F81401C4F867
:1087E0000821C4F80C31C4F81011E0696B692A69DA
:1087F000A969C4F82011C4F81C31C4F8182104F583
:10880000847350B1012202938DF80720236A0DF181
:10881000070202A904F1140098476068036829461A
:108820009B68324698470025A368B6EC010A585960
:108830000435F8F7E1FD0C2DF6D194F89C31032BAB
:108840002AD906AF04F58A76032504F12408A36823
:10885000B7EC018A53F8253093F8392012074FEA14
:1088600085091ED5E26A4046DAB1236B9847F0EEDF
:10887000407A88EE278AA36853F8093017ED010A79
:1088800086ED078A1846A6EC018AF8F7B5FD94F83C
:108890009C310135AB42DADC0BB0BDEC028BBDE89C
:1088A000F083B0EE480AEBE703AE8AE7F8B56FF065
:1088B00003070C46064601F10C057F1AB4EC010AC9
:1088C000B4EE400AF1EE10FA04D6B3682344D85946
:1088D000F8F792FDAC42F1D13046BDE8F840FFF721
:1088E00051BF00BF8B684A680968C0F8CC10C0F857
:1088F000C820C0F8C4307047074BD0ED507A1B68D1
:1089000090ED510A9B6893F82830013B022B88BFF9
:10891000B0EE670A704700BF1C040020022901D98D
:108920000020704710B582B00C460DF10303002201
:1089300044F68A514FF44C40F8F722FC10B19DF8F0
:10894000032012B1002002B010BD01AB48F21501A6
:108950004FF44C40F8F714FC0028F4D002AB1C4450
:1089600014F8040C02B010BD2DE9F04F2DED048B6E
:1089700097B090F89C219200D31D03F4FF6302AFDF
:10898000ADEB030D044602A8ADEB030D0DF1080994
:1089900078614846B0EE408A20F092FBE3695BB113
:1089A00000233B76C7F83490236A07F1180207F1D9
:1089B000340104F11400984794F8353058072DD548
:1089C00004F5C275C8460026F1B22046FFF7A6FF9F
:1089D000E8B1D5ED007AF4EE677AF1EE10FA07D639
:1089E00098ED007AF4EEC77AF1EE10FA00F31582F2
:1089F000D5ED037AF4EE677AF1EE10FA07D698ED2A
:108A0000007AF4EEC77AF1EE10FA00F10682013630
:108A1000032E05F1040508F10408D5D194F89C1142
:108A2000002900F0C08004F592731A4694467A69D2
:108A30007B609FEDB00A00231E469B4648461546C4
:108A4000F0EC017ABCEC017A77EEC77AF5EE407A69
:108A5000F1EE10FAE2EC017A06D0022B9ABFA7EEF3
:108A6000A70A4FF0010B012601339942E8D1BBF16F
:108A7000000F00F0A180B5EE400AF1EE10FAF1EE21
:108A8000C08A00F10A82DFED9D7AF4EEE78AF1EE0A
:108A900010FA00F1A38194ED5D7AB5EEC07AF1EEA3
:108AA00010FA11DD7B69D3ED006AC6EEA87A67EE95
:108AB000887AF0EEE77AB4EEE77AF1EE10FA44BF86
:108AC000C7EE276A28EE268A94ED5E7AB5EEC07A64
:108AD000F1EE10FA11DD7B69D3ED016AC6EEA87ADA
:108AE00067EE887AF0EEE77AB4EEE77AF1EE10FA04
:108AF00044BFC7EE276A28EE268AD4ED607AF5EEE9
:108B0000C07AF1EE10FA06DDF4EE487AF1EE10FAD2
:108B100048BFB0EE678A94F834309E0640F14A812F
:108B200094F89C11D9F80420D9F80830D9F800003D
:108B3000BA63FB6378630A460B4603294FF0000BC8
:108B400040F2A980A068C7F810B047E094ED579AAA
:108B5000694D286806E0FAF7CDFB286890F8B83030
:108B6000990720D490F8B8301E0722464FF0030131
:108B7000F1D494F835300069D4ED581A94F89C215A
:108B8000C3F340030093B0EE491AF0EE680AB0EE6A
:108B9000480A07F1180307F13401FEF725FE804665
:108BA000002840F013814FF0000840465437BD467E
:108BB000BDEC048BBDE8F08F002EF4D0A068DFED93
:108BC0004D8A02688368566B42685B6B526BBA636E
:108BD00003297E63FB63E6D901233B61FD603D69A8
:108BE0009FED449A04F12402034607F1400809F17D
:108BF0000C0A03268C46104675B39AED000A53F80A
:108C0000262088ED000A92F839301B074FEA8601CA
:108C100011D5E36A7BB1236B3960B8609847D8ED12
:108C2000007AA368396894F89CC1B8685A5820EE55
:108C3000270A88ED000AD2ED0D7A30EE670AA0EE21
:108C4000009A0136B44508F104080AF1040A6346A3
:108C50001CD9A368002DD0D153F82630DAF80010C3
:108C6000C8F8001093F839301A07EAD5E36A002BE8
:108C7000E7D0236BB8609847D8ED007A94F89CC190
:108C8000B86827EE800A88ED000ADAE7D7E90351D1
:108C9000624600297BD1002A3FF458AF9FED150AA8
:108CA00078690021F0EC017A01319142A7EEA70A20
:108CB000F8D3B5EE400AF1EE10FAB1EEC09A00F129
:108CC000E780002B3FF442AF7A6907F1180102EB0D
:108CD00083029B00B5EC017AC7EE097AAA42E1EC67
:108CE000017AF7D1A16894ED579A0B4407F134004B
:108CF0005E461DE0000000001C040020ACC52737C4
:108D0000BBF1000F18BFB0EE678AD2ED0A7AF4EE1D
:108D1000677AF1EE10FA32D627EE277AB4EEC79AC8
:108D2000F1EE10FA2EDC6EBBB3468B423FF410AF6F
:108D300051F8042BF0EC017A92ED0D7A77EEC77AB8
:108D4000F5EE407AF1EE10FAEFD092F839506D0757
:108D5000EBD5F0EEE77A88EEA77AD2ED097A67EEE6
:108D6000277AB4EEE78AF1EE10FAC9DDB0EE678A31
:108D7000D2ED0A7AF4EE677AF1EE10FACCD74FF022
:108D8000000BD2E70026B0EE479AB346CDE7B5EE2A
:108D9000409AF1EE10FAF1EEC98A74D45FED297AA7
:108DA000F4EEE78AF1EE10FA3FF5FDAE94F89C215F
:108DB000134670E76068036807F134029B68494610
:108DC000984794F89C110A460B46B6E694F89C2105
:108DD00078684946920020F073F9E6E6002E3FF4E9
:108DE000E2AE94F89C1103294AD97B69A06803F18B
:108DF0000C0C0322FCEC017AF5EE407AF1EE10FA4D
:108E000006D050F8223093F839301B073FF5CBAE2F
:108E100001329142EED1B346D3E694F83530204D7D
:108E2000C3F3C00813F0080F2B6893F8B8205868F4
:108E300016D0036851074CBF1A491B499B689847D5
:108E40002B681A495868036806F158029B689847CE
:108E5000286800220721FAF74DFA4FF00008A4E62F
:108E6000036852074CBF0F490F499B6898472B680E
:108E70000F495868036806F158029B68984794E6C2
:108E8000A068B3469DE6B0EE490A1DF077FC85E781
:108E90001DF074FC94F89C3113E71DF06FFCF2E5B3
:108EA0001C040020BC510308C4510308FC540308EF
:108EB0003C5503082DE9F843234B1B682DED028B2D
:108EC00093F8B8309B0700AF2FD4B5EEC00AF1EE8F
:108ED00010FAB0EE408A28D9144690F89C219200EE
:108EE000D31D03F4FF63ADEB030D00F58476E84674
:108EF000054689464046314620F0E2F86CB14946C5
:108F000008EB84024346D3ED007AB1EC017A77EEA8
:108F1000877AE3EC017A9342F5D1B0EE480A4146F4
:108F20002846FFF721FD044630B900242046BD46FF
:108F3000BDEC028BBDE8F88395F89C214146920078
:108F4000304620F0BDF8F1E71C0400202DE9F04F79
:108F50002DED0E8B85B090ED517AD0ED567AC7EE9F
:108F6000278A02AF044697F868507A60F5EEC08A07
:108F7000F1EE10FA40F25181984690F8353090F8B1
:108F80003620C3F3011108EB81069B0996ED009A88
:108F90007E6808EB8300D0ED009A04EB810006EBBD
:108FA000810102F00302D0ED59CAD1ED007A06EB3F
:108FB000820C04EB820292ED597A9CED00DAF4EE19
:108FC00067CA04EB8302F1EE10FA06EB83033DEE71
:108FD00047DA92ED59CA93ED007AB0EE40AAF1EE6D
:108FE00049BAB1EE698A40F0F080B4EE47CAF1EEBA
:108FF00010FA40F0EA80DFEDC0AA9FEDC00A002D14
:1090000008BFF0EE40AA2AEE8A0AF0EE4D0A1BF0E5
:109010008AFDDFEDBB7AB4EEE70AF1EE10FAB0EEAE
:1090200040BA00F1198194ED540AD4ED53DAB5EE4B
:10903000C00AF1EE10FA07DD3AEE0AAAB4EECA0A47
:10904000F1EE10FA00F11981DFEDAE7AF4EE67DA95
:10905000F1EE10FAB6EE00EA48BFF0EE4EDA8BEE13
:109060002D0A1DF0BDF9BCEEC00A10EE103A9BB2FD
:10907000012B3B6040F2198107EE903AF8EEE77A57
:1090800094F89C21DFF888B28AEEA7AA9200D31D3B
:1090900003F4FF636946ADEB030D02AD28464FF0C4
:1090A000000AD14601260DEE901A04F584718DEE6A
:1090B00027BA20F005F894F8362002F0030204EBFA
:1090C000820105EB8202D1F8081111602EEE4AEA06
:1090D000F7EE00AAEEEE0AAA3CEE899A7CEE299AF7
:1090E0003AE06AEE887A28EE4A7AEAEE2B7A94F829
:1090F0003530AAEEAB7AC3F301129B094FFA80FA1E
:10910000B0EE678AF0EE47BA90009B0094F83620E4
:109110003BEE897A78EE297A2B44284402F0030248
:1091200080ED007A05EB8202C3ED007AD2ED007A81
:1091300077EE8B7AB0EE680AC2ED007A29462046B7
:10914000FFF712FC01363A68B3B2B9F1000F08BF5D
:109150008146934280F0BB80DBF8003093F8B83052
:1091600013F0020FC3F340020AF1010040F0B38094
:10917000D4F870319A45B4DB07EE906AB8EEE78A0E
:10918000924628EE0A8AB0EE480A1DF0D9F8B0EEF1
:1091900040CAB0EE480A1DF0CFF994F83520930983
:1091A00008EB830090ED008AC2F3011208EB820005
:1091B000D0ED007A68EE00BA2CEE488AE7EECCBA21
:1091C0009B009000A7EEC08AA0E777EEEC7A37EE1E
:1091D0004C7A77EEC97A37EE697A27EEC80A68EEDC
:1091E000070AABEE870AEBEEA70A1DF0EFF994F839
:1091F000363003F00303012B08BF85F00105F0EEC4
:1092000040AAB5EEC00A85B3F1EE10FA7FF7FBAEC7
:10921000DFED3A7A70EE67AAF5E6087A3A4D4A69C8
:109220003A4BF5EE408AF1EE10FA0CBF13240D24F0
:1092300040F01000087208BF2B46009401F11000A6
:1092400000211CF06BF84FF0000948460C37BD4672
:10925000BDEC0E8BBDE8F08F4FF0000948460C378F
:10926000BD46BDEC0E8BBDE8F08FF1EE10FA44BFA9
:10927000DFED227A70EE27AAC5E63AEE40AA2AEE82
:10928000000AB5EE400AF1EE10FAB1EEC0EA58BF9E
:10929000F0EE6D7A2BD43EEE0EEAB4EE67EAF1EE14
:1092A00010FAC8BFF0EE4EDACEE64FF0000979684A
:1092B0002046B0EE680AFFF757FB002818BF81462A
:1092C00048460C37BD46BDEC0E8BBDE8F08F1DEE59
:1092D000903A9D46EBE71DEE903A4FF00009484664
:1092E0009D460C37BD46BDEC0E8BBDE8F08F1DF0E2
:1092F00045FAD4ED537ACEE7DB0FC9C0DB0FC94086
:10930000BD37863517B7D138705503088455030823
:109310001C040020F0B590F8354083B01546A20932
:10932000C4F3011405EB82029DF82070D2ED000A0F
:10933000019105EB840494ED000A00930646A7F121
:1093400003071BF0F0FBDDE90021B7FA87F77F097F
:109350002B463046089703B0BDE8F040FFF7F6BD56
:109360002DE9F04F2DED048BB5EEC00A87B0F1EE7C
:1093700010FAB0EE408A02AF0E4662D9D2ED017A01
:1093800090ED435AD2ED006AD0ED425A92ED027A46
:1093900090ED446A77EEC57A76EEE56A67EEA77AD5
:1093A00037EE467AE6EEA67A04461546E7EE077AE9
:1093B000F5EE407AF1EE10FAF1EEE78A00F10C8159
:1093C000DFED8A7AF4EEE78AF1EE10FA57D4F4EE84
:1093D000600AF1EE10FA02D6337A58075DD494F899
:1093E0003430D90616D45A0640F1E280D4ED557ACD
:1093F000B7EE009AF4EEC97AF1EE10FA66DD88EE67
:10940000880A20EE270A1CF057FFB4EEC90AF1EED5
:1094100010FA66DC0026B0EE480A29462046FFF71F
:10942000A3FA94F83430002818BF06466FF3C3033C
:109430003046143784F83430BD46BDEC048BBDE8AB
:10944000F08F097A6A4C72696A4BB5EE400AF1EE08
:1094500010FA0CBF13200D2041F01001317208BF2B
:1094600023460090002106F110001BF057FF002654
:1094700030461437BD46BDEC048BBDE8F08FB0EE2E
:10948000480A29462046FFF76FFA06463046143749
:10949000BD46BDEC048BBDE8F08F7368012B9ED1F7
:1094A000C8EE287A07F1080300224EF289014AF635
:1094B0007650C7ED020AC7ED037AF7F78BFE002856
:1094C0008DD0D7ED037A28EE278A88E794ED520AEB
:1094D000B5EE400AF1EE10FA9CD088EE800A1CF03E
:1094E000EBFEBCEEC00A10EE103A1FFA83F9B9F198
:1094F000010F8FD994F89C814FEA8806F31D03F47D
:10950000FF636A46ADEB030D08EE902A02AAADEBAD
:10951000030D0DF1080A04F5847B7A60504632464B
:1095200059461FF0CDFDB8F1000F13D007EE909A09
:109530007868F8EEE76A59462E442A46F2EC017A3A
:10954000B1EC017A77EEC77A964287EEA67AA0EC64
:10955000017AF3D1DFF8A0B000264FF00108DBF864
:10956000001091F8B8108B0731D494F89C1171B1A8
:109570000423786813FB01AC5146D1ED007AB0ECBE
:10958000017A77EE877AE1EC017A6145F5D1B0EEA8
:10959000480A51462046FFF7E7F908F10108002E76
:1095A00008BF0646C845DAD118EE903A9D4632E724
:1095B000582130460CF07AFB00287FF417AF304674
:1095C00059210CF073FB00287FF410AF22E718EE4E
:1095D000903A00269D464BE7B0EE670AC7ED010AB8
:1095E0001DF0CCF8D7ED010AEAE600BFACC527377D
:1095F00070550308845503081C0400202DE9F04F22
:109600002DED028BE14B9FEDE38A8DB005460E46B2
:1096100092460FCB02AF07F1180888E80F0000242C
:1096200004F15801C9B2304679600CF03FFB79680B
:10963000002840F0FF800134032CF1D10023C7E95A
:1096400003339FEDD48A7B614FF049095FFA89F1BA
:10965000304679600CF02AFB7968002840F0D7800A
:1096600009F10109B9F14C0FF0D195F89C21920054
:10967000D31D03F4FF63ADEB030D0DF1080905F5F0
:10968000847B484659461FF01BFD95F834301A0775
:1096900000F1DF809B0740F16181D7ED067AF4EE9F
:1096A000677AF1EE10FA13D695F8A430D5ED2A6A50
:1096B00095ED337A03EB430305EB830393ED106AD7
:1096C00077EE867A77EEE67A77EE877AC9ED007ADA
:1096D000D7ED077AF4EE677AF1EE10FA13D695F823
:1096E000A430D5ED2B6A95ED327A03EB430305EBFD
:1096F000830393ED0F6A77EE867A77EEE67A77EE5C
:10970000877AC9ED017AD7ED087AF4EE677AF1EE3F
:1097100010FA80F1B98095F8A430D5ED2C6A95ED5A
:10972000317A03EB430305EB830393ED0E6A77EE87
:10973000867A452177EEE67A304677EE877AC9ED6C
:10974000027A0CF0B3FA002840F0A5809FED908AD1
:1097500095F89C31032B13D905F1B40804F13E01AF
:10976000C9B2304679600CF0A1FA7968002840F05F
:10977000AD8095F89C310134A34208F10408EDDC7A
:10978000462130460CF092FAA0B1BAF1010F4FF029
:1097900000024FF04601304600F0FE800CF09AFACD
:1097A00095F83430DB0744BFDFED7A7A20EE270AE4
:1097B00085ED510A532130460CF078FA002840F02C
:1097C000FD80BAF1020F00F0048140F29180AAF10D
:1097D0000303012B00F2A780CDF800A007F10C02D3
:1097E00031464B462846FFF795FD04464B4607CBCE
:1097F000C5F86401C5F86811C5F86C21002C40F06B
:10980000A0802C37BD46BDEC028BBDE8F08F002256
:1098100030460CF05FFA95F83430D90707F10C03A5
:1098200048BF20EE080A03EB8903A3F5927383ED8A
:10983000000A15E7304600220CF04CFA95F8343057
:10984000D80748BF20EE080A08EB840383ED000A1E
:10985000F1E6D7ED067AF4EE677AF1EE10FA78BF0A
:10986000C9ED007AD7ED077AF4EE677AF1EE10FAD7
:1098700078BFC9ED017AD7ED087AF4EE677AF1EE98
:1098800010FA78BFC9ED027A452130460CF00EFA85
:1098900000283FF45BAF95F89C11032910DDAA68FE
:1098A0004FF00308083252F8043F93F83930180794
:1098B00002D5580700F1908008F101088845F2D1DF
:1098C0000022452130460CF005FA3FE700223046E1
:1098D0000CF000FA95F8343013F0020F09EB840312
:1098E00018D0D8ED007A70EE677AC3ED007A40E7C1
:1098F000BAF1010F17D195ED500AD5ED567AF0EE79
:10990000480A80EE270A31464A462846FFF728FDD6
:1099100004466BE7D8ED187A37EE800A09EB84032A
:1099200083ED000A25E7B9E807002C37C5F8640184
:10993000C5F86811C5F86C21BD46BDEC028BBDE8C9
:10994000F08F95F89C214946920058461FF0B8FBCD
:109950002C37BD46BDEC028BBDE8F08F5B464A4616
:1099600005F58A71F8EC017AF4EE677AF1EE10FAF7
:1099700005D693ED007A77EE277AC2ED007A0433AC
:109980008B4202F10402EDD17EE700BF0C590308BF
:109990000000C07F3333CB410CF09CF995F8343094
:1099A000DA0744BF5FED057A20EE270A532185EDE3
:1099B000500A30460CF07AF900289CD0002253213E
:1099C00030460CF087F9BAF1020F85ED580A7FF4A2
:1099D000FCAE95ED510A90E70022452130460CF08F
:1099E00079F9B4EE400AF1EE10FAB0EE408ABFF514
:1099F000ADAE95F8343013F0040F05EB8803D3EDCA
:109A0000427A06D009EB880888ED008A38EE678A2A
:109A10009EE677EE887A09EB8808C8ED007A97E62B
:109A20002DE9F84FD0E900976FF06048A7EB0903E4
:109A3000B8EBA30F3DD093469A1005468A469AB3D9
:109A4000B2EB420F4FEA4203A1EB090428D9DFF839
:109A5000788040461BF054F806468044DBF800301E
:109A60003351002C04DD2246494630461FF0C2FB2C
:109A7000A7EB0A070434002F344404DD51463A466C
:109A800020461FF0B7FB3C44B9F1000F02D0484616
:109A9000FAF736F8C5E90064C5F80880BDE8F88F24
:109AA00053B998461E46D9E7A1EB09044FF00408C4
:109AB000CFE704481BF005FA984528BF98464FEABF
:109AC0008808C6E744480308FCFFFF7F30B5154D02
:109AD0002B6883B00446986A0191FAF76FFE94F8F8
:109AE0009C31062B06D92B680F49586803689B6880
:109AF000984700BED4E9031399420DD0019B41F869
:109B0000043BE16094F89C01019A431C82F8380000
:109B100084F89C3103B030BD01AA04F10800FFF7BE
:109B20007FFFEFE71C040020945503082DE9F04F58
:109B30002DED068B07464068ADB010B103685B6839
:109B40009847314E3268002350694FF221411A463E
:109B5000F8F764FD2D4B044693E8070015AB13930B
:109B600003C320461A7013A9002309248DF85D3021
:109B70001494F8F745FF01461AA8F8F799FF1AA8B8
:109B8000F7F7C0FC1A9B1CADAB42044602D0184646
:109B9000F9F7B6FF139815AB984201D0F9F7B0FF6B
:109BA00041F6AE439C4200F062824EF29C539C42CE
:109BB00000F05D824EF29D639C4200F0588345F2B6
:109BC00008139C423ED041F293139C423AD041F696
:109BD0000C339C4236D0B4F5F47F33D041F2DE131F
:109BE0009C4200F0588345F60F539C4200F0768368
:109BF0004EF686639C4200F0448304201AF080FFF6
:109C0000034B7860036026E01C040020C85503085D
:109C10002C8E03080000C842000000000AD7233C35
:109C200000606A4700009643000070C200002045B3
:109C30000000A0420060EA460000C07F00007042C1
:109C4000CDCC4C3F40201AF05BFF33680446596985
:109C500014F00EF97C6033681FED088A5869002300
:109C60001A4641F6E911F8F7D9FC1FED160AF8F784
:109C7000C1FEF8F7D1FE326887ED510A00234BF69A
:109C8000FD0150691A46F8F7C9FC1FED1E0AF8F7E6
:109C9000B1FEF8F7C1FE326887ED500A002347F2A3
:109CA000E05150691A46F8F7B9FC1FED250AF8F79C
:109CB000A1FEF8F7B1FE326887ED520A002343F6A1
:109CC0005A7150691A46F8F7A9FC1FED2D0AF8F7EA
:109CD00091FEF8F7A1FE326887ED550A002343F69E
:109CE0006E4150691A46F8F799FC1FED350AF8F7EE
:109CF00081FEF8F791FE326887ED530A00234DF696
:109D0000A36150691A46F8F789FC1FED3C0AF8F781
:109D100071FEF8F781FE326887ED540A002350691E
:109D200041F2D2311A46F8F779FC0521F8F756FED0
:109D3000F8F772FE3268BDEEC00A00234FF6A75155
:109D4000506987ED5C0A1A46F8F768FC1FED4C0A6B
:109D5000F8F750FEF8F760FEC0EE087A326800238C
:109D600040F6A86150691A46C7ED5D7AF8F756FCCF
:109D70001FED550AF8F73EFEF8F74EFEC0EE087AE2
:109D80003268002341F6A96150691A46C7ED5E7A30
:109D9000F8F744FC1FED5D0AF8F72CFEF8F73CFEDF
:109DA000C0EE087A326800234CF6B95150691A4661
:109DB000C7ED5F7AF8F732FC1FED650AF8F71AFE77
:109DC000F8F72AFEC0EE087A32680023506948F29C
:109DD0005B711A46C7ED607AF8F720FC0121F8F7AD
:109DE000FDFDF8F7E3FD97F834203168002360F3B8
:109DF000861287F8342048691A4645F6E271F8F76A
:109E00000DFC0021F8F7EAFDF8F7D0FD97F83420B3
:109E1000316860F3C7120023486987F8342045F69B
:109E2000E0111A46F8F7FAFB336893F8B810C1F35B
:109E30008001F8F7D3FDF8F7B9FD97F8353060F3F6
:109E4000000387F8353032680023506942F27F7191
:109E50001A46F8F7E3FB00231AA9CDE91A538DF847
:109E60007030F8F7CDFD014601A8F8F721FE1A98E9
:109E7000A84201D0F9F744FE029B002B40F0D281AA
:109E800033681FED96AA58695FED979A1FED979A70
:109E90005FED968A1FED988A00231A4644F6D63164
:109EA000F8F7BCFB1FED9A0AF8F7A4FDF8F7B4FD2C
:109EB000724987ED580A48221AA81FF001F9326842
:109EC000002346F2EE2150691A46F8F7A7FB9FEDF2
:109ED0006C0AF8F78FFDF8F79FFD4FF0000A0DF1BF
:109EE000680B87ED570A0DF134090FAD07A8F6F797
:109EF00025FB09A8F6F722FB0BA8F6F71FFB07AC1A
:109F0000D846336838F8021B586900231A46F8F718
:109F100085FB46F26E332B80022349460E934FF0A9
:109F200000038DF83E300D95F8F76AFD014613A841
:109F3000F8F7BEFD204613A9F6F70AFB837913F064
:109F4000020F04F108044FF0030C4FF001020BD094
:109F50000379016803FA02F00B680CFA00FC8240F6
:109F600023EA0C0313430B60139815AB984201D0FE
:109F7000F9F7C6FD0D98A84201D0F9F7C1FDA1453A
:109F8000BFD19DF822309A0759D59DF82A309B07FA
:109F900055D53C201AF0B4FD0BAB044609AA07A91D
:109FA000F7F7A2F921463846FFF790FD504540F0FB
:109FB0004881BB68326853F82A40BBF806105069E4
:109FC00000231A46F8F72AFBBAF1020F14BFB0EECD
:109FD000690AB0EE4A0AF8F70DFDF8F71DFD2046B4
:109FE000F7F7FAF9BB68326853F82A80BBF8081013
:109FF000506900231A46F8F711FBB0EE490AF8F74A
:10A00000F9FCF8F709FDC0EE287ABB68326853F80E
:10A010002A40BBF80A10506900231A460AF1010AC7
:10A020000BF10C0BC8ED097AF8F7F8FAB0EE480A14
:10A03000F8F7E0FCF8F7F0FC84ED0A0A56E7BAF10D
:10A04000020F25D833680F49586803680AF158028F
:10A050009B68984787F89CA1019803AB984201D070
:10A06000F9F74EFD2DB0BDEC068BBDE8F08F042056
:10A070001AF046FD044B78600360ECE51C590308B8
:10A080000000C842D4550308108D03080000C07FAB
:10A090003846FEF7D5FABB689B68D3ED0A7AF4EE32
:10A0A000677AF1EE10FA80F100817868036813AAEC
:10A0B0009B6807F58471984713AC0025BB68B4EC26
:10A0C000010A58590435F7F797F90C2DF6D197F88E
:10A0D0009C31032B0ED907F58A750324BB68B5ECB8
:10A0E000010A53F82400F7F787F997F89C310134F7
:10A0F000A342F3D832680023506941F21D3147F280
:10A100006932F8F78BFA0021F8F768FCF8F74EFC93
:10A1100097F8353060F3820387F8353032680023D2
:10A12000506941F21D3141F2AA32F8F777FA012164
:10A13000F8F754FCF8F73AFC97F8353060F3C303AE
:10A1400087F835303268002341F21D31506946F2FC
:10A150001D12F8F763FA1FED330AF8F74BFCF8F716
:10A160005BFC336887ED610A46F21E6241F21D31E5
:10A1700058690023F8F752FA1FED3C0AF8F73AFC49
:10A18000F8F74AFC336887ED620A46F61F3241F25F
:10A190001D3158690023F8F741FA1FED440AF8F71A
:10A1A00029FCF8F739FC336887ED630A45F61F325E
:10A1B00041F21D3158690023F8F730FA1FED4D0ABE
:10A1C000F8F718FCF8F728FC336887ED640A46F2C4
:10A1D000200241F21D3158690023F8F71FFA1FEDE4
:10A1E000550AF8F707FCF8F717FC336887ED650A9E
:10A1F00046F2215241F21D3158690023F8F70EFA58
:10A200001FED5E0AF8F7F6FBF8F706FC019887EDFC
:10A21000660A03AB98427FF423AF2DB0BDEC068BEA
:10A22000BDE8F08F1AA80199F7F72CFCDDE91A03B5
:10A230001B1A0C2B0FD000283FF422AEF9F760FC5C
:10A240001EE633682A495C6825680246AD685346B5
:10A250002046A84700E70368C7F8A8304368C7F856
:10A26000AC308368C7F8B0300028E7D108E60C208E
:10A270001AF046FC33680446596914F0CDF87C6046
:10A28000E9E428201AF03CFC33680446596914F0CC
:10A2900097FA7C60DFE40C201AF032FC3368044645
:10A2A000596915F065FA7C60D5E4326800234EF6F2
:10A2B000C84150691A46F8F7B1F99FED0E0AF8F750
:10A2C00099FBF8F7A9FBB4EE400AF1EE10FABFF5DE
:10A2D000ECAEBB689B6883ED0A0AE6E628201AF01C
:10A2E0000FFC33680446596914F02AFD7C60B2E41F
:10A2F000005603080000C07F10B502210446F9F79C
:10A3000065FE2046BDE81040FFF710BC2DE9F04F78
:10A310000446D4E9006A3E483E4FAAEB0605AD105C
:10A3200000FB05F0B84283B06FD08946002861D0A9
:10A33000B0EB400F4FEA4003A1EB060B54D9364F68
:10A34000019238461AF0DCFB019A0546074400F1F9
:10A350000C0807CAAB44B1458BE807001DD02B465B
:10A3600032461168196051685960916899600C32E1
:10A37000914503F10C03F4D1A9F10C08274BA8EB8C
:10A3800006084FEA980803FB08F828F0404808F14F
:10A39000020808EB480805EB8808D1451AD04B465F
:10A3A00042461968116059685160996891600C3390
:10A3B000534502F10C02F4D1A3EB0903174A0C3BFD
:10A3C0009B0802FB03F323F04043013303EB4303F9
:10A3D00008EB830816B13046F9F792FBC4E9005840
:10A3E000A76003B0BDE8F08F43B91F461D464FF08C
:10A3F0000C08AEE7A1EB060B0C27A1E7BB4228BF78
:10A400003B460C2707FB03F79AE705481AF059FD6E
:10A41000ABAAAAAAAAAAAA0AF8FFFF7FABAAAA2AED
:10A420004448030869B138B505460C46E16828463A
:10A43000FFF7F8FF2046A468F9F762FB002CF5D17E
:10A4400038BD7047D0F808C02DE9F0410546071D1A
:10A45000BCF1000F55D008783E466446237C834209
:10A4600013D2E468002CF9D1EB68D5F81480B3421C
:10A4700042D1B74240D161462846FFF7D3FF0023BF
:10A48000C5E90377AB606B6133E004D92646A46865
:10A49000002CE3D1E8E7D4E902233AB1117C8142F0
:10A4A0002ABF1446D2689268002AF7D13BB11A7CC1
:10A4B00082428ABF1E46DB689B68002BF7D1EB689F
:10A4C000D5F81480A3421ED0B44215D020461AF00D
:10A4D0009DFB3946034620461C461AF008FCF9F756
:10A4E0000FFB6B69B44203F1FF336B61EED1A8EB54
:10A4F00003084046BDE8F0814FF000084046BDE843
:10A50000F0813E46B0E7B742DED1B4E72DE9F04F27
:10A510000A7A2DED108B5707044697B00D46C2F30B
:10A52000800040F1CF804B685C2B00F2BA80DFE8FE
:10A5300013F0F406F7065006F206B706B800B800A6
:10A54000B800B800B8005D00B800B800B800B800A6
:10A55000B800B80090067F068D056F067706B80034
:10A56000B800B800B800B800B800B800B800B8002B
:10A57000B800B800B800B800B800B800B800B8001B
:10A58000B800B800B800B800B800B800B800B8000B
:10A59000B800B800B800B800B800B800B800760538
:10A5A00076057605760576057605B800B800B8001C
:10A5B000B800B800B800B800B800B800B800B800DB
:10A5C000B800B800B800B800B800B800B800B800CB
:10A5D000B800B800B800B800B800B800B800B800BB
:10A5E000B800B800B80065065D069D054C212846F8
:10A5F0000BF05CFB002854D000224C2128460BF0C5
:10A6000091FB022806D000224C2128460BF08AFB41
:10A61000142846D1502128460BF048FB002840D092
:10A620000022502128460BF0A1FB002841F08B812D
:10A6300094F8A460082E34D80C2304F1380703FBE7
:10A64000067600224C21284696ED029AD6ED018A24
:10A6500096ED008A0BF066FB142801F03B8294F81B
:10A6600034309F07C3F3400241F1DE815821284670
:10A670000BF01CFB002841F0FC81592128460BF00F
:10A6800015FB002841F082825A2128460BF00EFB70
:10A69000002841F0698286ED029AC6ED018A86EDB6
:10A6A000008A94F835306FF3410384F8353094F81C
:10A6B00034306FF3C30384F8343017B0BDEC108B23
:10A6C000BDE8F08F9307ECD50B68792B44D8512B5C
:10A6D00072D8023B1C2BE4D81C2BE2D801A252F802
:10A6E00023F000BF4FAC0008A3A60008A3A60008F3
:10A6F000A3A60008A3A60008A3A60008A3A6000816
:10A70000A3A60008A3A60008A3A60008A3A6000805
:10A71000A3A60008A3A60008A3A60008A3A60008F5
:10A7200083AC00087FAD0008A3A60008A3A600081C
:10A73000A3A60008A3A60008A3A60008A3A60008D5
:10A74000A3A60008A3A60008A3A60008A3A60008C5
:10A75000A3A6000841AC0008DC2B00F28580CA2BC0
:10A760009FD9CB3B112B9CD801A252F823F000BFFC
:10A7700007AE00087FAE0008CFAF0008A3A6000810
:10A78000A3A60008A3A60008A3A60008A3A6000885
:10A7900015AF0008A3A60008A3A60008A3A60008FA
:10A7A000A3A60008A3A60008A3A60008A3A6000865
:10A7B000A3A6000899AF0008523B272B3FF671AFC4
:10A7C00001A151F823F000BF99AC000871AD000859
:10A7D00063AC0008A3A60008A3A60008A3A600086F
:10A7E000A3A60008A3A60008A3A60008A3A6000825
:10A7F000A7AC0008A3A60008A3A60008A3A600080B
:10A80000A3A60008A3A60008A3A60008A3A6000804
:10A81000A3A60008A3A60008A3A60008A3A60008F4
:10A82000A3A60008A3A60008A3A60008A3A60008E4
:10A83000A3A60008A3A60008A3A60008A3A60008D4
:10A84000A3A60008A3A600083FAD0008A3A6000821
:10A85000A3A60008A3A60008A3A60008A3A60008B4
:10A8600091AC00087BAC000840F2F71293425DD037
:10A87000B3F5FC7F4CD340F2992293427FF411AFA1
:10A880000DF1400840460BF041FB53230AA9404616
:10A890008DF82830FFF7D6FD55230AA940468DF8DC
:10A8A0002830FFF7CFFD159B002B40F03B85129918
:10A8B0004046FFF7B7FD6068B04903685B69002256
:10A8C00011AF8B42CDE913771292159240F0DE86DC
:10A8D000532128460BF0EAF90646002800F0EC85E3
:10A8E0000022284653210BF0F5F9ED6884ED550A56
:10A8F00010EE100A1AF0F6FF024628680B4686682A
:10A900009F492846B04712994046FFF78BFDC8E69D
:10A91000B3F5C87F06D19B4B1B680121986901F0F4
:10A92000BFFBBEE6B3F5FA7F7FF4BBAEE86896499D
:10A9300003689B68984794F89C311BB3934F00269B
:10A94000A26852F8261091F83920100717D4022E69
:10A9500006F15802C8BF06F13E02086AD5F80C801D
:10A96000D2B208921AF0BEFFD8F80030089ACDE9AA
:10A97000000140469B683946984794F89C3101365F
:10A98000B342DDDCE868824903689B689847D4F8E5
:10A990005C01EE681AF0A6FF024630680B46876835
:10A9A0007C493046B84794F89C3163B3DFF8DC81CA
:10A9B0000026A146D9F8082052F8262092F839102E
:10A9C00009071CD4D2ED0A7A022EF4EE677A06F15A
:10A9D0005807C8BF06F13E07F1EE10FA17EE900ACD
:10A9E000FFB20CD61AF07EFFEC682368CDE90001B7
:10A9F0003A469B6820464146984799F89C31013673
:10AA0000B342D7DC4C46E868614903689B689847C5
:10AA10005C4BD5F80CA01B68DAF80020D3F810B016
:10AA20009368DBF81C0008931AF05CFFDBED087AF2
:10AA3000F4EE677AF1EE10FA06460F4680F10A87C7
:10AA400017EE900A1AF04EFF80468946DBF8240084
:10AA50001AF048FF32463B46CDE90089CDE90201B4
:10AA6000089E4D495046B047D4F87401EE681AF07C
:10AA700039FF02460B46D4F880013768CDE9082338
:10AA80001AF030FF80468946D4F87C01CDE904896C
:10AA90001AF028FF80468946D4F87801CDE902896A
:10AAA0001AF020FFCDE90001DDE908233B49BF682A
:10AAB0003046B847E8683A4903689B68984794F875
:10AAC0009C311BB3314F0026A26852F8261091F832
:10AAD0003920120717D4022E06F15802C8BF06F11A
:10AAE0003E02486AD5F80C80D2B208921AF0FAFEFB
:10AAF000D8F80030089ACDE9000140469B683946F5
:10AB0000984794F89C310136B342DDDCE86820496F
:10AB100003689B6898476068184903685B6900226E
:10AB20000DF12C088B42CDE90D888DF82C200C926C
:10AB30000F9240F0D48594F83530DB0740F12A8439
:10AB4000E868184903689B689847EE6894F8A41071
:10AB500033680DF1400840469F68F7F71BF8109ADC
:10AB600011493046B847109812AB984201D0F8F717
:10AB7000C7FF04F144060127089447E01D7C000844
:10AB8000C05803081C040020045703084457030856
:10AB9000687E03081C57030850570308C057030872
:10ABA00008580308705803082089030856F80CBC9D
:10ABB000EC682368791E4046D3F80890F6F7EAFF60
:10ABC000109A069258461AF08DFE02460B465046E1
:10ABD000CDE904231AF086FE82468B4618EE100A51
:10ABE000CDE902AB1AF07EFE3A46CDE90001C2493A
:10ABF0002046C847109812AB984201D0F8F780FF62
:10AC000001370A2F06F10C0600F0C38316ED018A06
:10AC100056F808ACB5EE408AF1EE10FAC6D107EE50
:10AC200090AAF5EE407AF1EE10FA56F80CBCBFD1BE
:10AC300007EE90BAF5EE407AF1EE10FAE0D0B7E701
:10AC4000AE4B1B6893F8B8305F077FF52AAD94F8D8
:10AC50003430002243F0020384F8343084F8A42016
:10AC60001FE5A64D2B680121986901F019FA2868A3
:10AC700000220821F8F73EFB13E52046FDF7EAF92C
:10AC80000FE59E4B012218680821F8F733FB08E511
:10AC90002046FDF7F7F804E594F8343043F0040358
:10ACA00084F83430FDE494F89C31002B00F0B0833C
:10ACB000DFF858929FED928A002617E0A368D5F836
:10ACC0000CA053F80830DAF80080186A1AF00AFE6F
:10ACD000CDE900013A46D8F8083050464946984731
:10ACE00094F89C310136B34240F39283A26852F843
:10ACF000262092F8392011074FEA8608F2D4022E56
:10AD000006F15807C8BF06F13E07FFB2394628468C
:10AD10000AF0CCFF0028D1D0A3682846002239468B
:10AD200053F808A00AF0D6FF94F8343013F0010F5E
:10AD300018BF20EE080A5046F6F74EFBBEE7510951
:10AD40002046002612AC012310AACDE910468DF84A
:10AD50004860FDF705FADDE9101205F110001AF060
:10AD60005BFB1098A0423FF4A8ACF8F7C9FEA4E43E
:10AD700094F834306FF3820384F8343091E4084659
:10AD80000BF018F800287FF76CAF94F89C71B7B1FE
:10AD9000002637464FF00208022E06F15801C8BFC0
:10ADA00006F13E01C9B228460AF080FF10B108FA48
:10ADB00006F31F4394F89C310136B342ECDC28467D
:10ADC00045210AF073FF90B194F89C0103280EDD31
:10ADD000A1680323083151F8042F92F8392016078F
:10ADE00002D5550700F10E8501338342F3D1434D5F
:10ADF0002B680121986901F053F928683A46082127
:10AE0000F8F778FA4DE428460AF0D4FF002840F01D
:10AE10001683DFF8FC9004F5BA785826EF682B7A91
:10AE20003A6813F0E00FD2F808A040F0FA82D8F8A0
:10AE300000001AF057FD02460B46CDE900233846C4
:10AE4000324649460136D0475B2E08F10408E5D169
:10AE50002B7A03F0E003202B00F08584D4F88001E6
:10AE6000EE681AF03FFD024630680B4687682549B8
:10AE70003046B8472B7A43F001032B7211E453217B
:10AE800028460AF013FF002840F0B28394F89C3162
:10AE9000002B3FF406AC9FED1C8A002605E094F8D9
:10AEA0009C310136B3427FF7FCABA26852F82620F2
:10AEB00092F8392012074FEA8607F2D4022E06F1E3
:10AEC0005801C8BF06F13E01C9B2284608910AF0F0
:10AED000EDFE08990028E2D0002228460AF0FAFE8A
:10AEE000A368B5EEC00ADB59F1EE10FA98BFB0EED8
:10AEF000480A83ED0A0AD2E7805803081C040020A0
:10AF00003333CB41545603080000C07F405603083A
:10AF100048560308532128460AF0C8FE0646002872
:10AF200040F05483E86894F835700368D149D24AF8
:10AF30009B68DFF86493DFF8648317F0040F18BF91
:10AF40000A46CE49CE4F984704F5C87A5AED037A9F
:10AF5000F4EE677AF1EE10FA80F1F983FAEC017AF7
:10AF6000F4EE677AF1EE10FA80F1E983F1B220464F
:10AF7000FDF7D4FC06F158023946013618B9E868E5
:10AF800003689B689847032EE0D1E868BD490368D1
:10AF90009B689847FFF785BB532128460AF086FE39
:10AFA000002840F0CF829FEDB87AD4ED567AED6854
:10AFB000C7EE277A17EE900A1AF094FC024628682A
:10AFC0000B468668B1492846B047FFF76ABB58214F
:10AFD00028460AF06BFE002840F0E6825A212846F7
:10AFE0000AF064FE002840F0C982532128460AF086
:10AFF0005DFE00283FF455AB2846002253210AF09D
:10B0000069FEA34BB5EEC00A1B68F1EE10FA48BF0B
:10B010009FEDA00A1B6983ED090AFFF742BB363B8F
:10B02000DBB284F8A4304A683B2A7FF43AAB0A7A50
:10B0300012F0E00F3FF435AB03EB5213DBB2082BF9
:10B0400088BF082384F8A430FFF72BBB94F8353071
:10B0500094F8362003F00F0363F06F036FF30102DF
:10B0600084F8353084F83620FFF71BBB0B7A03F0E9
:10B07000E003202B00F06181402B00F05E81084648
:10B080000AF098FE002800F058812B7A03F0E003C4
:10B09000802B00F0E583602B00F0BA8394F8A43095
:10B0A000D4ED2AAA94ED2BAAD4ED2C9AD4ED448A9F
:10B0B00094ED439A94ED428A94ED33DA94ED32CADA
:10B0C00094ED31BA03EB430204F1380303EB82033E
:10B0D00058212846D3ED02DAD3ED01CAD3ED00BAE8
:10B0E0000AF0E4FD002840F0E483592128460AF0E4
:10B0F000DDFD002840F00E845A2128460AF0D6FDD6
:10B10000002840F0EE83C4ED2AAA84ED2BAAC4EDFA
:10B110002C9A2B7A13F0E00F7FF4CFAA4521284612
:10B120000AF0C4FD002800F0838294F89C010328F3
:10B1300011DDA1680323083151F8042F92F839205A
:10B1400017074FEA830603F1010302D5570700F101
:10B150007F829842F0D12B7A13F0E00F7FF4ADAAF2
:10B1600028460AF027FE00287FF7A7AA94F89C310A
:10B17000032B7FF6A2AA04F1B407032606F13E01D1
:10B18000C9B20022284608910AF0A4FDA3680899D4
:10B1900053F8263093F839301A0706F1010628468D
:10B1A000B0EE408A04D5B5EE400AF1EE10FA08D1AF
:10B1B0000AF07CFD28B1D7ED187A38EE678A87ED62
:10B1C000008A94F89C31B34207F10407D6DCFFF7FC
:10B1D00074BA032294F8353060F34103294684F8A9
:10B1E00035302046FEF70AFAFFF761BA94F834309A
:10B1F00023F0060384F83430FFF753BA94F8343060
:10B2000023F0060343F0060384F83430FFF749BA0D
:10B2100094F8343043F0010384F83430FFF741BA36
:10B2200094F834306FF3000384F83430FFF739BA00
:10B2300094F8353094F8362003F00F03012163F0C1
:10B240007F0361F3010284F8353084F83620FFF77C
:10B2500028BA94F8353094F8362003F00F03022111
:10B2600043F0400361F3010284F8353084F836205E
:10B27000FFF717BA2C5603083456030890560308F4
:10B28000D0560308687E03080080BB45E8560308D3
:10B290001C04002000000000A8560308BC56030848
:10B2A000502128460AF002FD0646002855D15321B8
:10B2B00028460AF0FBFC00283FF4F3A928460022A8
:10B2C00053210AF02FFD4FF47A7303FB0066002E22
:10B2D0003FF4E7A9CF4D2B680121986900F0E0FE0B
:10B2E00017F0E6F84FF47A73074603FB06F608E01A
:10B2F0002868F7F7FFFF2B6893F8B83098073FF5F9
:10B30000DCA917F0D5F8C01BB04222464FF003016C
:10B31000EED3FFF7C6B904225CE70020012259E70B
:10B32000022257E76068BC4A03681B6993423FF4F6
:10B33000BEAA41469847FFF7BABA0023C4F8A8301E
:10B34000C4F8AC30C4F8B030C4F8B430C4F8B83085
:10B35000C4F8BC30C4F8C030DBE6AE4B1B6893F8D1
:10B36000B8305E07C3F3800263D50022502128461F
:10B370000AF0B0FCDFEDA97A20EE270AFCEEC07AD5
:10B3800017EE906A532128460AF090FC00289ED0C0
:10B3900094E7089C94F83430DB0933D0D4ED2A7A52
:10B3A000D4F8AC60F5EE407AF1EE10FA0DD107EE6C
:10B3B000106AB5EE407AF1EE10FA06D194ED2C7ACF
:10B3C000B5EE407AF1EE10FA1CD017EE900A1AF0A2
:10B3D00089FA02460B46D4F8B000ED68CDE908239F
:10B3E0001AF080FA8046894630462E68CDE90289F7
:10B3F0001AF078FACDE90001DDE90823B66888493A
:10B400002846B0470C990AA8FFF70CF8FFF749B98E
:10B410002B7A43F0010320462B72FDF711F9FFF759
:10B420004CB9A36803EB8603A3F5B0731B68586A95
:10B43000FFE4502128460AF075FC0646A2E70027E3
:10B4400007F15801C9B2284608910AF02FFC089963
:10B45000002850D10137032FF2D12B7A03F0E003FB
:10B46000202B56D194F89C31032B05D865E094F835
:10B470009C310137BB4258D9A26852F8272092F874
:10B4800039C007F13E06F6B21CF0080F31462846D7
:10B49000CCF3C0094FEA8708EBD10AF007FC00287B
:10B4A000E5D04A46314628460AF014FCA36853F812
:10B4B000083083ED090ADAE7552128460AF0F6FB41
:10B4C00000283FF420AA3246284655210AF002FC03
:10B4D0000023ED68C4F8543110EE100A84ED520ACE
:10B4E0001AF000FA024628680B4686684D4928463D
:10B4F000B047FFF708BA002228460AF0EBFB2B7A88
:10B5000013F0E00304EB870240F0998082ED5D0ABE
:10B51000A0E7532128460AF0C9FB30B1002253218D
:10B5200028460AF0D7FB84ED600A2B7A13F0E0037B
:10B5300000F04181202B7FF4B4A82046FDF780F86D
:10B54000FFF7AFB82846002253210AF0C3FBF2EE02
:10B55000047AB4EEE70AF1EE10FA00F10181DFEDB2
:10B560002F7AB4EEE70AF1EE10FAC8BFF1EE087ACE
:10B5700040F31E83C4ED567AFFF793B800225A2198
:10B5800028460AF0A7FB234BDFED277A1B68BFEEA6
:10B59000007AB4EE470A1B69F1EE10FA98BFB0EEDC
:10B5A000670A83ED080A20E50022582128460AF0A0
:10B5B00091FB184BB5EEC00A1B68F1EE10FA48BFBC
:10B5C0009FED1A0A1B6983ED070A07E5284600224A
:10B5D00053210AF0CBFBA0F1010094F83530B0FA0A
:10B5E00080F0400960F3820384F83530FFF759B8E2
:10B5F0000022532128460AF06DFBF7EE007AB4EEE4
:10B60000670AF1EE10FA48BFB0EE670A84ED570AF8
:10B610003CE400BF1C040020197C000800007A44B0
:10B62000A0580308E85803080000C07F000000008D
:10B6300028460AF0BFFB00283FF477AD8BE5202BAE
:10B640007FF408AFA36853F8273083ED090A01E7B8
:10B65000452128460AF02AFB002840F077811FED9B
:10B660000D8AA31983ED498A83ED428AA268E36AB1
:10B6700096592BB1236B04F12400984728EE008AD9
:10B68000B0EE480A3046F5F7B7FE64E54146984704
:10B6900000283FF41DA9139EBE423FF419A9DFF80C
:10B6A0007493A246327C706908921AF01BF9EC6818
:10B6B000089AD4F800B0CDE900014946DBF808301B
:10B6C000204698472B7A43F0010330462B7219F03D
:10B6D0008AFAB8420646E5D15446FFF7F9B80AA9F6
:10B6E000984700283FF427AA0F9B002B3FF423AA7A
:10B6F000E868C14903689B6898470D9F474517D084
:10B70000DFF81493A2463A7C786908921AF0EAF8B6
:10B71000EE68089A3468CDE900014946A3683046CE
:10B720009847384619F05FFA40450746EBD1544632
:10B73000E868B24903689B689847FFF7FCB9E86876
:10B74000036806F158029B68414698470EE4E86892
:10B75000036806F158029B6849469847FFF7FEBB0D
:10B76000DFEDA77A06E794F89C31032B7FF682ABD6
:10B77000A44F0326A046D8F8082052F8261091F8C6
:10B78000392012F0080F06F13E0906F101060DD12D
:10B79000486AEC681AF0A6F82368CDE900014A4629
:10B7A0009B6820463946984798F89C31B342E2D8C6
:10B7B0004446FFF75FBB412128460AF077FA00288C
:10B7C00000F0CC80E868904903689B6898470026A1
:10B7D00006F14101C9B2284608910AF067FA0899B2
:10B7E00030B90136032EF3D12B7A03F0E003A1E642
:10B7F000002228460AF06EFAA36853F8263083ED3B
:10B80000090AEEE7022202FA03F31F43FFF7EFBA39
:10B81000582128460AF04AFA002840F0BE80DFEDA1
:10B820007B8A592128460AF041FA002840F0AD8071
:10B830009FED768A5A2128460AF038FA002840F00F
:10B840009C80DFED727AC4ED2A8A84ED2B8AC4EDE8
:10B850002C7A5EE4DFF8C4914FF00008FFF7F6B8E9
:10B86000582128460AF022FA002840F0B2805921D7
:10B8700028460AF01BFA002840F097805A212846F3
:10B880000AF014FA00283FF444AC614B1B682846C8
:10B8900000225A21DE680AF01DFAD6ED4A0A86ED2A
:10B8A0004B0AB0EE401A304696ED490AFCF71AFFF3
:10B8B0002FE45821002228460AF00CFA94F834307C
:10B8C000D90744BFDFED577A20EE270A78EE6D7A6C
:10B8D00077EEAA7A77EECD7A70EE677A7AEEA7AA3B
:10B8E00003E400225A2128460AF0F4F994F834308F
:10B8F000DB0744BFDFED4B7A20EE270A78EEEB7AC8
:10B9000077EEA97A77EECB7A70EE677A79EEA79A1E
:10B91000FFF7F9BB0022592128460AF0DBF994F819
:10B920003430DA0744BFDFED3F7A20EE270A79EEA4
:10B930006C7A77EE8A7A77EECC7A70EE677A3AEEA6
:10B9400027AAFFF7D9BB461EFEF774BE0022452189
:10B9500028460AF0BFF9B0EE408A82E64221284626
:10B960000AF0A4F900287FF42DAF432128460AF0FD
:10B970009DF900287FF426AF36E700225A21284699
:10B980000AF0A8F9F0EE407A5DE700225921284636
:10B990000AF0A0F9B0EE408A4CE700225821284670
:10B9A0000AF098F9F0EE408A3BE7194B1B682846ED
:10B9B00000225921DE680AF08DF996ED4B1A86EDCA
:10B9C0004A0AF0EE400A304696ED490AFCF78AFE34
:10B9D00054E70F4B1B68284600225821DE680AF006
:10B9E00079F996ED4B1AD6ED4A0A86ED490A3046AA
:10B9F000FCF778FE3BE700BF34580308687E030875
:10BA000000001644485603085C5603080000000076
:10BA10001C040020B4580308645803080000F0BF59
:10BA20000080BB453333CB415821284608920AF0A9
:10BA30003DF9089A00283ED1592128460AF036F9E6
:10BA400048BB5A2128460AF031F900283EF423AEBB
:10BA5000284600225A210AF03DF994F83430D807DC
:10BA600044BF5FED107A20EE270A38EE008AFEF719
:10BA700012BE2846002258210AF02CF994F83430DE
:10BA8000D80748BF5FED197AB0EE409A48BF20EE64
:10BA9000279AFEF7F2BD0022592128460AF01AF92A
:10BAA00094F83430DF0744BF5FED227A20EE270A96
:10BAB00078EE808AC5E7582128460AF00BF994F8F9
:10BAC0003430DB0744BF5FED297A20EE270A39EED8
:10BAD000009AB1E794F8A430D4ED449A94ED43AAC7
:10BAE00094ED42CAD4ED2AEA94ED33EA94ED2BDAD0
:10BAF000D4ED32CA94ED2CBAD4ED31AA03EB430352
:10BB000007EB83035821284693ED02FAD3ED01DABF
:10BB1000D3ED00BA0AF0CAF8002866D159212846A8
:10BB20000AF0C4F8002848D15A2128460AF0BEF885
:10BB300000283EF4B0AD284600225A210AF0CAF887
:10BB400094F83430DB0744BF5FED4A7A20EE270AD1
:10BB500079EEEB7A77EE8B7A77EEEA7A30EE670A57
:10BB600038EE408AFEF797BD002228465A210AF097
:10BB7000B1F894F83430DA07B0EE408A7EF58BAD38
:10BB80005FED587A20EE278AFEF785BD5921002205
:10BB900028460AF09FF894F83430D90748BF5FED83
:10BBA0005F7AF0EE408A48BF60EE278AFEF76CBDF0
:10BBB0001FED657AC7EE007ADCE4002259212846A1
:10BBC0000AF088F894F83430DA0744BF5FED6B7AF6
:10BBD00020EE270A7AEE6D7A77EE8D7A77EEEC7AA0
:10BBE00030EE670A78EEC08A9EE758210022284688
:10BBF0000AF070F894F834303CEE4FCAD90748BFC9
:10BC00005FED787A7CEE2EEA48BF20EE270A3EEE02
:10BC1000CEEA30EE4E0A39EE409A7FE72DE9F04F3A
:10BC20000546D5E900694148414FA9EB0604A41037
:10BC300000FB04F0B84283B074D08A4693460028D3
:10BC400066D0B0EB400F4FEA4008A1EB060359D98C
:10BC5000384C0193204618F053FF019B00EB040879
:10BC6000074600F10C043B44DBF800201A60DBF8C7
:10BC700004205A60DBF808209A60B2451AD03C468E
:10BC8000324613682360536863609368A3600C3284
:10BC9000924504F10C04F4D1AAF10C03264C9B1B31
:10BCA0009B0804FB03F424F04044023404EB4404F6
:10BCB00007EB8404CA451AD053462246196811601E
:10BCC00059685160996891600C334B4502F10C0240
:10BCD000F4D1A3EB0A03184A0C3B9B0802FB03F3C5
:10BCE00023F04043013303EB430304EB830416B119
:10BCF0003046F7F705FFC5E90074C5F8088003B0C2
:10BD0000BDE8F08FB8F1000F05D147460C24AAE733
:10BD10008B1B0C249DE7B84528BFB8460C2404FBB8
:10BD200008F496E7054819F0CCF800BFABAAAAAA18
:10BD3000AAAAAA0AF8FFFF7FABAAAA2A44480308C6
:10BD400010B5D0E90142944209D00A6822604A68DD
:10BD500062608968A16004F10C02426010BD0A466D
:10BD60002146FFF75BFF10BD2DE9F0410023C0E93C
:10BD70000033836091F8A43007EE903A84B0F8EE77
:10BD8000677A0F46254BCDED037A002201A90546BF
:10BD90000192029307F13804FFF7D2FF07F1A408DC
:10BDA00007E094E807000C34A04583E807006E60C4
:10BDB0000DD0D5E90132934203F10C06F1D12246B0
:10BDC000194628460C34FEF7A1FAA045F1D1D7F860
:10BDD000B010D7F8AC20D7F8A8300191284601A9B7
:10BDE00002920393FFF7ACFFD5E9013293420BD0E7
:10BDF000C43797E8070003F10C0483E807002846DE
:10BE00006C6004B0BDE8F081284607F1C402194611
:10BE1000FEF77CFA284604B0BDE8F081000010412E
:10BE200038B503210446154DF8F7D0F82046072110
:10BE3000F8F7CCF82A68002350694EF295211A468B
:10BE4000F6F7ECFB2021F6F7C9FDF6F7E5FD2A68C9
:10BE5000BCEEC00A0023506984ED070A1A4644F27A
:10BE6000E761F6F7DBFB6421F6F7B8FDF6F7D4FDE2
:10BE7000BCEEC00A84ED060A38BD00BF1C040020D9
:10BE800010B5054B044640F8043B00F0CBFC2046BF
:10BE9000F8F78EF8204610BDA459030810B5074BDB
:10BEA000044640F8043B00F0BDFC2046F8F780F85B
:10BEB0002046F7F725FE204610BD00BFA459030811
:10BEC000094B1B68DA68D2E902318B4202D109E0E2
:10BED000994207D053F8042B92F839209207F7D5EE
:10BEE00000207047012070471C04002010B5044654
:10BEF000F8F766F820460D4B40F8043B00F08AFC4A
:10BF000094F824306FF3000384F8243094F824303C
:10BF10006FF3410384F8243094F82430002223F096
:10BF20000C03226284F82430204610BDA459030873
:10BF300010B50446084600F099F9E169201D00F0AB
:10BF4000EBFC94F8243043F0010384F8243010BD56
:10BF500008B5043000F0D8FC18B1BDE80840FFF780
:10BF6000AFBF08BD70B5144E0446051D06E030682D
:10BF700090F8B8309B0717D4F7F7BCF9284600F0C3
:10BF8000B3FC224603210028F1D1336893F8B8307E
:10BF90009B0709D4284600F07BFC30680122BDE8ED
:10BFA00070400821F7F7A6B9284600F05FFCBDE80D
:10BFB000704000F07BB900BF1C040020F8B5264D8E
:10BFC0002B78BFF35B8F0E46D907044626D5234F47
:10BFD000251D284600F098FC98BB1EB9284600F0A5
:10BFE00083FC78B116F064FA94F8243038605A076C
:10BFF00007D41B0705D494F8243043F0020384F8D7
:10C000002430F8BD16F054FA3968A2694FF47A73F7
:10C01000401A03FB02F39842E4D2F8BD284618F018
:10C0200060FD0E4F0028D3D016F042FA0346284692
:10C03000251D3B6018F061FD284600F065FC0028D6
:10C04000CBD094F824306FF3410384F8243016F0F9
:10C050002FFA3860F8BD00BF8C0400209004002047
:10C0600010B590F82430DB0704460BD4E26823694E
:10C070009A4200D110BD0434204600F045FC28B19E
:10C0800000BE10BD0021FFF799FFEFE7204600F04A
:10C09000F3FB00F00BF92046BDE8104000F014BCA3
:10C0A000F8B590F82430184E6FF3000304460F469D
:10C0B00080F82430051D06E0FFF780FF3068224637
:10C0C0000321F7F717F9284600F01EFC034601216B
:10C0D0002046002BF0D07FB10B4E04E030682246A2
:10C0E0000321F7F707F9284600F00EFC0028F5D0E9
:10C0F000FFF7E6FE0028F1D094F8243043F0010366
:10C1000084F82430F8BD00BF1C04002001B1704742
:10C1100038B590F8243061F3410380F8243090F86A
:10C120002430054643F0040380F824300C46FFF722
:10C13000B7FF95F8243064F3820385F8243038BDC6
:10C1400090F8243070B55D0704460E460DD502699F
:10C1500083689A4209D0051D2169284600F074FBC6
:10C1600020612269A3689A42F6D1194B1B6893F8A3
:10C17000B83000229807226209D42269A3689A4243
:10C1800005D094F824309907C3F3400502D4002564
:10C19000284670BD2169201D00F074FB90F85830CE
:10C1A0005A06F4D490F858305B0700D400BE90F8DB
:10C1B0005830426A43F0200380F8583090F85830E5
:10C1C0006FF3000380F8583022623060E0E700BF70
:10C1D0001C04002010B504460430216900F034FB33
:10C1E000206110BD90F824306FF3410380F82430B3
:10C1F00090F8243010B543F00403044680F824304E
:10C200000021FFF74DFF94F824306FF3820384F888
:10C21000243010BDD0ED0D7A90ED0A0A90ED0B7A26
:10C22000F1EE677A77EEA77A00B520EE670A2DED7A
:10C23000028BA7EE070A83B0B5EE400AF1EE10FAC2
:10C24000B1EEC08A0DD490ED090AB4EEC08AF1EEC9
:10C2500010FAD8BFB0EE480A03B0BDEC028B5DF80F
:10C2600004FB01901AF08AFA0198ECE70B4B0C4A98
:10C270001B689B6A10B5107018690A4C19F032FBE4
:10C2800002460B4619F086FB02460B460020064983
:10C2900019F0AAFCC4E9000110BD00BF1C04002075
:10C2A00094040020980400200000D04390F8582007
:10C2B0006FF3820238B500F11C0180F85820044663
:10C2C0000346002243F8042B8B42FBD194F858100C
:10C2D000B4F85A00E26121F0030184F8581094F890
:10C2E0005810626462F3451184F8581094F858109D
:10C2F000A26462F3041184F8581094F8581022656F
:10C3000062F3861162F30B00E264626D1A4D65639D
:10C3100000231A4D84F85810A4F85A00236263626F
:10C32000A362E3622363A3632364CAB12A78B2B130
:10C33000636D382414FB0234002000210022C3E97D
:10C340000001C3E90201C3E90401C3E90601C3E92D
:10C3500008011A63C3E90A223833A342EFD138BD7A
:10C360002878C0EBC000C00018F0DBFB6065002837
:10C37000DCD100BEDAE700BF0000C8429404002010
:10C3800010B50023C0E914330446FFF78FFF2046A1
:10C3900010BD00BF00B5D0ED107A2DED028B90EDF1
:10C3A0000B8AB4EE678AF1EE10FA83B00CD090F8E5
:10C3B00058309B0704D4F4EEC07AF1EE10FA0ADC90
:10C3C000B0EE678AC0ED0B7AB0EE480A03B0BDEC60
:10C3D000028B5DF804FBD0ED0D6A90ED0A7AF1EE68
:10C3E000666A76EEA66A27EE667AA0EE007AB5EE69
:10C3F000407AF1EE10FAB1EEC78A09D4F4EE487A29
:10C40000F1EE10FA48BFB0EE678A80ED0B8ADBE7E9
:10C41000B0EE470A01901AF0B1F90198D0ED107A08
:10C42000ECE700BFD0ED097A90ED107AD0ED0B6A01
:10C43000F4EE407AF1EE10FA48BFB0EE670AB4EEBF
:10C44000407AF1EE10FA48BFB0EE470AF4EEC06A47
:10C45000F1EE10FA07DB90F8583080ED0B0A6FF31D
:10C46000000380F8583090F858309A0608D490F8B5
:10C4700058309B0702D5B0EE670A7047FFF7CABE77
:10C48000D0ED0C7AB0EE670A704700BF90F85820E4
:10C49000910608D490F85820920702D590ED090A29
:10C4A0007047FFF7B7BE90ED0C0A70470000000020
:10C4B0002DE9F04F6A4B05462DED068BD5ED077A39
:10C4C000D3E90067F8EE677A87B0B7EE007A10EE2E
:10C4D000100A10EE904A87EE279A19F003FA3246B6
:10C4E0003B4619F057FA02460B462046CDE9042395
:10C4F00019F0F8F93B46324619F04CFA594B1B78C3
:10C50000002B00F0A180013B574A6C6DD2F800B0BF
:10C51000DFED569ADBB205EB830341EC1A0B039374
:10C52000A5F1040A3CE09DED047B8DED007B2363C7
:10C53000DDE900233046394619F02CFA41EC100BA6
:10C5400019F09CFD51EC100B19F042FD53EC1A2B25
:10C55000C4E904013046394619F01CFA41EC100BCD
:10C5600019F08CFD51EC100B19F032FDD5ED0F7A5E
:10C5700028EE278A404288EE280A61EB4101C4E98F
:10C58000060120EE290A19F0A7FF10EE100A19F093
:10C590000BFDC4E90801039B9A4504F1380453D00C
:10C5A0005AF8043FA362002BF5D007EE903AB8EE9C
:10C5B000678A28EE098A18EE100A19F093F9DBF859
:10C5C000283006460F46A86BD3ED048A19F08AF985
:10C5D00032463B4619F0DEF9804618EE900A89464D
:10C5E00019F080F902460B464046494619F0FCFA1C
:10C5F0001F4B002219F0CEF941EC100B19F03EFD53
:10C6000051EC100B19F0E4FC0023E362EA6C531CBC
:10C6100023636B6CC4E9000100200021C4E902011E
:10C62000002B80D1AB6C8DED00AA59EC1A8B1BB995
:10C6300009F1004301937BE79FED077B9A428DED63
:10C64000007B18BF236373E707B0BDEC068BBDE822
:10C65000F08F00BFAFF3008000000000000000007A
:10C6600098040020940400201C0400200000805E38
:10C670000000D04390F858309B0600D5704710B5A5
:10C6800090ED097AD0ED0D6A90ED0A6AD0ED087A46
:10C690002DED0C8B80EE879A044680EE078A90ED94
:10C6A000077AB8EE477A29EE279A67EE266A28EECF
:10C6B000278AC6EE869A29EE090AF6EE006AA8EEE7
:10C6C000080AF0EE60BA20EE260AA7EE290AB5EEB7
:10C6D000400AF1EE10FAB1EEC0AA00F19280B4EE79
:10C6E000E7AAF1EE10FA69DC79EE4A7A7AEE48CAE6
:10C6F000F1EE677A87EEA9CACCEEA98A9FED43DAFC
:10C7000084ED0FAA424B1B689B6AD3ED04AA2AEE64
:10C71000A80A19F065FE78EE8C8AB0EE40BA2AEECF
:10C720008C0A19F05DFE78EE8D8ABCEECBBAFCEE79
:10C73000C09A28EEAA0A19F053FEF8EE4B7AF8EEEA
:10C74000696A87EEAA7A94F8581041F0400184F89B
:10C7500058102046C6EEAA7AB5EEC07AFCEEC06A42
:10C76000F1EE10FAF5EEC07AC8BF8CEE870A16EE2D
:10C77000902AD8BF9FED250A84ED11BAF1EE10FA88
:10C7800019EE903AC8BF3AEE499AA2EB0303C8BF2C
:10C79000C9EE270AC4E9123284ED0E8AC4ED0CBA40
:10C7A000D8BFDFED1A0AFFF783FEBDEC0C8B94F8BF
:10C7B00058306FF3861384F8583010BD77EEC8CA2E
:10C7C00039EE677ACCEEA98AB1EE477A87EE29CAAC
:10C7D00038EE276A94ED077AC4ED0F7AF6EE006A18
:10C7E00026EEC66AB8EE477A79EE275AA6EE287A80
:10C7F00066EEE56AB0EE67AAA6EE8C7A87EE27DAD7
:10C8000080E719F0BBFFD4ED087A68E7000000006C
:10C810001C04002000228260426081680260026184
:10C82000C1607047002310B501698360436082686E
:10C8300003600446C26019B1024B1868F7F7A6F806
:10C84000204610BD14040020036823B1481C834215
:10C8500098BF002070471846704700BF006818B1A5
:10C8600009B901387047481E704700BF4268006927
:10C870005C2101FB02007047826800695C2101FBBA
:10C880000200704703695C2000FB0130704700BF65
:10C89000026805E081689A4298BF0023994207D157
:10C8A00043680133002AF5D1816813469942F7D0D5
:10C8B00043682AB101339A4298BF0023436070470E
:10C8C00013464360704700BF426883689A4207D0AE
:10C8D000026883682AB101339A4298BF00238360BB
:10C8E00070471346FBE700BF026843684AB1013353
:10C8F0009A4298BF00238068C01AB0FA80F04009BD
:10C9000070471346F7E700BF42688068101AB0FA14
:10C9100080F04009704700BF42682DE9F843836802
:10C920009A4202D00020BDE8F88304460F46B1B910
:10C9300072B6426883689A4203D062B60846BDE880
:10C94000F88381600160416062B6016919B11E4BD4
:10C950001868F7F71BF8002323610120E3E7DFF8ED
:10C9600068905C21D9F8000001FB07F1F6F7A6FFFB
:10C970007D1E804608D406463046013DFFF700FD87
:10C980006B1C06F15C06F7D1B8F1000FCAD0216923
:10C9900072B66268A3689A4206D062B6D9F80000FF
:10C9A0004146F6F7F3FFBDE70023A360C4F810800B
:10C9B0002760636062B629B1D9F80000F6F7E6FF98
:10C9C0000120B0E70120AEE7140400202DE9F04378
:10C9D000464D2B6885B00026586901964AF6765276
:10C9E00001A9CDE90266F5F7C7FDDDE90147BC42C3
:10C9F00073D02B6834F8022B58694AF6765147F207
:10CA00006933F5F70BFEF5F7D1FF00B10136A74208
:10CA1000EFD1002E55D0012E43D12B6834495868F0
:10CA200003689B6898474FF00009DDE90148A0457D
:10CA300002D159E0A04522D02B6834F8027B586916
:10CA40003A4647F269334AF67651F5F7E7FDF5F7CE
:10CA5000ADFF0028EED0502018F052F839460746B6
:10CA600000F038F928683946F6F740FC3946484660
:10CA7000B9F1000F20D005F05FF9A045DCD1DDE968
:10CA800001432A681B49506805681B1B5B10AC6892
:10CA90003246A047019808B1F7F732F805B0BDE873
:10CAA000F083182018F02CF8814605F0DDF828688E
:10CAB0004946F6F71BFCB8E73B6838461B6B9847BE
:10CAC000B8E72B680C49586803689B689847019839
:10CAD0000028E1D105B0BDE8F0832B68074958680C
:10CAE00003689B689847F2E72346CAE71C040020C6
:10CAF000105A03083C5A0308F4590308D459030890
:10CB000004307047008A704790ED080AD0ED067A2D
:10CB100020EE270A704700BF10B590F84D204369FA
:10CB20000B496FF3820280F84D2093F839206FF3A0
:10CB3000820283F839200B68DC68E36A3BB104F1B8
:10CB400024010846032298470023C4E90B3310BD93
:10CB50001C0400200368D3E9012112F0010F01EB4E
:10CB6000620001D11B68184710B454101B680A59A1
:10CB70005DF8044BD358184710B504464069064B7E
:10CB8000236010B103685B689847044B236020461C
:10CB9000F7F70EFA204610BD845C03083C5C0308DE
:10CBA00010B50446FFF7E8FF2046F6F7A9FF204638
:10CBB00010BD00BFF0B590F84D3042691C4943F0FC
:10CBC000040380F84D3092F8393043F0040382F8C2
:10CBD000393087B00B68044600270C20DD680497C5
:10CBE00017F08EFF134A0290034602AEC3E90027F6
:10CBF00096E803009C606A4605F1240382E803007E
:10CC000093E8030086E8030092E8030083E803004A
:10CC1000EB6A296B0848094A0493E86205912A6384
:10CC20001BB1032231463046984707B0F0BD00BF24
:10CC30001C04002009CB000891CC000855CB00084B
:10CC40008A884AF676539A4200D0704790F84D3061
:10CC50005B07FAD54269CB68D2ED0B7A92ED087A80
:10CC6000F8EEE77A30B4C7EE876A956A0A7CC46941
:10CC70005C6042F001028469806A1861DD609C603A
:10CC800030BC83ED007AC3ED056A0A74704700BFBB
:10CC9000022A38B5044605D0032A13D0012A0DD044
:10CCA000002038BD0C200D6817F02AFF034695E8D8
:10CCB0000700236083E80700002038BD0B6803608D
:10CCC000002038BD00680028EAD0F6F719FF0020E0
:10CCD00038BD00BF70B504460D46F7F771F994F8FA
:10CCE0004D300B4E258223F01501002300224FF01A
:10CCF0007E506360A360E3602062A061266084F8D8
:10CD00004D106361236462626264A264204670BD58
:10CD1000845C0308F0B52DED028B93B004466846A1
:10CD2000F3F70CFCC34D02A8F3F708FC04A8F3F7D3
:10CD300005FC2B68228A58694AF6765146F66553F7
:10CD4000F5F76CFC46F26E33022206A9ADF82030EE
:10CD500008AE00238DF8223007920696F5F750FEB4
:10CD600001460CA8F5F7A4FE0CA96846F3F7F0FB02
:10CD7000837999070CD50279076852003B68032034
:10CD80009040012123EA000301FA02F213433B60C1
:10CD90000C980EAFB84201D0F6F7B2FE0698B0423A
:10CDA00001D0F6F7ADFE2B68228A58694AF6765113
:10CDB00048F2E733F5F732FC0222002346F26E3CDC
:10CDC00006A907928DF82230ADF820C00696F5F737
:10CDD00017FE01460CA8F5F76BFE0CA902A8F3F7A5
:10CDE000B7FB83799A070FD50279D0F800C05200BB
:10CDF000DCF8003003209040012123EA000301FA0F
:10CE000002F21343CCF800300C98B84201D0F6F788
:10CE100077FE0698B04201D0F6F772FE2B68228AA0
:10CE200058694AF6765149F67B03F5F7F7FB00237C
:10CE300046F26E3C022206A98DF82230ADF820C0E1
:10CE400007920696F5F7DCFD01460CA8F5F730FED3
:10CE50000CA904A8F3F77CFB83799B070FD5027913
:10CE6000D0F800C05200DCF80030032090400121CF
:10CE700023EA000301FA02F21343CCF800300C98C5
:10CE8000B84201D0F6F73CFE0698B04201D0F6F762
:10CE900037FE2B68228A58694AF6765145F61313F5
:10CEA000F5F7BCFB0121F5F799FDF5F7B5FD2B680A
:10CEB000228A58694AF6765146F2EE23B0EE408A4D
:10CEC000F5F7ACFB4FF47A71F5F788FDF5F7A4FDA3
:10CED0002B68228A58694AF6765142F66173F0EE61
:10CEE000408AF5F79BFB0021F5F778FDF5F794FDF7
:10CEF0002B68228A84ED010A58694AF6765143F27A
:10CF00006273F5F78BFB0021F5F768FDF5F784FDFB
:10CF10002B68228A84ED020A58694AF6765143F654
:10CF20006373F5F77BFB0021F5F758FDF5F774FD0A
:10CF30002B68228A84ED030A58694AF676514AF230
:10CF40000163F5F76BFB0021F5F748FDF5F764FD8C
:10CF50002B68228A84ED070A58694AF6765141F611
:10CF6000DB33F5F75BFB0321F5F738FDF5F754FDEF
:10CF70002B68228A84ED0A0A58694AF6765148F6E7
:10CF80009A63F5F74BFB2D21F5F728FDF5F744FDE6
:10CF90002B68228A84ED0B0A58694AF6765141F2D1
:10CFA0003413F5F73BFB0021F5F718FDF5F734FDD9
:10CFB0002B68228A84ED0D0A58694AF6765143F2AD
:10CFC000F253F5F72BFB0821F5F708FDF5F724FDE3
:10CFD0002B68228A84ED0C0A58694AF6765148F289
:10CFE0006643F5F71BFB0021F5F7F8FCF5F714FD98
:10CFF0002B68228A84ED0E0A58694AF6765140F66B
:10D000002553F5F70BFB41F27071F5F7E7FCF5F7E7
:10D0100003FD9FED096AD4ED077A9FED087AC0EE13
:10D02000066AF4EEC77AF1EE10FAC4ED0F6A40DC3E
:10D0300008E000BF1C040020000070420AD7233C17
:10D04000DB0F49403C2017F05BFD02AA04AB6946A8
:10D050000646F4F749F92B6866613146D868FCF753
:10D0600035FD2B68228A84F84C004AF676515869BF
:10D0700065694CF6B953F5F7D1FA4FF47A71F5F7C3
:10D08000ADFCF5F7C9FC606985ED090AC0ED0A8AB7
:10D09000B0EE480AF4F7A0F9626992F8393023F04B
:10D0A0000C0343F0080382F8393013B0BDEC028B57
:10D0B000F0BDB6EE007A67EE877A1FED1F7A67EE55
:10D0C000A77AF7EE006A67EE877A86EEA77A84ED94
:10D0D000087AB7E710B50446FFF71CFE2046022188
:10D0E000F6F774FF20460521F6F770FF204606216B
:10D0F000BDE81040F6F76ABF10B5094B90F84C1028
:10D100001B6890ED120A0446D868FBF71FFB216CE0
:10D1100094ED110A6069BDE81040F4F77DB900BFD5
:10D120001C04002070B58C884AF67652944282B076
:10D130000DD1CA884EF28904A242034609D042F6B4
:10D140003324A24231D041F68914A2424AD002B01F
:10D1500070BD90F84D205207F9D5D0ED097ACA6814
:10D16000F5EEC07AF1EE10FA16DD9FED276AD0EDEC
:10D17000075A92ED007AD2ED016AF4EEC65AF1EE4A
:10D1800010FA09DD67EE266AF4EEE67AF1EE10FA9F
:10D1900002D587EEA67A01E0B7EE007A0B7C82ED2D
:10D1A000017A43F001030B74D1E7184A90F84C5010
:10D1B000106893F84D20C0685C6900EB8500C2F3ED
:10D1C000800565F3C302D0F80861656B206B83F8B6
:10D1D0004D200A7C9E6442F001025D6418640A746A
:10D1E00002B070BD90F84D200191C2F3C00464F309
:10D1F000820280F84D20FFF77FFF01990B7C43F0FE
:10D2000001030B74A3E700BF0AD7233C1C040020D2
:10D210002DE9F0432DED028B8FB00A7A0546900779
:10D2200008AF0C4646D50B68722B63D05C2B6BD0D5
:10D23000C82B7DD0CB2B00F0A580CC2B00F04582F5
:10D24000CF2B40F0D38095F84D30590740F1C68080
:10D250005021204608F02AFD002840F0BF805321CD
:10D26000204608F023FD002840F0A98346212046EF
:10D2700008F01CFD002840F08E835A21204608F05B
:10D2800015FD002840F093835121204608F00EFD43
:10D2900050B120460022512108F01CFD9FEDBE7ABE
:10D2A000C0EE077AC5ED0F7A1C37BD46BDEC028B88
:10D2B000BDE8F0835607F7D595F84D305807F3D5FC
:10D2C0004A680A3A012A40F27C82D907ECD56368A1
:10D2D000012B40F254825C2BE6D12046452108F018
:10D2E000E5FC0028E0D095F84D3043F0100385F8B8
:10D2F0004D30D9E795F84D10490700F16E8140F2A5
:10D30000F71293427CD0CFE795F84D305A0706D5F7
:10D310005021204608F0CAFC002800F01A81502154
:10D32000204608F0C3FC002840F0038123687FE713
:10D3300095F84D305B0740F125815021204608F0DB
:10D34000B5FC002840F01E814421204608F0AEFCC8
:10D35000002840F0E982D5ED077A9FED907AF4EE4F
:10D36000C77AF1EE10FA40F3CB8217EE900A18F06C
:10D37000B9FAE468024620680B4685688849204669
:10D38000A84791E795F84D305E0740F11D81502187
:10D39000204608F08BFC002840F01681204608F05B
:10D3A00009FD002840F0E1826B69E668586A18F0D0
:10D3B00099FA02460B46686A3568C7E9002318F0F7
:10D3C00091FACDE90001D7E90023AD6875493046EF
:10D3D000A847237A43F00103237265E750212046D2
:10D3E00008F064FC002840F09D812368D02B00F0F9
:10D3F0002281DD2B00F04A81B3F5FA7F7FF47FAF05
:10D400006B69E668186A9FED648A18F06BFA024649
:10D410000B46288A3168009030468E686249B047D2
:10D42000E869E66818F05EFA02460B46288A316819
:10D43000009030468E685D49B047A86AE66818F0EB
:10D4400051FA0B46298AD6F800800691D5ED0F7A5D
:10D4500067EE887A024617EE900AC7E9002318F0B3
:10D4600041FACDE90401A86B18F03CFACDE90201BC
:10D47000D5ED0B7A67EE887A17EE900A18F032FA3B
:10D48000CDE90001D7E90023D8F8088048493046A3
:10D49000C047686BE66818F025FA0B46298AD6F86B
:10D4A00000800291D5ED0C7A67EE887A024617EE7D
:10D4B000900AC7E9002318F015FACDE90001D7E971
:10D4C00000233C49D8F808803046C0476B69E668BD
:10D4D000986A18F007FA02460B46288A31680090CD
:10D4E00030468E683449B0476B69E668586A18F070
:10D4F000F9F902460B46288A3168009030468E685A
:10D500002E49B047D5ED097AF5EEC07AF1EE10FA62
:10D510007FF7CAAE17EE900A18F0E4F9E468024605
:10D520000B46288A216800908D6825492046A84727
:10D53000BAE600225021204608F0CCFB2B8A07EEE9
:10D54000903AF8EEE77AB4EE670AF1EE10FA7FF45B
:10D55000EDAE6B69452120461E6A08F0A7FB002846
:10D5600040F00281304618F0BDF9E56802462868AF
:10D570000B46866813492846B047237A43F00103D7
:10D58000237291E65021204608F090FB002840F0DD
:10D59000208123684EE600BF000070420AD7233C7A
:10D5A000785A0308B45A0308D85A0308FC5A0308E7
:10D5B000245B0308685B0308A85B0308D45B0308CB
:10D5C000005C0308705A03085021204608F06EFBE7
:10D5D000002840F0198123682FE612F0E00200F0E5
:10D5E0000981202A00F0D980602A7FF45DAE6B6942
:10D5F000D3ED0B7A93ED087AF8EEE77AC7EE877AE7
:10D6000017EE900A18F06EF9C04ACDE9000110211A
:10D6100007F108001DF072FD61696FF0404302469A
:10D620005B1A934204F11000C0F0778207F1080101
:10D6300017F0F2FE38E695F84D305A071ED5502106
:10D64000204608F033FBC8B95321204608F02EFBD2
:10D65000002840F0C1814621204608F027FB002821
:10D660003FF422AE20460022462108F033FB9FED16
:10D67000AC7AC0EE077AC5ED0C7A15E6502120464B
:10D6800008F014FB00285ED12368B2E695F84D300F
:10D690005B077FF509AE5321204608F007FB002801
:10D6A00040F0A28195ED067ADFED9E7AE46867EEA0
:10D6B000277A17EE900A18F015F9024620680B46F3
:10D6C000856893492046A847EEE54521204608F0A5
:10D6D000EDFA28B395F84D3058070DD55021204666
:10D6E00008F0E4FA40B92046002245216C6908F0B0
:10D6F000F1FA84ED0A0AD7E55021204608F0D6FA5F
:10D7000070B100225021204608F0E4FA2B8A07EE7F
:10D71000903AF8EEE77AB4EE670AF1EE10FAE2D04A
:10D7200023688DE500225021204608F0D3FA2B8A89
:10D7300007EE903AF8EEE77AB4EE670AF1EE10FAE7
:10D740003FF48DAD51E600225021204608F0C2FA88
:10D750002B8A07EE903AF8EEE77AB4EE670AF1EE1C
:10D7600010FA3FF471AF8FE720460022452108F000
:10D77000B1FA686910EE106AF3F72EFEF2E65A214C
:10D78000204608F093FA95F84D30002800F01F81EC
:10D7900043F0020385F84D3086E56B69D5ED066AE6
:10D7A00093ED0B7AD5ED087A93ED086AB8EEC77A57
:10D7B00067EEA67AC7EE066AC6EEA77A17EE900A5B
:10D7C00020E74C21204608F071FA70B395F84D30EF
:10D7D0007BE500225021204608F07CFA2B8A07EED8
:10D7E000903AF8EEE77AB4EE670AF1EE10FA3FF4F9
:10D7F000ABADCEE6474B95F84C201B68DB6803EBDE
:10D800008203D3F80801FDE600225021204608F0EB
:10D8100061FA2B8A07EE903AF8EEE77AB4EE670ADF
:10D82000F1EE10FA3FF4BAADD5E663680A2B00F0CA
:10D83000F2800B2B7FF438AD95F84D30DE077FF585
:10D8400033ADD5ED0E7AF5EEC07A60F30003F1EE5C
:10D8500010FA85F84D30E84640F3478195F84D3091
:10D86000DFF8B0909C0740F1448195F84C2002F11C
:10D87000010C4FEA8C0107316846C908A0EBC101D1
:10D880008D4608A93AB10026084601EB820440F80B
:10D89000046BA042FBD1D8060CD5D9F800306869DA
:10D8A000DB68446B006B03EB8203D3F80831AB6495
:10D8B0006C642864D5ED066A95ED0A7A95ED0D6ADB
:10D8C000D5ED087AD9F8003095ED0C0AD86837EE16
:10D8D000067A67EEA67A01EB8203C7EE276A5FFA43
:10D8E0008CF2C3ED006AFBF7E5FA95F84D30DA06E5
:10D8F00001D4C546D8E42846FFF7FEFBC546D3E46D
:10D90000E068054903689B689847CDE4645A0308BA
:10D91000C05A03081C040020905A03080AD7233C6D
:10D92000000070420000C84220460022442108F056
:10D93000D1F95FED067AD5ED086A85ED070AB4EEF8
:10D94000E70AF1EE10FA00F3B680F7EE007AB0EED7
:10D95000677AC5ED087A87EE260A6869D0ED0D7AF8
:10D9600020EE270AF3F748FD9EE44521204608F003
:10D970009DF9002840F0B0805621204608F096F925
:10D9800000283FF491AC20460022562108F0A2F96D
:10D9900085ED090A88E400224621204608F09AF91C
:10D9A0001FED217AC0EE077AC5ED0B7A65E40022FF
:10D9B0005A21204608F08EF985ED0E0A64E4002213
:10D9C0005321204608F086F985ED0A0A4EE4DB076C
:10D9D0007FF56AAC63687EE400225321204608F09C
:10D9E00079F985ED0D0A36E620460022532195EDA2
:10D9F000068A08F06FF91FED357A6869C0EE077A7C
:10DA000090ED0D7AC5ED067A87EE880A20EE070ABA
:10DA1000F3F7F2FC48E495F84D30DA073FF544ACF3
:10DA200095F84C60721C91000731E846C908A8EBD4
:10DA3000C10123F0130343F001038D4685F84D30F7
:10DA400008A93EB100240B4601EB860043F8044BC5
:10DA50009842FBD1D5ED066AD5ED087A95ED0A7AA4
:10DA60002F4C95ED0B0A236867EEA67AB1EE477A44
:10DA7000C7EE276A01EB8606D868D2B2C6ED006A07
:10DA8000FBF718FAD5ED0E7AF5EEC07AF1EE10FA42
:10DA90007FF72FAF236895ED0F0AD868C7ED047A9A
:10DAA000002307F108010322C7E90233FBF702FA5A
:10DAB000C546FFF7F9BBF6EE007A20EE270ADFED48
:10DAC000197A20EE000AB7EE006A60EE277A86EE39
:10DAD000277A85ED087A3EE70022452120466E69C7
:10DAE00008F0F8F886ED090A46E7DFF83490DBB273
:10DAF000BBE6D9F8003095ED0F0AD868F1EE677AE9
:10DB0000002307F108010322C7E90233C7ED047AB5
:10DB1000FBF7D0F995F84D30A7E6034817F0D1F997
:10DB20001C040020DB0F494038490308704700BF40
:10DB3000704700BF10B50446F5F7E2FF204610BD60
:10DB4000084B09491B685B681A6810B5044692685F
:10DB50001846904794F8303043F0010384F8303091
:10DB600010BD00BF1C040020C45C03082DE9F04375
:10DB70000646C8680C1DA04283B000F092800027C2
:10DB80003D46B846B946037C423B162B19D8DFE820
:10DB900003F0761818181818186D645B1818181800
:10DBA0000C18521818181818490090ED050A019021
:10DBB00018F092FCFCEEC07A0198CDED007A9DF849
:10DBC000007017F023F88442DDD1002F61D0B9F145
:10DBD000000F66D1B8F1000F63D1002D61D13A0674
:10DBE00000F1B8807B1EDBB2052B62D87C4A96F828
:10DBF000301086F8317003EB430302EBC3034FF0A0
:10DC00000108DA681C695869726121F00302D3E9DE
:10DC1000011342F00202C6E90313B461F06186F811
:10DC2000302046E04369B36016F0F0FF84424FF0C5
:10DC30000108A8D1C9E74369736016F0E7FF844281
:10DC40004FF001089FD1C0E74369F36116F0DEFF92
:10DC500001358442EDB296D1B7E74369B36116F05E
:10DC6000D5FF01358442EDB28DD1AEE743697361D2
:10DC700016F0CCFF01358442EDB284D1A5E74369AB
:10DC8000736116F0C3FF84424FF001097FF47BAF4C
:10DC90009BE796F830309B070FD41DB3B9F1000F06
:10DCA00014D096F8303043F0010386F830304FF04E
:10DCB0000008404603B0BDE8F083002D46D0B9F11E
:10DCC000000FEED1B8F1000F05D0EAE7B8F1000F70
:10DCD000E7D1032DE5D196F8303043F0020386F802
:10DCE00030301FE0B9F1000F75D0D6ED057AF5EEB2
:10DCF000C07AF1EE10FA25DDDFED3A6A96ED027A90
:10DD000037EE267AF7EE006A86EE876A86EEA77A05
:10DD100086ED076A86ED067A96F830306FF3410398
:10DD200086F8303096F8303013F001080CBF4FF011
:10DD300001086FF30003404618BF86F8303003B087
:10DD4000BDE8F0833046FFF7FBFEE5E7B9F1000FD1
:10DD5000CBD1A6E707F07F03013BDBB2052BA8D8A8
:10DD6000214A96F8301003EB430302EBC303D3EDD3
:10DD7000037A186993ED057AC6ED057AD3E9012394
:10DD8000F5EEC07A65F34101F1EE10FAC6E903231E
:10DD9000706086ED027A86F8301018DDDFED116ACA
:10DDA00037EE267AF7EE006A86EE876A86EEA77A65
:10DDB00086ED076A86ED067A96F8303086F831707F
:10DDC0006FF3000386F830304FF0010871E73046FA
:10DDD000FFF7B6FEF0E7B8F1000F86D161E700BFAC
:10DDE000BC5F0308339388434C6003082DE9F0437C
:10DDF00090F83030A94D2DED048B0446D80791B032
:10DE000005D52B68A649586803689B6898472B6816
:10DE100004F12001D86AF6F79BF807EE900ADFEDCF
:10DE2000A16A2B68F8EEE77A064686EEA77AF7EE47
:10DE3000007A37EE677AD4ED047AF8EEE76AD4ED2B
:10DE4000037AF8EEE77A86EE878AF5EEC07AF1EE8D
:10DE500010FA05DD27EE887A77EEC87A87EE278AF2
:10DE60005F68D7F8008018EE100A17F03BFDCDE987
:10DE700000013246D8F808308B493846984794F864
:10DE80003030990740F1B3802B6860695E6817F005
:10DE900029FD02460B46E0693768CDE9062317F0F5
:10DEA00021FD80468946A069CDE9028917F01AFD57
:10DEB000CDE90001DDE906237C493046BE68B04764
:10DEC000B0EE480A18F084FBD4ED067A94ED058A8A
:10DED000D4ED078AA7EE808AF0EE080A18F0AEFBB0
:10DEE000F0EE487AE8EE807A2B68B7EE007A87EE9B
:10DEF000278A5E68DFED6E7AD4ED0A8A94ED0B9A7C
:10DF000038EE678A18EE100A17F0ECFC79EE687AA2
:10DF100002460B4617EE900ACDE9062317F0E2FC05
:10DF20008046894619EE100A3768CDE9048917F052
:10DF3000D9FC8046894618EE900ACDE9028917F08F
:10DF4000D1FCCDE90001DDE9062330465949BE6820
:10DF5000B04794F83130002B37D01A063ED4013B3D
:10DF6000554A03EB430352F833800CAF0A97B8F1DC
:10DF7000000F02D1514816F0A1FF40461DF0E0FB12
:10DF80000F280646099079D8012E72D198F80030F2
:10DF90008DF830303B4600220B969A552B6894F84A
:10DFA00031205868464905680A9E464BAD68009680
:10DFB00012F0800F18BF0B4602F07F024249A847BB
:10DFC0000A98B84201D0F5F79BFD84ED0B8A84EDE9
:10DFD0000A8A11B0BDEC048BBDE8F08303F07F0327
:10DFE000013B3A4A03EB430352F83380BDE794ED1B
:10DFF000010A94ED069AD4ED078A88EE000A18F01B
:10E00000E7FA2B685E68E9EE008AF7EE007A87EEA1
:10E01000A88ADFED277AD4ED0A8A94ED0B9A38EEC0
:10E02000678A18EE100A17F05DFC79EE687A0246EE
:10E030000B4617EE900ACDE9062317F053FC8046F5
:10E04000894619EE100A3768CDE9048917F04AFCB1
:10E050008046894618EE900ACDE9028917F042FC05
:10E06000CDE90001DDE9062319493046BE68B04715
:10E070006FE73B46002E8ED0384607E00AA8002204
:10E0800009A916F0E7FF099B0A900C933246414616
:10E090001BF016F8DDE909637DE700BF1C040020D2
:10E0A000EC5C030800F07F45245D0308405D030835
:10E0B00033938843685D0308BC5F030890460308F8
:10E0C000E05C0308E85C0308C05D03084C600308DB
:10E0D000945D030810B5084B044640F8203BF2F766
:10E0E0002DFA238E0549A16203F0FC03002223864A
:10E0F0006261E262204610BDE860030800C0794416
:10E10000036817499B682DE9F0410446154FDFF875
:10E1100064809847144B012202E057F8183F2A46C2
:10E120002168551C8E6820464146B047072DF4D122
:10E1300023680E499B680E4FDFF8388020469847C9
:10E14000094B812202E057F8183F2A462168551CE6
:10E150008E6820464146B047872DF4D1BDE8F08156
:10E16000FC5D0308BC5F0308F05D0308145E030850
:10E170004C600308085E030810B52DED068BB0EE69
:10E1800040AAB0EE600AF0EE618AB0EE429AF0EE7C
:10E19000419AF0EE62AA044618F01AFAB0EE408AEC
:10E1A000B0EE680A18F014FAF0EE408AB0EE6A0A8F
:10E1B00018F00EFA9FED292A7AEE027A39EE821AC9
:10E1C00039EE022AB7EE006A86EE277AC6EE016AB9
:10E1D000C6EE027A70EE485A36EEC76A77EEC77A14
:10E1E00038EEC85AC6EE056A87EEA56A78EE287A38
:10E1F00070EE685A37EE800A36EE666A20EE250A1F
:10E2000068EE085AC6EE007AB0EE656AA8EEA86A13
:10E21000F5EEC07AA8EE286AF1EE10FAE7EEC66ACB
:10E22000F0EE668AE7EEA56AA6EEC87AB0EE478AF7
:10E230000AD50B4B0B491B6858680368B1EE679A07
:10E240009B689847F0EE497AC4ED018A84ED028A12
:10E25000BDEC068B2046C4ED007A10BD3393884395
:10E260001C040020205E03082DE9F04FAF4DDFF8BD
:10E27000D4C22B68AE4EAF4F04464FF0000941F2B6
:10E280005C209DB0C4F804C0A76020616661586935
:10E29000C4F80C9044F2B46317460E46F4F7BEF986
:10E2A0004946F4F79BFBF4F781FB2B683A4631466D
:10E2B000824658694AF25503F4F7B0F90DF1600847
:10E2C00016A9CDF85C908DF86090CDF85880F4F7E1
:10E2D00097FB014604A8F4F7EBFB1698404501D0E4
:10E2E000F5F70EFC059B002B40F0EF8094F8309082
:10E2F000C9F34009B9F1000F00F058814FF000094F
:10E300002A6841F2A253314650693A46F4F786F939
:10E3100094ED010AF4F76EFBF4F77EFB2B6884EDB5
:10E32000010A3A463146586941F6A413F4F776F9E2
:10E3300094ED020AF4F75EFBF4F76EFB2B6884EDB4
:10E34000020A3A465869314641F2A363F4F766F986
:10E35000E168F4F743FBF4F75FFB2B68BDEEC00AFE
:10E360003A46586984ED030A41F2A4733146F4F742
:10E3700055F92169F4F732FBF4F74EFB2B68BDEE3B
:10E38000C00A3A46586984ED040A40F2FC633146FB
:10E39000F4F744F9F4F7F8FA04F1200A014616A854
:10E3A000F4F786FB16A95046F2F7D2F816984045C6
:10E3B00001D0F5F7A5FB2B685146D86AF5F78CFC20
:10E3C0002A684BF2F673506931463A46F4F726F95B
:10E3D000002316A9CDE916838DF86030F4F710FB01
:10E3E00001460AA8F4F764FB1698404501D0F5F7FA
:10E3F00087FB2B683A465869314646F66D73F4F749
:10E400000DF9002316A9CDE916838DF86030F4F7D5
:10E41000F7FA014610A8F4F74BFB1698404501D0D7
:10E42000F5F76EFB119B002B40F0D1800B9BEBB9F5
:10E4300094F830309B0700F1EC80D4ED057AF5EECE
:10E44000C07AF1EE10FA40F30581DFED3B6A94EDFE
:10E45000027A37EE267AF7EE006A86EE876A86EE53
:10E46000A77A84ED076A84ED067A19E016A80A995E
:10E47000F3F708FBDDE916031B1A0C2B00F0DA801A
:10E480002B682E49586803689B68984794F8303089
:10E49000169843F0010384F8303008B1F5F730FBEB
:10E4A000109812AB984201D0F5F72AFB0A980CABF2
:10E4B000984201D0F5F724FB049806AB984201D0AE
:10E4C000F5F71EFB1DB0BDE8F08FBAF1000F3DD18E
:10E4D0001B49DFF874B004A817F04DF80AF1010ADF
:10E4E00058B1BAF1060F31D05BF8181F04A817F025
:10E4F00042F80AF1010A0028F3D1DBF80C10DBF82E
:10E500001020DBF8140094F830306161A261DBE97F
:10E51000011243F00203C4E90312E06184F83030D1
:10E5200084F831A04FF00109EAE600BF1C04002086
:10E5300000207E450000C84133938843CC5E030829
:10E54000F05D03080050C347BC5F03085349DFF880
:10E5500058A104A817F00FF84FF0000909F10109BC
:10E5600058B1B9F1060F4CD05AF8181F04A817F08B
:10E5700002F809F101090028F3D194F83030DAF8F3
:10E580000C10DAF81020616160F34103DAF814002E
:10E590006260DAE90112C4E9031249F0800984F8E3
:10E5A0003190A06084F830304FF001092A6840F2C1
:10E5B0009D43314650693A46F4F730F894ED050A28
:10E5C000F4F718FAF4F728FA84ED050A98E610999A
:10E5D00001A8F3F757FADDE901239B1A182B3DD068
:10E5E0002B682F49586803689B68984794F8303027
:10E5F000019843F0010384F8303000287FF44EAFD7
:10E600004EE794F830900023C9F3400984F8313084
:10E6100070E6B9F1000F7FF443AF2B6821495868C9
:10E6200003689B68984794F8303043F0010384F8FE
:10E63000303035E702686261426894F83030A26198
:10E640008268E26143F0020384F8303000287FF4EE
:10E6500025AF25E72046FFF773FA21E7D2ED052A1B
:10E6600092ED042AD2ED031A92ED021AD2ED010ABC
:10E6700092ED000A16A8FFF77FFD94F8303001985C
:10E68000189D1799169A656143F0020384F830309B
:10E69000A161E26100287FF401AF01E7F05D0308AA
:10E6A000985E0308005F03084C6003084A1E40F6AA
:10E6B000FD739A4248D807EE901ADFED2F6AF8EE04
:10E6C000E77A10B586EEA77A0446F7EE007A37EEC1
:10E6D000677AD0ED047AF8EEE76AD0ED037AF8EEC7
:10E6E000E77A86EE870AF5EEC07AF1EE10FA2DEDA4
:10E6F000028B05DD20EE277A77EEC07A87EE270AB7
:10E7000094ED017AF2EE007A67EE277AF4EEC07AA1
:10E71000F1EE10FA1AD494F830309B071CD480EE36
:10E72000070A94ED078AD4ED068A17F051FFA8EE88
:10E73000808AF7EE007A87EE880ABDEC028BDFED67
:10E740000F7A30EE670A10BD17F08EBEBDEC028B5B
:10E75000BDE8104017F088BE17F03AFFD4ED067AF6
:10E7600094ED058AD4ED078AF0EE080AA0EE278A18
:10E7700017F064FFDBE700BF00F07F453393884369
:10E7800090F83030DB0701D517F06EBE0F4B1B68D9
:10E7900010B500F120010446D86AF5F7D9FB01460F
:10E7A0002046FFF783FFD4ED0B7AB4EEE70AD4EDF1
:10E7B0000A7AF1EE10FAB4EEE70AC8BF84ED0B0A4C
:10E7C000F1EE10FA48BF84ED0A0A10BD1C040020C7
:10E7D0002DE9F8438C6880469146C4B1167800E074
:10E7E0001C46257CAE4235BFA368E368012700279D
:10E7F000002BF5D167B92346AE428BBF0022002320
:10E80000C8E90023C8E900434046BDE8F8830C1D71
:10E81000CB68A34208D0204616F00BFA234699F89D
:10E820000060057C0446E7E70023C8E90034404661
:10E83000BDE8F8832DE9F04F1F46054683B0182048
:10E840000E4616F05DF93A6805F104091778077469
:10E850000023B1450446436100F1100B39D096F80E
:10E8600010A05745B0461DD2EB68B34209D03046E0
:10E8700016F0DFF9037CBB42024630D2C368002B9E
:10E8800035D04246F2B1B8F1000F32D001204B46EC
:10E89000214616F0D0F96B69204601336B6103B055
:10E8A000BDE8F08F0ED92A69B2422CD0304616F05E
:10E8B0009AF9037CBB42024611D9F36833B3804610
:10E8C000E0E790462046F5F71BF9404603B0BDE867
:10E8D000F08F6B691BB12A69137CBB4207D35A4680
:10E8E00029466846FFF774FFDDE90082CAE7002A7F
:10E8F000E7D09145CAD0277C92F810A057452CBF8D
:10E9000000200120C3E7002AF5D1DBE7002ED9D093
:10E910003246F3E72DE9F04390F8314087B00D46D9
:10E92000002C40F0CB8090F830308A689B07064678
:10E9300063D5492301F104098DF81330494672B1BA
:10E940001346187C48288ABF1946DB689B68002B51
:10E95000F7D1894503D00B7C492B40F2DF800DF1C4
:10E96000100805AB8C4ACDF800800DF1130728463E
:10E9700003930597FFF75EFFAA68746944614A2113
:10E98000039B8DF81310002A00F0038114464946BA
:10E99000137C492B8ABF1146D2689268002AF7D1AE
:10E9A000494500F0C2800B7C4A2B00F2BE80B26960
:10E9B0004A614B238DF813304946237C4A2B8ABF8A
:10E9C0002146E468A468002CF7D1494502D00B7CAD
:10E9D0004B2B0CD90DF1130705AB0DF110086E4A46
:10E9E000CDF8008028460597FFF724FF0146F3691C
:10E9F0004B61012007B0BDE8F083422301F1040917
:10EA00008DF8133049466AB11346187C41288ABFF5
:10EA10001946DB689B68002BF7D1894502D00B7C37
:10EA2000422B74D90DF1100805AB5B4ACDF800807C
:10EA30000DF11307284603930597FFF7FBFEAA681D
:10EA4000746944615821039B8DF81310002A00F06B
:10EA50009E8014464946137C572B8ABF1146D268C4
:10EA60009268002AF7D1494578D00B7C582B75D88D
:10EA7000B2684A6152238DF813304946237C512BEA
:10EA80008ABF2146E468A468002CF7D1494502D02A
:10EA90000B7C522B0CD90DF1130705AB0DF11008AF
:10EAA0003D4ACDF8008028460597FFF7C3FE014692
:10EAB00073684B61012007B0BDE8F0838B6850227A
:10EAC00004318DF81320084663B11A7C4F2A8ABF9F
:10EAD0001846DB689B68002BF7D1814202D0037C8B
:10EAE000502B0AD904AB0146009328462A4A0DF15F
:10EAF000130505AB0595FFF79DFE07EE904AF8EE6E
:10EB0000677AC0ED057A012007B0BDE8F08370692F
:10EB10004861582314468DF813309BE770694861AB
:10EB20004A2314468DF8133031E70DF1130705AB76
:10EB30000DF11008184ACDF8008028460393059778
:10EB4000FFF778FEAC68B16941614B22039B8DF8F9
:10EB50001320002C7FF430AF494640E70DF1130736
:10EB600005AB0DF110080C4ACDF800802846039340
:10EB70000597FFF75FFEAC68B16841615222039BC5
:10EB80008DF81320002C7FF478AF494688E749467A
:10EB9000E9E74946CEE700BFDC6003080020704784
:10EBA00000207047704700BF10B50446F4F7A8FF77
:10EBB000204610BD70B5104D2E6886B04AF2C023B5
:10EBC00004467069F3F72AFDF3F7DEFE04340146CC
:10EBD0006846F3F76DFF69462046F1F7B9FC0098E7
:10EBE00002AB984201D0F4F78BFF2B682146D86A1C
:10EBF000F5F772F806B070BD1C04002010B5044B88
:10EC0000044640F8043BF1F799FC204610BD00BFD4
:10EC1000306103084A1E40F6FD739A4216D807EE8B
:10EC2000901ADFED0B5A9FED0B6ADFED0B6A9FED3B
:10EC30000B0AF8EEE77A87EEA57A67EE077A27EEF9
:10EC4000067AA7EEA67A37EE400A704717F00CBC9A
:10EC500000F07F4533337B449A59BF430AD7714351
:10EC60000F4B1B6810B5011D0446D86AF5F770F903
:10EC700001462046FFF7CEFFD4ED047AF4EEC07AC9
:10EC8000D4ED037AF1EE10FAF4EEC07A48BF84EDC9
:10EC9000040AF1EE10FAC8BF84ED030A10BD00BFEC
:10ECA0001C0400202DE97043154E336884B00446DF
:10ECB000011DD86A0391F5F74BF9336803990246B1
:10ECC000D86A0392F5F744F901462046FFF7A2FF00
:10ECD000336810EE100A5E6810EE105A16F002FE4D
:10ECE0008046894633680749039ACDE90089304652
:10ECF0009B6898472561E56004B0BDE8708300BF5C
:10ED00001C04002008610308704700BF10B50446CA
:10ED1000F4F7F6FE204610BD2DE9F041194D2B68A1
:10ED200086B0044658694FF2485317460E46F3F72B
:10ED300075FCF3F729FE04F1040801466846F3F771
:10ED4000B7FE69464046F1F703FC009802AB9842D3
:10ED500001D0F4F7D5FE2B683A463146586943F2A4
:10ED60008933F3F75BFC0021F3F738FEF3F754FE29
:10ED70002B6884ED030AD86A4146F4F7ADFF06B06C
:10ED8000BDE8F0811C0400201D4B1B6810B5011D5F
:10ED90000446D86AF5F7DCF840F6FE73984227D8A7
:10EDA00007EE900AF8EEE77A17EE900A16F09AFD51
:10EDB00011A3D3E9002316F017FF17F0A5F894ED7F
:10EDC000030A07EE900A37EEC00AD4ED057AF4EE96
:10EDD000C07AD4ED047AF1EE10FAF4EEC07A48BFAE
:10EDE00084ED050AF1EE10FAC8BF84ED040A10BDE7
:10EDF00017F03AFBE9E700BFD245175D74D1184020
:10EE00001C04002000000000F0B5234E2DED028B05
:10EE1000336885B00446011DD86AF5F799F807EE06
:10EE2000900AF8EEE77A054617EE900A16F05AFDBA
:10EE300017A3D3E9002316F0D7FE17F065F8D4ED39
:10EE4000037A336807EE100A17EE900A5E6837EE11
:10EE5000678A16F047FD02460B4618EE100A37681F
:10EE6000CDE9022316F03EFDCDE900012A460B490B
:10EE7000BD68304640F6FF73A84784ED058A84EDEF
:10EE8000048A05B0BDEC028BF0BD00BFAFF300807B
:10EE9000D245175D74D118401C040020506103084E
:10EEA00010B5064B044640F8043BF1F747FB044A13
:10EEB000226100236361204610BD00BF8861030802
:10EEC00000C07944704700BF10B50446F4F718FE3F
:10EED000204610BD037943F0010370B4037172B68C
:10EEE000836D446D416D826D1B1B9142C8BF103311
:10EEF00062B6002B3FD0DFED217A002400F114062A
:10EF000072B6836D456D416D826D5B1B9142C8BFCA
:10EF1000103362B69C421CDA436D826D93420CD072
:10EF20005CB1002201E0944207D0816D013303F00F
:10EF30000F03994202F10102F5D1826D9A4214BF8A
:10EF400006EB8303002393ED007A013477EE877A92
:10EF5000D6E772B6836D446D416D826D1B1B914285
:10EF6000C8BF103362B607EE103AB8EEC70A70BCDD
:10EF700087EE800A704770BC17F076BA0000000078
:10EF800010B504460069074B236030B10368064A98
:10EF90005B68934203D1F4F7B3FD204610BD984758
:10EFA000204610BDB0610308C9EE000810B5044644
:10EFB00000690A4B236030B10368094A5B689342D9
:10EFC00006D1F4F79DFD2046F4F79AFD204610BDCA
:10EFD00098472046F4F794FD204610BDB061030821
:10EFE000C9EE00082DE9F0413E4F3B688CB0044665
:10EFF000586942F62F030D461646F3F70FFB3A49C0
:10F0000002910023042269460DF108088DF80C30A6
:10F010000192CDF80080F3F7F3FC014606A8F3F760
:10F0200047FD06A904F10800F1F792FA069808AB2B
:10F03000984201D0F4F764FD0098404501D0F4F700
:10F040005FFDA37B9A0716D513F0010F237BA16800
:10F050000CBF01224FF480329A408A610A685B003B
:10F060004FF0030C0CFA03FC012022EA0C0200FA18
:10F0700003F313430B603B6832462946586945F257
:10F080008873F3F7CBFA0021F3F7A8FCF3F7C4FC7D
:10F09000BDEEC00A206910EE103A002B0BBF0F27FF
:10F0A0000727122509250CBF1126082630B1036851
:10F0B0000E4A5B68934213D1F4F722FD342015F019
:10F0C0001FFD3B4632462946054615F0B9F9256134
:10F0D00028460022102115F0D5F90CB0BDE8F081CA
:10F0E0009847EBE71C040020302E3136C9EE0008AB
:10F0F0000379D9075BD5837B9A0710B5044608D5F9
:10F10000017B8268D8074CBF01234FF480338B40CA
:10F110009361012014F032FC2069036800219B6890
:10F120009847A37B9A0708D5DB07217BA26854BFC9
:10F1300001234FF480338B409361C10732D4020422
:10F140004FEAA00334D4C3F30C0300EE103ABAEE36
:10F15000CF0AB0EE407A72B6A36D606D616DA26D9C
:10F160001B1A9142C8BF103362B60E2B04DD636DCB
:10F17000013303F00F036365DFED157AB4EE677AB0
:10F18000F1EE10FA09DCA26DA36D013304EB8202EB
:10F1900003F00F0382ED050AA36523796FF30003E3
:10F1A000237110BD17F060F9B0EEC07AD3E7704755
:10F1B000DB43C3F30C03013300EE103AB8EEC00A90
:10F1C000FDEE007A20EE270AB0EEC07AC3E700BF5A
:10F1D000FFFF7F7F704700BF10B5084B044640F823
:10F1E000083BF1F7ABF92279002342F00102A36555
:10F1F000227123616365204610BD00BFB061030822
:10F2000043682BB190F84C3043F0020380F84C3047
:10F21000836C323383640020704700BF10B5034B0A
:10F2200003600446F4F7C4FE204610BD08640308DA
:10F2300010B5054B03600446F4F7BAFE2046F4F718
:10F240005FFC204610BD00BF0864030810B50446EB
:10F25000F4F7B6FE94F84C20074B2360002363F3C9
:10F260004102C82184F84C2063602363E360A364F7
:10F270006162204610BD00BF0864030838B504462B
:10F2800040684FF07C532DED028B303063610D46AA
:10F29000B0EE408AF1F704FF07EE900A206BF8EE1B
:10F2A000E77A0023C4ED107AA362A36408B115F0D5
:10F2B00016FC606A6FF060430130984234BF8000F2
:10F2C0004FF0FF3015F02DFC63682063002103F13F
:10F2D0003000F1F7E7FE6368E06800229A6084ED91
:10F2E000028A256108B115F0FAFB6FF060439D4278
:10F2F00034BFA8004FF0FF3015F013FC002D03467B
:10F30000E06006DD002200EB850143F8042B8B4210
:10F31000FBD1BDEC028B94F84C20002322F00502B7
:10F3200084F84C20E3626363636438BD4368BBB117
:10F3300010B5002204469A6003F130000021F1F775
:10F34000B1FEE0680023636008B115F0C8FB206BD4
:10F350000023E36008B115F0C2FB0023236310BD56
:10F36000704700BF0B7A9B0712D52DE9F0410B685F
:10F370002DED028BB3F5987F82B00C4609D040F298
:10F380002F12934211D002B0BDEC028BBDE8F08188
:10F390007047FFF7CBFFE068484903689B689847D0
:10F3A00002B0BDEC028BBDE8F08105464521204648
:10F3B00006F07CFC0028E6D000224521204606F01D
:10F3C00089FCFDEEC07A01AB17EE906A43F235710D
:10F3D000B2B24AF61640F1F7D3FE002833D0019BB3
:10F3E0001B686B605321204606F060FC002850D15A
:10F3F0009FED338A4321204606F058FC00283BD17C
:10F4000008274221204606F051FC68BB4C212046CB
:10F4100006F04CFCF0B9E0686B680268DB6CD2F86F
:10F42000088028493246C04739462846B0EE480A87
:10F43000FFF724FFE0686A680368D26C9C68224981
:10F440003B46A0479FE7E0682049036832469B6837
:10F45000984798E700224C21204606F03BFCBDEE81
:10F46000C00A85ED090AD6E700224221204606F0AF
:10F4700031FC85ED050AC9E700224321204606F04C
:10F4800029FCFDEEC07A17EE907A082FB8BF082746
:10F49000B7E700222046532106F01CFC10EE100AAC
:10F4A000B0EE408A16F01EFAE768024638680B464E
:10F4B000D0F8088006493846C0479BE7D06103086A
:10F4C000000016432862030858620308E861030835
:10F4D00018620308000000002DE9F04FD0ED107A0B
:10F4E000654D77EEA77A2DED028BB1EE007A67EECF
:10F4F000877A87B0044617EE900A16F0F3F994ED78
:10F500000E7AD4ED0F7A77EE677A064617EE900AF8
:10F510000F4616F0E7F954A3D3E9002316F03AFAA0
:10F5200002460B463046394616F05EFB16F0ECFC00
:10F53000D4E906315B1A07EE903A9FED507A2A68BB
:10F54000F8EE677AD2F804A0C7EE878A08EE100AB0
:10F5500016F0C8F9064618EE900A0F4616F0C2F9E2
:10F5600080468946DAF800304549CDE900893246BF
:10F570005046D3F808A03B46D0473DA3D3E900232B
:10F580003046394616F006FA16F0BEFC3D4B824670
:10F590004FF033323046394616F0FCF942464B46BE
:10F5A00016F022FB16F0B0FC68EE287A074617EE3C
:10F5B000900A16F097F94FF03332334B16F0EAF910
:10F5C00016F0A2FC2B6806465046D3F8048016F0CD
:10F5D00089F902460B463046CDE9042316F082F93C
:10F5E0008C4683463846D8F80090CDE902BC16F028
:10F5F00079F9CDE90001DDE9042324494046D9F831
:10F600000880C04700EE10AA606800F08DFD00EE93
:10F61000107A606800F08CFD00EE106A606800F0FF
:10F620008FFD2B681A49586803689B689847636880
:10F63000002203F130009A600021F1F733FDE06809
:10F640000023636008B115F04AFA206B0023E360E1
:10F6500008B115F044FA0023236307B0BDEC028B18
:10F66000BDE8F08FAFF300806E861BF0F9210940F2
:10F67000333333333333E33F1C04002000007A4438
:10F68000906203083333F33F3333B33FA46203087C
:10F69000D0620308000000002DE9F0432DED028B3D
:10F6A00090F84C30990789B0C3F3400540F1B08021
:10F6B00090F84C30044640686FF3410384F84C30B6
:10F6C000002800F0A5802269636B93420EDBC04BDB
:10F6D000C0491B68586803689B689847204609B072
:10F6E000BDEC028BBDE8F043FFF7F6BE00F020FC56
:10F6F000D4ED027A94ED057A77EE876AB0EE408A0F
:10F70000B4EEE60AF1EE10FA00F3878077EEC77ADE
:10F71000B4EEE70AF1EE10FA00F1A480A16CAE4B52
:10F72000AE4A03FB01F3B2EBF30F1ED3A84B1B68E9
:10F7300018EE100A5E6816F0D5F802462069D4F873
:10F7400034C037680B46616C0490A068CDF80CC0DB
:10F75000CDE90623029116F0C5F8CDE90001DDE9F7
:10F76000062330469E49BE68B04794F84C305B078C
:10F770004ED5666A002E6CDD276B731C07EB830386
:10F78000381D29462A4653ED027A32B1B4EEE78A93
:10F79000F1EE10FACCBF0122002231B1B4EEE78ABB
:10F7A000F1EE10FA4CBF0121002163ED017A98427D
:10F7B000E9D1A36A87ED008A9E4250DC002A5ED11F
:10F7C00000297DD0D4ED0F7AE36AB4EEE78AF1EE3A
:10F7D00010FA48BF84ED0F8A002B40F0D7804FF01D
:10F7E000FF33E362636B2269934269DAE26894F85B
:10F7F0004C5002EB830383ED008A05F00105002DD8
:10F8000069D194F84C30A26C6FF3000384F84C304B
:10F8100009B0BDEC028BBDE8F08360680021303098
:10F820006164F1F73FFC94F84C305A0707D443F079
:10F83000040384F84C3084ED0E8A84ED0F8AA16CA9
:10F84000654B664A03FB01F3B2EBF30FBFF46EAFF7
:10F850008FE7A36A226B9E4282ED008A0FDD01339F
:10F86000A362D5E7D4ED107A6068FDEEE77A303018
:10F8700017EE901AC4ED117AF1F7FAFB4EE7D4EDCA
:10F880000E7AB4EEE78AF1EE10FA01DD84ED0E8A0D
:10F89000E36AD3B1013340F0928094F84C30A2690E
:10F8A000E26143F00103012284F84C30E262636BB1
:10F8B000E268A16CA16102EB830383ED008A9EE7FD
:10F8C00094F84C5005F0010599E794F84C50012349
:10F8D0001D40E362EBE7636B1D46032D91DDE3689A
:10F8E0003B4905F18042013A03EB820353ED016A83
:10F8F00053ED027A93ED007A0B6876EEE77A37EEF5
:10F90000667AF0EEE77AB0EEC77A77EE877AB6EEEF
:10F91000007A67EE877AD3F8048017EE900A15F024
:10F92000E1FF06460F46E06BD8F80090CDE904678A
:10F9300015F0D8FF02460B46A06BCDE9022315F067
:10F94000D1FFCDE900012A46D9F8083025494046C3
:10F950009847636B032B7FF754AF94ED0E7AD4ED89
:10F960000F7A77EE677A17EE900A15F0BBFF16A3B1
:10F97000D3E9002316F00EF802460B46304639460E
:10F9800016F07AFA00283FF43CAFA7E6012B7FF48B
:10F9900029AF636B94F84C202169013342F00102D6
:10F9A0004FF0FF308B4263631D4684F84C20E062C9
:10F9B00093DAE26802EB830282ED008A8CE794F826
:10F9C0004C5005F0010572E79A9999999999A93FC8
:10F9D0001C04002040630308D578E92637894100DC
:10F9E000A0630308CC63030870B590F84C30294A33
:10F9F0006FF34103126880F84C3084B0044618203D
:10FA0000566A15F07DF80546F2F78EFF224B234A21
:10FA10001B68234902919B0BA2FB03231B0907EEE2
:10FA2000903A0022039204ABF8EEE77A13E9030060
:10FA3000FDEEE77A05F108026C60C5ED047A0195E8
:10FA400082E80300C5ED057A72B63369132B12D92B
:10FA5000D6E90213994217D0019B41F8043BB160EB
:10FA600062B603212046F4F7B1FA20460221F4F7EA
:10FA7000ADFA04B070BD142131613046F1F720F8C1
:10FA8000D6E902139942E7D1301D01AAF6F7F8F939
:10FA9000E6E700BF1C040020D0010020CDCCCCCC78
:10FAA00001F20008704700BF704700BFBFEE000AB8
:10FAB000704700BF10B50446F4F722F8204610BD89
:10FAC0002DE9F04390F89130894D9E0689B00446A7
:10FAD00023D52B68E26CD3F80480806AD8F8003014
:10FAE0000792D3F8089015F0FDFED4ED027A079A3C
:10FAF000F5EEC07AF1EE10FA06460F4651D917EE30
:10FB0000900A15F0EFFE079A636A0493CDE90201AB
:10FB1000CDE9006777494046C8472A6892F8B8306F
:10FB200098073BD4B4F88C10C1F30E03B3B394F828
:10FB30009130C3F34206013606F0070666F343032D
:10FB400084F8913056BBD4ED027AF5EEC07AF1EE2E
:10FB500010FA29D994F88B0094ED0A7AC0F3810346
:10FB6000032B5BD05BBBF4EEC77AF1EE10FA24DA1C
:10FB7000B4F88E30C3F30803002B0CBF012102211F
:10FB8000B4F8903094F88B2023F47F6323F00F03B4
:10FB900061F38302A4F8903084F88B2009B0BDE8AB
:10FBA000F08300200021AFE794F88B3066F38303E5
:10FBB00084F88B3009B0BDE8F0830121E0E700F064
:10FBC0000C0004286BD0082875D0B4F88E10C1F34F
:10FBD00008010029E2D0B4F89030581CC0F30800A6
:10FBE00060F308038842A4F89030D7DD506842499A
:10FBF0000368E26C9B689847002228680721F3F7A6
:10FC000079FB94F88B20B4F890306FF383026FF394
:10FC1000080384F88B20A4F89030BFE794F88C3068
:10FC20009906BBD003F03F0377EE677A07EE103AF0
:10FC3000B8EEC77AF0EEE76AF4EEC76AF1EE10FAB2
:10FC4000B4F890304FDDC3F30801481C60F308039B
:10FC5000A4F890300029A1D05768E26C079217EE03
:10FC6000900A15F03FFED7F80080079ACDE9000111
:10FC70002249D8F808303846984732462868072184
:10FC8000F3F738FB94F88B20B4F8903066F38302D6
:10FC900066F3080384F88B20A4F890307EE7D4ED57
:10FCA000206A77EEE67AF4EEC77AF1EE10FA0BD915
:10FCB000C1F388118DE7D4ED206A77EEA67AF4EED1
:10FCC000C77AF1EE10FA80DBB4F8903094F88B200C
:10FCD00023F47F6323F00F0342F00C02A4F890306A
:10FCE00084F88B205AE766F30803A4F8903055E7B0
:10FCF0001C0400203864030850640308CC64030823
:10FD000001B1704710B5044641623030F1F7CAF9CD
:10FD1000014BA36010BD00BF000080BF90F8913080
:10FD20005A0619D510B56FF386130C4C80F8913034
:10FD30002368C26C58680A4903689B68984723681F
:10FD40000849586803689B68984720680022BDE806
:10FD500010400721F3F7CEBA704700BF1C04002003
:10FD600044650308F4670308C069034A0368DB6954
:10FD7000934200D1704718472DDB000810B50446A8
:10FD8000C0690F4B236030B103680E4A5B68934231
:10FD900013D1F3F7B5FEE06C04F15403984201D09F
:10FDA000F3F7AEFE2046084B40F8303FF4F700F979
:10FDB0002046F4F7FDF8204610BD9847EBE700BF5A
:10FDC000A0680308B5FA0008B448030810B5044653
:10FDD000FFF7D4FF2046F3F793FE204610BD00BF87
:10FDE00070B504460E461546F4F7EAF820460F4B68
:10FDF00040F8303BF1F726F994F8922094F89100FE
:10FE0000A4F88460002363F3000220F06E0184F8FC
:10FE1000922004F1540084F85430E064656084F862
:10FE200091102365E361204670BD00BFA068030800
:10FE3000D0ED037AF4EE407AF1EE10FA48BFB0EE5E
:10FE4000670AF7EE007AB4EE670AF1EE10FA10B521
:10FE5000044618D190ED050AD4ED027A84ED020A29
:10FE6000B5EEC00AF1EE10FA4FF000032DD9F5EE11
:10FE7000C07AF1EE10FA10D994F88B306FF3830347
:10FE800084F88B3010BDF0EE007AB4EE670AF1EE24
:10FE900010FA08BF90ED060ADEE7D4ED097A94ED7A
:10FEA000087AA26AE266F8EEE77AF4EEC77AF1EE33
:10FEB00010FAC4ED1A7A15DD94F88B3084ED1A7AB5
:10FEC0006FF3830384F88B3010BD0021616204F16D
:10FED0003000F1F7E7F894F88B306FF3830384F880
:10FEE0008B3010BDF5EEC07AF1EE10FA48BFA36674
:10FEF00094F88B306FF3830384F88B3010BD00BF10
:10FF000038B58C884AF61642944205D1B0F8842060
:10FF1000CB889A420D4600D038BDCB6893ED000ADD
:10FF2000FFF786FF2B7C43F001032B7438BD00BF25
:10FF300090ED0A0A704700BF70B590F89130D0ED8F
:10FF4000027AD9062DED028B0446B0EE408A52D4D7
:10FF5000D0ED1D6A90ED1A7AD0ED088A77EEC07A5E
:10FF6000A6EEA77AF4EEC78AF1EE10FA33D594ED37
:10FF70001C6A94ED1B7AD4ED1E6A94F89230F0EE70
:10FF8000685AE6EE275A9A0704F1300638EE477AA7
:10FF9000F0EE657AE6EEC77A304658BFC4ED1A8AAD
:10FFA000FDEEE77AC4ED097A17EE905AF1F778F88A
:10FFB00085421ADA616A00294BDB94F892309B077C
:10FFC00048BFC4ED1A8A3046F1F752F884ED1B8A17
:10FFD000BDEC028B70BDDFED298AB5EEC07AF1EE83
:10FFE00010FA58BFF0EE478AC1E73046F1F758F8EB
:10FFF00001466062E7E790ED197A77EE876AF4EEE2
:020000040801F1
:10000000C06AF1EE10FA17D5436A002B24DC77EEB4
:10001000C77AB4EEE70AF1EE10FAD9D504F130054B
:100020002846F1F73DF8FE2828461CDD0121F1F7AE
:1000300039F8FF236362CBE777EEC77AF4EEC07A34
:10004000F1EE10FAC4DD436A002BE7DDBDEC028B54
:1000500070BD00216162B6E700213030F1F722F86F
:1000600000236362B4E7F1F71BF801462846F0F776
:10007000FFFF2846F1F714F86062A9E700000000CE
:1000800010B50446C069254A0368DB6893422DED2C
:10009000028B39D1BFEE008A94F89230DB072DD461
:1000A00094ED027AF0EE007AB4EEE77AF1EE10FA0F
:1000B00024DDDFED1B7AB0EEC87AB4EE677AF1EE9C
:1000C00010FA0DDCD4ED047AF4EEC87AF1EE10FAF1
:1000D00006DCD4ED037AF4EEC87AF1EE10FA17D507
:1000E00094F891300F4AA26043F04003002184F855
:1000F0009130616204F13000F0F7D4FF84ED0A8A98
:10010000BDEC028B002010BD9847B0EE408AC3E7DB
:10011000B0EE480A2046FFF70FFFEFE7ADFA000800
:10012000FFFF7F7F000080BF80ED1C0A704700BF8B
:10013000D0ED1F7A27EE800A80ED1D0A704700BFC0
:1001400090ED1F7AC0EE077AC0ED1E7A704700BFAF
:100150000B7A9B0739D52DE9F04FB0F88A200B6850
:100160002DED028BC2F3090293429BB00D4604466B
:100170002CD040F23112934200F0288190F8922066
:1001800012F001061CD18F2B00F0BB8040F22D1223
:10019000934200F0A581B3F5FA7F49D040F2F712FF
:1001A000934245D0B0F88620C2F30902934200F092
:1001B000D480B0F88820C2F30902934200F0CD80C9
:1001C0001BB0BDEC028BBDE8F08F7047E36C806A1A
:1001D0000A9315F087FBD4ED027A0A9BF5EEC07AFC
:1001E000F1EE10FA06460F4640F25E8117EE900AD5
:1001F00015F078FB0A9B626A0492CDE90201AC4AD1
:100200002021CDE9006712A81AF078FF69696FF024
:10021000404302465B1A934205F11000C0F006838A
:1002200012A915F0F9F81BB0BDEC028BBDE8F08FF8
:10023000D5F80CA06268DAF80030206FD3F808B067
:100240000E9215F04FFB94ED1F8AD4ED1D7AC7EE88
:10025000887A8046894617EE900A15F043FBD4ED64
:100260001E7A68EE277A06460F4617EE900ACDE909
:100270000A6715F037FB06460F46206ACDE90C6782
:1002800015F030FB064604F130000F46F0F708FF8A
:100290009DED0C7B8DED047B9DED0A7BCDE9066722
:1002A0008DED027B0E9A83490890CDE90089504676
:1002B000D8476268E068EE680A9215F013FB376869
:1002C0000A9ACDE90001BB687B493046984794F80B
:1002D000923059077FF574AFE069784A03685B692B
:1002E000002113AF9342CDE915778DF84C1014918E
:1002F00017910DF1480840F082814046FAF792F8D4
:100300005EE75321284605F0D1FC70B132465321F7
:10031000284605F0DFFCD4ED017AF8EEE77AB4EE7A
:10032000670AF1EE10FA00F03A81284605F042FD26
:1003300000287FF445AF6368E26CE0680C930A9292
:1003400015F0D0FAED680C9B2E680A9ACDE90001F1
:100350005B49B4682846A04732E75321284605F098
:10036000A5FC00283FF42CAF94F89130B4F8842019
:1003700043F0800384F8913047F2D93112AB4CF648
:10038000FC30F0F7FDFE002840F09A8194F891309F
:10039000DB09002B3FF414AF4A4E33680121986902
:1003A000FBF77EFE00225321284605F093FCB5EEB4
:1003B000400AF1EE10FA40F0A581434BA360002102
:1003C000616204F13000F0F76DFEF9E65321284632
:1003D00005F06CFC70B100225321284605F07AFC30
:1003E000D4ED017AF8EEE77AB4EE670AF1EE10FA8E
:1003F00000F0E2805321284605F058FC00287FF4E5
:10040000DFAEE86894F892100368E26C9E68636857
:10041000CF0700F1C28094F891C02C4F2C491CF0FA
:10042000100F08BF394600912A49B047E0692A49B0
:1004300003689A698A4240F052815B691F4A002131
:1004400013AF9342CDE915778DF84C1014911791A5
:100450000DF148083FF451AF4146984710B3159E3F
:10046000BE421FD0DFF874A0A146D9F80430D9F8F5
:100470004C2070690C930A9215F034FAEC680C9BCE
:10048000D4F800B00A9ACDE90201317C00912046EF
:100490005146DBF80840A047304614F0A4FBB842B0
:1004A0000646E2D1149928E700200021A3E600BF08
:1004B000AC6503081467030860670308A1EB000834
:1004C000AC6603081C040020000080BFA865030878
:1004D0009C65030818660308C5EE00082C6603082F
:1004E0005321284605F0E2FB70B1324653212846DD
:1004F00005F0F0FBD4ED017AF8EEE77AB4EE670A86
:10050000F1EE10FA00F0AB805321284605F0CEFB47
:1005100000287FF455AEED68E26C2B68206F9B6875
:100520000A9363680F920E9315F0DCF994ED1F8A1D
:10053000D4ED1D7AC7EE887A8046894617EE900A78
:1005400015F0D0F9D4ED1E7A68EE277A824617EEC0
:10055000900A8B4615F0C6F906460F46206ACDE98B
:100560000C6715F0BFF9064604F130000F46F0F7AE
:1005700097FD9DED0C7B616A09910890CDE900899A
:10058000CDE906678DED047BCDE902ABDDE90E32E6
:10059000A8490A9C2846A04712E6A74943E75021EC
:1005A000284605F083FB002840F0A480E868A349B2
:1005B00003689B68984703E60DF1480840462946C2
:1005C00005F0A4FC532340460DF147018DF8473058
:1005D000F9F738FF179B002B00F08580E069984AF7
:1005E00003681B69934240F00281E86895490368FB
:1005F0009B68984714994046F9F714FFE0E5414697
:10060000984700283FF44EAF179B002B3FF44AAFAA
:10061000E868626803688C499B689847159CBC42EF
:1006200017D0DFF83C92227C60690A9215F05AF9E3
:10063000EE680A9AD6F800A0CDE900014946DAF83A
:10064000083030469847204614F0CDFAB8420446A8
:10065000E9D1E8687D4903689B68984722E7502103
:10066000284605F023FB002840F0B98049212846A0
:1006700005F01CFB002840F0A6804421284605F028
:1006800015FB002840F093805821284605F00EFB0A
:10069000002840F084805921284605F007FB0028F7
:1006A0003FF48EAD28460022592105F013FBFDEEE4
:1006B000C07A04F1300017EE901AF0F7E5FC7FE500
:1006C000129BB4F884101B8894F891205B1AB3FA3B
:1006D00083F35B0963F3C71284F8912059E69047CE
:1006E000E0690368A9E694F8922063F3820284F833
:1006F00092207FE732462846502105F0EBFA84ED40
:10070000030A5DE52046FFF793FBB4F888302A68BA
:10071000C3F309039A427FF453AD94ED0A7A9FED37
:100720004C8AF0EEC77AF4EE487AF1EE10FA0CDD5E
:10073000E0690368DB689847B0EEC00AB4EE480A87
:10074000F1EE10FA65DC94ED0A7A94F89130D4ED6C
:10075000027A43F0200384F89130BFEE008A12E061
:10076000224630680321F2F7C5FD336893F8B820BC
:10077000920748D4D4ED027AF4EE487AF1EE10FAFA
:1007800041D094ED0A7AB4EEE77AF1EE10FAE7D4AC
:1007900094F891306FF3451384F8913010E50022FE
:1007A0005821284605F096FA84ED080A73E70022DE
:1007B0004421284605F08EFA94ED1F7AC0EE077AA0
:1007C000C4ED1E7A60E700224921284605F082FA2E
:1007D000D4ED1F7A27EE800A84ED1D0A4DE73246DC
:1007E0005021284605F076FA84ED1C0A3EE7414682
:1007F000984700283FF4F9AE94F8923043F0040390
:1008000084F89230F6E65868124903689B68984766
:10081000BEE73368E26C58680F4903689B689847E5
:10082000306800220721F2F765FDC9E40B4814F097
:1008300048FB00BFD86603089065030840660308BC
:100840009DEB0008C46503088C670308687E0308F5
:10085000FFFF7F7F1C680308CC6703083849030843
:10086000C06703082DE9F04FD54DB0F884202B6800
:1008700093B004464AF6164158694CF61613F1F740
:10088000CDFE6821F2F7AAF8F2F7C6F8BCEEC00A6E
:10089000B4F886102B68B4F88420586910EE106AFA
:1008A00066F3090141F2BF03A4F886104AF6164127
:1008B000F1F7B4FE6D21F2F791F8F2F7ADF8BCEE66
:1008C000C00AB4F88810B4F8842010EE100A60F35F
:1008D0000901A4F88810286845F20A134AF616415F
:1008E0004069F1F79BFE6921F2F778F8F2F794F886
:1008F000BCEEC00AB4F88A10B4F8842010EE100AD6
:1009000060F30901A4F88A10286844F6D5034AF672
:1009100016414069F1F782FE1421F2F75FF8F2F711
:100920007BF82B6884ED0B0AB4F8842058694AF6EA
:1009300016414CF23423F1F771FE0DF120085423D7
:10094000012206A9ADF82030CDE90682F2F758F869
:100950000CAF01463846F2F7ABF80C9BE06C0EAEDC
:10096000B34200F0FD8204F15402904200F0EB81AA
:10097000DDE90D12C4E91331636D6265002800F0F2
:10098000E7810C900E9300230D9303700C98B042F6
:1009900001D0F3F7B5F80698404501D0F3F7B0F869
:1009A0002B68B4F8842058694AF616414EF678331D
:1009B000F1F734FE1421F2F711F8F2F72DF8FCEEFE
:1009C000C07A94F88C10B4F8842017EE903A3F2B3C
:1009D00028BF3F2363F3050184F88C10296845F68E
:1009E000B55348694AF61641F1F718FE4FF46171A4
:1009F000F1F7F4FFF2F710F8FCEEC07A40F6F87960
:100A000017EE903A4B4528BF4B46B4F88C10B4F81B
:100A10008420DB0863F38E11A4F88C1029684FF250
:100A2000C04348694AF61641F1F7F8FD0021F1F795
:100A3000D5FFF1F7F1FFFCEEC07AB4F88E10B4F8F0
:100A4000842017EE903A4B4528BF4B46DB0863F3F2
:100A50000801A4F88E10296841F2047348694AF627
:100A60001641F1F7DBFDB7EE000AF1F7C3FFF1F72E
:100A7000D3FF2B68B4F8842084ED200A58694AF625
:100A8000164141F25E23F1F7C9FD4FF49671F1F77B
:100A9000A5FFF1F7C1FF2B68B4F8842084ED030AA9
:100AA00058694AF6164140F65C63F1F7B7FD00213C
:100AB000F1F794FFF1F7B0FF2B6884ED040A586951
:100AC000B4F8842048F623334AF61641F1F7A6FD20
:100AD00046F26E3C0222002306A9ADF820C0079220
:100AE0008DF82230CDF81880F1F78AFF014638469C
:100AF000F1F7DEFF394604F13400EFF729FD0C98D9
:100B0000B04201D0F2F7FCFF0698404501D0F2F761
:100B1000F7FF94F83A3013F0020F94F8923040F057
:100B2000098243F0010384F892302B68B4F88420E2
:100B300058694AF6164141F29C53F1F76FFD214B7B
:100B40000C96844693E80700334603C34FF00A0E21
:100B50001A80604639464FF0000CCDF834E08DF82D
:100B600042C0F1F74DFF014606A8F1F7A1FF0C982E
:100B7000B04201D0F2F7C4FFE06938B10368124A0D
:100B80005B68934240F02682F2F7BAFF00230D49DA
:100B9000E36106A814F0EFFC002840F0DD8034206B
:100BA00013F0AEFF0646FDF795FA3368E6619B68E1
:100BB0000649B4F884208B4240F0E48008E000BF8E
:100BC0001C04002044680308B5FA0008A9FA0008CC
:100BD0002B684AF6164158694DF2C643F1F71EFDDF
:100BE0000021F1F7FBFEF1F717FF2B68B4F8842022
:100BF00084ED050A58694AF616414DF2C753F1F7DC
:100C00000DFD0021F1F7EAFEF1F706FF94F892607E
:100C100084ED060A002316F00106636200F0CA8024
:100C2000DFF870B3D4ED0B7A2B68FCEEE77A18206E
:100C300017EE909AD3F824A013F062FF0646F1F75E
:100C400073FEDBF80030CD4A0C929B0BB3FBF9F33B
:100C500007EE903A00220D92F8EEE77A97E803004B
:100C6000FDEEE77A06F108027460C6ED047A039699
:100C700082E80300C6ED057A72B6DAF810309945BD
:100C800000F28780DAE90213994200F08D80039B1D
:100C900041F8043BCAF8081062B694ED0B7A2B6851
:100CA000B4F884205869F7EE006AC6EE877A4AF6EF
:100CB00051034AF61641C4ED1F7AF1F7AFFC0A2141
:100CC000F1F78CFEF1F7A8FE2B68B4F88420586980
:100CD00084ED1C0A47F24A034AF61641F1F79EFCDE
:100CE0009FEDA70AF1F786FEF1F796FED4ED1F7A85
:100CF0002B68B4F88420586927EE800A44F645032F
:100D000084ED1D0A4AF61641F1F788FCC821F1F777
:100D100065FEF1F781FE94ED1F7A94F89230C0EEF3
:100D2000077ADB07C4ED1E7A40F1EC800698954AFD
:100D3000E26600234045A366A36201D0F2F7E0FE1D
:100D400013B0BDE8F08F0D9AE3640E9BC4E9142341
:100D50000C960EAE304616E68B4906A814F00BFC36
:100D6000002840F019815C2013F0CAFE0646FEF709
:100D700033FA336885499B68B4F88420E6618B4276
:100D80003FF426AF30464AF616419847B4F884201F
:100D90001EE74946CAF810905046EFF791FEDAE98F
:100DA000021399427FF473AF0AF1040003AAF5F726
:100DB00067F871E72B68B4F884205869DFF8D4B17C
:100DC0004CF292034AF61641F1F728FC3146F1F74E
:100DD00005FEF1F7EBFD94F89130B4F8842060F350
:100DE000041384F8913029684FF2576348694AF632
:100DF0001641F1F713FC0221F1F7F0FDF1F70CFEBB
:100E00002B6884ED190AB4F8842058694AF6164113
:100E100041F69963F1F702FC3146F1F7DFFDF1F796
:100E2000C5FD94F89230B4F8842060F3410384F84F
:100E3000923029684CF6FB3348694AF61641F1F7BF
:100E4000EDFBFF21F1F7CAFDF1F7E6FDFDEEC07AFB
:100E500004F1300917EE901A4846F0F715F93146BB
:100E60004846F0F71FF994F8381094F83900F3F772
:100E7000C9F82B68B4F88420D3F824A058694AF63E
:100E800016414CF28A43F1F7C9FB4FF4FA61F1F7CE
:100E9000A5FDF1F7C1FDFCEEC07A1820CDED017A79
:100EA00013F02EFE0090F1F73FFDDBF80010019AE1
:100EB000009B0596890BB1FBF2F107EE901AF8EE54
:100EC000E77A33480599C3F80490FDEEE77A03F119
:100ED000080CC3ED047A04908CE803000C93C3ED76
:100EE000057A72B6DAF810309A4275D8DAE9021348
:100EF000994200F081800C9B41F8043BCAF808102D
:100F000062B68FE62B68B4F8842058694AF6164119
:100F100041F21003F1F782FB054604F13000F0F7CF
:100F2000BFF801462846F1F759FDF1F775FD84ED4C
:100F3000080AFBE6D4F834C094F838206FF30003B5
:100F400084F89230DCF800305200032090400121F8
:100F500023EA000301FA02F21343CCF80030E4E57F
:100F60000D9A32B1012A4DD0314618F0A9F80D9AE8
:100F7000E06C2265002383540C9804E5810001088D
:100F80009A99993E000080BF50680308A9FA0008AA
:100F9000D1100008D00100201D4906A814F0EBFA7A
:100FA00070B11C4906A814F0E6FAE0B9142013F059
:100FB000A7FD0646FDF722FE3368E6619B68F7E56C
:100FC000182013F09DFD0646FDF76AFF3368E661C1
:100FD0009B68EDE59847D9E5CAF8102011465046C0
:100FE000EFF76EFD82E7042013F08AFD0A4BB4F898
:100FF0008420E0610360EBE50AF104003A46F4F76F
:101000003FFF7DE79DF8383003700D9AE06CB0E744
:101010005C680308646803087868030838B590F8CA
:101020009230164A82606FF38203044680F8923051
:10103000FFF718FC20460221F2F7C8FF20460521E1
:10104000F2F7C4FF03212046F2F7C0FF94F8921094
:1010500011F0010500D038BD20460421F2F7B6FF9B
:1010600029462046F2F7B2FF20460621F2F7AEFFEE
:1010700020460721BDE83840F2F7A8BF000080BF36
:101080002DE9F04FD0E90076734B744D8046F01B8C
:10109000C01003FB00F3AB4283B000F0DA800C46D3
:1010A0009346002B00F0CA80B3EB430F4FEA430294
:1010B000A1EB070A5AD96A4D284613F021FD4319BE
:1010C0008146009300F1280509EB0A00DBF808309F
:1010D000DBF80020836000F11801BBF80C30DBF86E
:1010E00004C001610260DBE90412103020F8043C06
:1010F00040F80CCC0A444FF00003F0F73DFFBC422F
:1011000049D007F118024B463946A6460CE0186153
:1011100010689861283152F8040C58618E4502F12C
:10112000280203F1280327D052F8180C52F8104C6B
:10113000186003F1180552F814AC32F80CCC1D619C
:1011400052F8080CC3F804A090429C60A3F80CC0AD
:10115000DDD1D2F800A0D2F804C09468D0685862FB
:10116000C3F818A0C3F81CC01C62D3E7002A69D1D9
:10117000009291462825A7E7AEF12803394DDB1BE5
:10118000DB0805FB03F525F06045023505EB850519
:10119000744609EBC505B44244D004F11802214657
:1011A0002B46B64601940CE018611068986128310E
:1011B00052F8040C5861714502F1280203F128032A
:1011C00022D052F8180C52F8104C186003F118068F
:1011D00052F8140C32F80CCC1E61586052F8080C0E
:1011E0009C608242A3F80CC0DED1D2F800B0D2F8E5
:1011F00004A0D2F808C0D0685862C3F818B0C3F889
:101200001CA0C3F820C0D2E7019C164B091B28394B
:10121000C90803FB01F121F06041013101EB8101BB
:1012200005EBC10517B13846F2F76AFC009BC8F818
:101230000830C8E9009503B0BDE8F08FA1EB070ABC
:10124000282539E7AA4228BF2A46282505FB02F5AA
:1012500032E7054813F035FECDCCCCCC3333330325
:10126000F8FFFF7FCDCCCC0C444803088A884AF6AF
:1012700016439A4212D1F0B5CB8843F235729342AD
:101280008BB00C4605460AD04BF2D312934237D0AE
:101290004EF61832934210D00BB0F0BD70470A8959
:1012A00083889A42F8D10B7C3A4ACA6023F0030340
:1012B00043F003030B741060EEE7B0F884200B8951
:1012C0009A42E9D1D0ED027ACE68836A3360F5EEB6
:1012D000C07AF1EE10FA98BFDFED2F7A436AB3605F
:1012E00000F14C01C6ED017A06F1100013F042FF47
:1012F000237CB5F88420B28143F001032374CBE74B
:10130000D0ED027A836ACE680093F5EEC07AF1EEF2
:1013100010FA98BFDFED207A002306AFCDE9047301
:101320008DF8183000F14C01436A029304A8CDED0A
:10133000017A13F01FFFD6E90103B5F88420ADF858
:101340000C20984220D0029B836000F118030361B7
:10135000DDE90412009B019D0360BDF80C30838120
:1013600045604FF000030A441030F0F705FE736843
:1013700028337360237C049843F00103B84223743C
:101380008AD0F2F7BDFB87E701466A463046FFF791
:1013900077FEEFE7A0040020000000002DE9F041F7
:1013A000254F3B6886B00025586903954AF61642DA
:1013B00003A9CDE90455F1F7DFF8DDE90348444519
:1013C00002D123E0A0451ED03B6834F8026B586977
:1013D000324647F269334AF61641F1F71FF9F1F741
:1013E000E5FA0028EED0942013F08AFB31462A4615
:1013F0000646FEF7F5FC38683146F1F777FFA04561
:1014000005F10105E0D155B9DDF80C80B8F1000F08
:1014100002D04046F2F774FB06B0BDE8F0815020E0
:1014200013F06EFB0190FDF711FF01993868F1F799
:101430005DFFDDF80C80E9E71C04002038B5094D9C
:10144000094B03600446024604212868F1F7B4FF03
:10145000286822460221F1F7AFFF2046F2F7A8FDE7
:10146000204638BD1C0400209469030810B50446CA
:10147000FFF7E4FF2046F2F743FB204610BD00BF14
:101480000B7A9B0700D47047438A0A689A4270B56A
:101490000C46054600D070BD5321204604F006FCE2
:1014A00058B96B7D114A60F341036B75E0680368BE
:1014B0009B680F49BDE87040184700222046532121
:1014C00004F008FC6B7DB5EE400AF1EE10FA0CBF9B
:1014D0006FF3410343F002036B75E06808BF034AF2
:1014E000036818BF034A9B68E3E700BFD868030896
:1014F000E4680308D068030810B50446F2F760FDFD
:10150000014B2360204610BD946903082DE9F04F7C
:10151000BF4E336899B00A4658690D4647F26933A1
:1015200049F24771F1F77AF80021F1F757FAF1F72C
:101530003DFA002800F0128132684CF234235069E1
:1015400049F247712A46F1F769F814AF002312A94E
:10155000CDE912738DF85030F1F752FA0146684622
:10156000F1F7A6FA1298B84201D0F2F7C9FA019C35
:10157000002C00F0EC80009890F800A0BAF1000F69
:1015800000F04481326843F69443506949F2477150
:101590002A46F1F743F8002312A9CDE912738DF81A
:1015A0005030F1F72DFA014606A8F1F781FA1298AA
:1015B000B84201D0F2F7A4FA079C002C00F0D380C7
:1015C0000DF1300B0DF138080DF12009182013F042
:1015D00097FA0446F2F7F4FC33688E4A58692260A1
:1015E00046F664032A4649F2477184F814A0F1F7DD
:1015F00015F80021F1F7F2F9F1F7D8F9637D60F3FE
:101600000003637532684FF6F653506949F247712B
:101610002A46F1F703F8804B1297844693E80300BB
:101620000522002314908DF85410604612A91392DD
:101630008DF85530F1F7E4F901465846F1F738FADC
:101640001298B84201D0F2F75BFA7349584613F08A
:1016500092FF002840F0E680637D60F383036375AA
:10166000326846F2AA73506949F247712A46F0F788
:10167000D5FF0021F1F7B2F9F1F7CEF9BCEEC00ABF
:1016800006A810EE103A6382EFF73CFF3368208122
:101690002A4649F24771586948F6E713F0F7BEFF4A
:1016A0009FED5E0AF1F7A6F9F1F7B6F9336884ED1C
:1016B000010A2A46586949F2477148F6A153F0F7E2
:1016C000ADFF0F21F1F78AF9F1F7A6F93368BCEE07
:1016D000C00A586910EE103A2A46638149F24771F0
:1016E0004FF4B743F0F79AFF3C21F1F777F9F1F7A0
:1016F00093F9628A637D61892182B2FA82F2BCEE3B
:10170000C00A520923F0320343EA4203637510EE24
:10171000103AE181A38104212046F2F757FC638A45
:10172000002B40F08A800C98404501D0F2F7E8F990
:101730000698484501D0F2F7E3F9009802AB9842C9
:1017400001D0F2F7DDF9204619B0BDE8F08F4EF276
:1017500084239D42F1D14FF0540A13E704462046FA
:1017600019B0BDE8F08F326848F2C343506949F2BE
:1017700047712A460DF1300BF0F750FF0DF1380894
:1017800059460D948DF83840CDF83080F1F738F98E
:10179000014612A8F1F78CF9129B0698BB4225D09E
:1017A0000DF1200948454DD0DDE91312CDE9063190
:1017B000089B089200284AD0129014930023139398
:1017C00003701298B84201D0F2F79AF90C9840458C
:1017D00001D0F2F795F9079C002C7FF4F7AE33683F
:1017E0000F49586803689B689847A1E7139A32B17C
:1017F000012A3FD0394617F063FC139A06980792E6
:101800000023835412980DF12009D7E7544695E739
:101810001C040020946903082C6903080000484256
:10182000FC6803081649584613F0A5FE98B9637D75
:10183000012262F38303637512E702212046F2F767
:10184000C5FB70E7139A0693149BCDE90723129703
:1018500014AF3846B2E70B49584613F08CFE637D4F
:1018600020B9022262F383036375F9E66FF3830301
:101870006375F5E69DF850300370139A0698BEE73D
:10188000346903083C69030870B5124B1A6884B0C8
:101890000023054601A95069019349F24772CDE939
:1018A0000233F0F769FEDDE90146B44206D034F8B0
:1018B000021B2846FFF72AFEA642F8D11DB12B686D
:1018C00028465B689847019808B1F2F719F904B007
:1018D00070BD00BF1C04002070B52DED028B84B0DC
:1018E0000022064601AB4BF2D3114AF61640CDE971
:1018F00001220392EFF744FCDDE9014558B3AC4205
:101900002ED0317D9FED188A23461A6912788A42BB
:1019100008D1D3ED007AF4EE487AF1EE10FAC8BFA0
:10192000B0EE678A28339D42EFD1206904F1180395
:10193000984204F1280401D0F2F7E2F8AC42F4D165
:10194000019D15B12846F2F7DBF8B0EE480A04B065
:10195000BDEC028B70BDAC429FED038AE5D1F0E790
:101960009FED018AEDE700BF0000000010B5437D48
:1019700086B09A078DF8071033D5428A044632B1F3
:1019800013F00C0F03D06FF341034375DBB2DB0799
:1019900005D59DF8073083F001038DF807302189C4
:1019A00003AB002243F69440EFF7EAFB90B19DF8B9
:1019B00010209DF807309A4213D021890DF10703BA
:1019C00048F2235243F69440EFF704FC48B9064B23
:1019D000064901E0044B06491B68586803689B6888
:1019E000984706B010BD00BF1C04002068690308BA
:1019F0004469030838B5437DC3F301128A4210D00D
:101A0000C3F38102012A04460D460BD0022A1BD0E3
:101A100092B1012D0ED06289637D228265F3051398
:101A2000637538BD03F03003202BF2D10129F2D1C8
:101A3000FFF79CFFA289EFE7A1F10101B1FA81F163
:101A40004909FFF793FFE4E703F03003102BE0D1DF
:101A50000229DED10021FFF789FFDCE7C389028A72
:101A600001339BB29A42C38100D97047002310B55D
:101A7000C3810446FFF730FFD4ED017AB4EEE70AE4
:101A8000F1EE10FA204604DBBDE810400121FFF71B
:101A9000B1BFBDE810400221FFF7ACBF704700BFE7
:101AA00010B502210446F2F791FA20460521F2F71B
:101AB0008DFA20460621BDE81040F2F787BA00BF34
:101AC00010B504464068054B236008B1F2F718F8DA
:101AD0002046F2F76DFA204610BD00BFE06903080A
:101AE0008A884CF6FC339A4216D1CB8847F2D93219
:101AF00093422DE9F0410C4606460ED045F23E7267
:101B0000934207D10B7C23F00303103643F0030309
:101B1000CE600B74BDE8F0817047D0E90157BD423B
:101B2000F8D0DFF8348005E0008A2389834209D0A9
:101B3000AF42EFD055F8040B0268D26B4245F3D0A8
:101B40009047F2E7237C23F00303143643F00303AA
:101B5000E6602374BDE8F08105CB000870B50C4643
:101B600088B005465421204604F0A0F808B908B012
:101B700070BD00225421204604F0ACF8D5E90123C1
:101B8000FDEEC07A9B1A17EE906AB6EBA30F2DDA22
:101B9000002E2BDB2B699E42E9D0254C23680121C6
:101BA0009869FAF77DFA2A696B6853F8220003688E
:101BB0005B6B98476B681F4853F826302E611A6894
:101BC000D16B814226D1188A126BA88218469047A1
:101BD0006B68194A53F8260003689B6B934221D126
:101BE000011D2368D868F6F77DFEC0E7134A334627
:101BF0002021684619F082FA61696FF0404302467D
:101C00005B1A934204F110000FD3694613F004FCF1
:101C100008B070BD184688472A696B6853F82230AF
:101C20001A68D1E798470146DBE7054813F049F900
:101C30001C04002005CB000801CB0008C469030880
:101C40003849030810B504464068064B236008B1C4
:101C5000F1F756FF2046F2F7ABF92046F1F750FFB7
:101C6000204610BDE069030810B50446F2F7A8F954
:101C7000054B23604EF284220023C4E90133C4E9FA
:101C80000333A282204610BDE06903082DE9F84F16
:101C9000D0E900976FF06048A7EB0903B8EBA30FFA
:101CA0003DD093469A1005468A469AB3B2EB420F4E
:101CB0004FEA4203A1EB090428D9DFF878804046B7
:101CC00012F01EFF06468044DBF800303351002C32
:101CD00004DD22464946304617F08CFAA7EB0A0786
:101CE0000434002F344404DD51463A46204617F0B0
:101CF00081FA3C44B9F1000F02D04846F1F700FFE9
:101D0000C5E90064C5F80880BDE8F88F53B9984666
:101D10001E46D9E7A1EB09044FF00408CFE70448B9
:101D200013F0CFF8984528BF98464FEA8808C6E7D1
:101D300044480308FCFFFF7F10B5D0E9012382B0BF
:101D40009A4204460B68019108460BD05B6B98479A
:101D5000D4E9021399421DD0019B41F8043BA160D4
:101D600002B010BD1B6B9847019912480B68DA6BE3
:101D7000824219D1088A9B6B0F4AA08293420FD1ED
:101D800004310E4B1B68D868F6F7ACFDD4E902139A
:101D90009942E1D1201D01AAFFF778FF02B010BDE2
:101DA000084698470146ECE70846904701990B68BA
:101DB000E1E700BF05CB000801CB00081C040020B0
:101DC00010B504460A4B006B236004F138039842B7
:101DD00001D0F1F795FEA06904F12003984201D0EB
:101DE000F1F78EFE2046F2F7E3F8204610BD00BF63
:101DF000746A03088A8843F694439A4204D1B0F87F
:101E00004820CB88934200D0704730B40A7C90F8C9
:101E10005240C568C868C4F3801442F001020471DE
:101E20008560036030BC0A74704700BF8A8843F63F
:101E300094439A421FD1B0F84820CB889A4230B4DC
:101E4000044601D030BC70470B8948F223529342BC
:101E500012D046F61F329342F4D10B7CC86894F836
:101E600052200068E06042F0100243F0010384F861
:101E700052200B74E6E77047CB6890F852501B78FD
:101E80000A7C9B0143F0100325F0500503F050033A
:101E90002B43C56980F8523042F001030B74002DCA
:101EA000D0D1416B0029CDD1036830BCDB68184725
:101EB000837A9A0724D510B44268047A116990F89D
:101EC0005220E1404B4003F00103C2F3401199421C
:101ED00012D063F3451280F85220B0F84A208BB13B
:101EE0004FF684139A421AD090F8523023F05003E0
:101EF00043F0500380F8523000205DF8044B7047E7
:101F00000020704742F6DF739A42F5D190F85230C4
:101F100023F0500343F0100380F85230ECE790F8C0
:101F20005220C2F3801383F001039B0143F010039E
:101F300022F05002134380F85230DDE710B504461A
:101F40000B4B006B236004F13803984201D0F1F78A
:101F5000D7FDA06904F12003984201D0F1F7D0FD2C
:101F60002046F2F725F82046F1F7CAFD204610BDBD
:101F7000746A030801B1704790F85230DB0910B55C
:101F8000044610D1037C022B0ED0032B2CD0012B46
:101F90001ED094F8533003F0010394F8522063F3F9
:101FA000861284F8522010BD416990F853308A7926
:101FB000900703F00103F0D502F001029A4208797C
:101FC000096814BF01224FF4803282408A61E4E73D
:101FD00090F85310406901F00101EFF763F894F8AD
:101FE000533003F00103D8E79FED020A406910F077
:101FF00081FACEE70000000038B504460D46F1F73F
:10200000DFFF20460A4B40F8043BEEF797FA002327
:1020100004F1200104F1380284F8203084F83830CB
:10202000A4F84850A1612263E3616363204638BD90
:10203000746A030890F850304D2B10D0472B02D013
:102040000023184670470A7A12F0040FC2F3800387
:10205000F7D04968B0F84C309942F1D10AE00A7AD9
:1020600012F0020FC2F34003EBD00968B0F84C3015
:102070009942E5D190F8523003F00F03B3EB521FB1
:102080000CBF012300231846704700BF90F8513061
:102090004D2B10D0472B02D00023184670470A7AE8
:1020A00012F0040FC2F38003F7D04968B0F84E3045
:1020B0009942F1D10AE00A7A12F0020FC2F340030A
:1020C000EBD00968B0F84E309942E5D190F8523023
:1020D00003F00F03B3EB521F0CBF0123002318467C
:1020E000704700BF70B52DED028B04460E46FFF71A
:1020F000A1FF50B1257C012D32D0032D00F0858049
:10210000022D67D0BDEC028B70BD054631462046DE
:10211000FFF7BCFF0028F5D07B4B1B6801219869B5
:10212000F9F7BEFF94F85230227C65F38613012A3A
:1021300084F8523000F0D980032A00F0CD80022AC2
:10214000E0D163699A799107DCD5197912F0010F12
:102150001A6814BF01234FF480338B409361D1E799
:102160005321304603F0A2FD002800F08180304664
:102170000022532103F0AEFD6069B0EE408AEEF715
:102180008FFF07EE900AB8EEE77A9FED600A27EE20
:10219000087A87EE000A14F09FF963691B69FDEE67
:1021A000C07A17EE906A9E42ACD0574B1B68294606
:1021B0009869F9F775FF31466069EEF759FF94F8B1
:1021C0005230002ED4BF0026012666F3861384F811
:1021D000523097E74C4B1B6801219869F9F760FF73
:1021E00063699A79900709D5197912F0010F1A6875
:1021F0000CBF01234FF480338B40936194F852302D
:1022000043F0400384F852307CE73F4B1B680121C8
:102210009869F9F745FF5321304603F047FD05461D
:10222000002844D030460022532103F053FD9FED97
:10223000387AB4EEC70AF1EE10FAF0EE407A5CDCC0
:10224000B5EEC00AF1EE10FA5AD4B5EE400A87EEA8
:10225000870AF1EE10FA14BF01250025606910F01D
:1022600049F994F8523065F3861384F8523049E7FF
:10227000254B1B6829469869F9F712FFD4ED037ABC
:102280006069FDEEE77A17EE901AEEF7F1FED4EDF5
:10229000037A94F85230F5EEC07AF1EE10FACCBF22
:1022A0000122002262F3861384F852302AE794ED6B
:1022B000030A606910F01EF9D4ED037A94F85230E5
:1022C000F5EE407AF1EE10FA14BF0122002262F31B
:1022D000861384F8523015E7BDEC028B60699FEDE0
:1022E0000D0ABDE8704010F005B9BDEC028B6069C5
:1022F0002946BDE87040EEF7D5BEB7EE000AADE75F
:102300009FED040A0025A9E71C04002000007F437C
:102310000000C8420000000030B589B0002304ADC1
:1023200002A81446CDE902538DF8103012F022FFB6
:10233000064B0194186801AA0121F0F7DBFF02980F
:10234000A84201D0F1F7DCFB09B030BD1C0400202D
:102350002DE9F04FD14EB0F848203368ABB00446B9
:1023600043F69441586945F2D923F0F757F90DF136
:10237000640946F26E3302224946ADF86C300DF125
:102380006C0800238DF86E301A92CDF86480F0F757
:1023900037FB1FAF01463846F0F78AFB3946201D50
:1023A000EEF7D6F88379990708D5027900685100CD
:1023B000036803228A4023EA020303601F9821ADC9
:1023C000A84201D0F1F79CFB1998404501D0F1F7E4
:1023D00097FB3368B4F84820586943F694414DF6AA
:1023E000E763F0F71BF90021F0F7F8FAF0F714FBB8
:1023F000BCEEC00A94F852103368B4F8482058690B
:1024000010EE10CA6CF3030148F2B04384F8521086
:1024100043F69441F0F702F900233946CDE91F5302
:102420008DF88430F0F7ECFA014601A8F0F740FB94
:102430001F98A84201D0F1F763FB3368B4F8482035
:10244000586943F6944143F60F53F0F7E7F8002339
:102450003946CDE91F538DF88430F0F7D1FA0146A3
:1024600007A8F0F725FB1F98A84201D0F1F748FB19
:102470003368B4F84820586943F6944140F2326317
:10248000F0F7CCF800234946CDE919838DF86C307C
:10249000F0F7B6FA01463846F0F70AFB1F9BA06931
:1024A000AB4200F05B8204F12002904200F0E18137
:1024B000DDE92012C4E90631236A2262002800F017
:1024C000DD811F9021930023209303701F98A84261
:1024D00001D0F1F715FB1998404501D0F1F710FB39
:1024E0003368B4F84820586943F6944144F29003A5
:1024F000F0F794F800234946CDE919838DF86C3044
:10250000F0F77EFA01463846F0F7D2FA1F9B206BAF
:10251000AB4200F0148204F13802904200F01783BD
:10252000DDE92012C4E90C31A36BA263002800F09E
:1025300013831F9021930023209303701F98A842B8
:1025400001D0F1F7DDFA1998404501D0F1F7D8FA3A
:102550003368B4F84820586943F6944149F2982307
:10256000F0F75CF80021F0F739FAF0F71FFA94F869
:102570005230B4F848200146306861F38613406950
:1025800084F8523043F6944144F6D663F0F746F8A7
:10259000434B1F951B68ADF884304FF0030C1B0CA8
:1025A000002239468DF88630CDF880C08DF887201E
:1025B000F0F726FA01460DA8F0F77AFA1F98A8421C
:1025C00001D0F1F79DFA3368B4F84820586943F612
:1025D00094414DF62E63F0F721F80021F0F7FEF953
:1025E000F0F71AFABCEEC00A94F85310B4F8482079
:1025F00010EE100A60F3000184F85310306849F2BD
:10260000CD1343F694414069F0F708F80021F0F744
:10261000E5F9F0F7CBF994F85230B4F848200146C8
:10262000306861F3C713406984F8523043F694412F
:102630004EF68C63EFF7F2FF1A4B1F95844693E832
:1026400007002B4603C34FF0090E1A706046394647
:102650004FF0000CCDF880E08DF88DC0F0F7D0F988
:10266000014613A8F0F724FA1F98A84201D0F1F709
:1026700047FA0C4913A812F07EFF42F6DF734FF6BB
:10268000841200280CBF18461046A4F84A000449DA
:102690000DA812F070FF824606E000BF1C04002067
:1026A000106A0308146A0308002840F0EB804FF01A
:1026B000010323741C2012F023FA8346EEF7C2FCB8
:1026C0003368B4F848205869C4F814B044F65B1372
:1026D00043F69441EFF7A2FF46F26E3202234946D9
:1026E000ADF86C201A93CDF864808DF86EA0F0F7E9
:1026F00087F901463846F0F7DBF939460BF104005B
:10270000EDF726FF83799A070DD5037901685B0001
:102710000A68032098404FF0010C0CFA03F322EAF8
:10272000000213430B601F98A84201D0F1F7E8F9AB
:102730001998404501D0F1F7E3F96069837AC3F352
:1027400040029B07154640F1DB8194F85330017A33
:10275000407ADD0740F12D82F1F740FC237C012B0C
:1027600040F0DA813368B4F84820586965694CF65E
:10277000FB3343F69441EFF751FFFF21F0F72EF9B9
:10278000F0F74AF9FDEEC07A284617EE901AEEF7F8
:102790007BFC3368B4F84820586943F6944147F607
:1027A0009403EFF73BFF05466069EEF779FC0146BD
:1027B0002846F0F713F9F0F72FF994F8523084ED2A
:1027C000030A5D06C3F3801140F19882FDEEC07AE2
:1027D000606917EE901AEEF74BFC029B0022A4F8FA
:1027E0005020002B40F0DA80089B002B40F0EF8057
:1027F000A37A9A0700F10581237C012B00F0478121
:10280000D4E906311944994209D0013B013920200D
:1028100013F8012F5F2A08BF18709942F8D1D4E944
:102820000C311944994209D0013B0139202013F899
:10283000012F5F2A08BF18708B42F8D1139815AB8F
:10284000984201D0F1F75CF90D980FAB984201D096
:10285000F1F756F9079809AB984201D0F1F750F912
:10286000019803AB984201D0F1F74AF92BB0BDE8CB
:10287000F08F209AA361219BC4E907231F9521AD06
:10288000284620E6BD490DA812F075FE82460028B4
:1028900073D14FF002032374082012F031F98346FC
:1028A000EDF74CFE3368B4F848205869C4F814B00A
:1028B00044F65B1343F69441EFF7B0FE46F26E33F5
:1028C00002224946CDE91982ADF86C308DF86EA030
:1028D000F0F796F801463846F0F7EAF839465846D8
:1028E000EDF736FE83799A070ED50279006852001B
:1028F00003684FF0030C0CFA02FC012123EA0C03DD
:1029000001FA02F2134303601F98A84201D0F1F7C5
:10291000F7F81998404501D0F1F7F2F8606983792A
:10292000C3F340029B07154600F13C812274002846
:102930003FF453AFF1F7E4F8237C6561E9E0209AB6
:102940003AB1012A00F0F081294616F0B9FB209A2D
:10295000206B6263002383541F98ECE5209A3AB100
:10296000012A00F0DB81294616F0AAFB209AA06913
:10297000E261002383541F98A5E581490DA812F058
:10298000FAFD8246002800F0188100232374029B80
:102990000022A4F85020002B3FF426AF012301A908
:1029A000384603F095FA9DF884305A0700F1D88034
:1029B0009D0705D51F9BA4F84C304D2284F850206C
:1029C000384603F063F9089B002B3FF411AF012355
:1029D00007A90022384603F07BFA9DF88430580797
:1029E00000F1C580990705D51F9BA4F84E304D22F4
:1029F00084F85120384603F049F9A37A9A077FF505
:102A0000FBAE6268257A116994F852003268E94099
:102A10004B4063F3451084F852001820D2F824800C
:102A200012F06EF80546EFF77FFF564B564A1B68CB
:102A3000564919919B0BA2FB03235B0907EE903AC1
:102A400000221A92F8EEE77A99E80300FDEEE77AA1
:102A500005F108026C60C5ED047A1F9582E8030059
:102A6000C5ED057A72B6D8F81030632B40F23F817D
:102A7000D8E90213994200F04B811F9B41F8043BB7
:102A8000C8F8081062B6237C012B7FF4B9AE336816
:102A9000D4F814805E6A182012F032F80546EFF779
:102AA00043FF384B3A4A1B68C5F804809B0BA2FBD6
:102AB00003239B09374A1F9207EE903A0022209287
:102AC000F8EEE77A97E80300FDEEE77A05F10802F1
:102AD000C5ED047A009582E80300C5ED057A72B66B
:102AE0003369B3F57A7FC0F0C480D6E90213994206
:102AF00000F02381009B41F8043BB16062B67FE6A1
:102B0000227400283FF469AE03685B689847237C11
:102B10006561012B3FF426AE032B00F0B180022B40
:102B20007FF45BAE6269937999077FF556AE94F8AE
:102B3000521003F00103C1F3801199421179126818
:102B400014BF01234FF480338B40936145E6209AF4
:102B50002363219BC4E90D231F9521AD2846EAE498
:102B6000209BA4F84C30472284F8502028E7209B73
:102B7000A4F84E30472284F851203BE7206A03082E
:102B8000286A0308D00100201F85EB51B11E0108FF
:102B9000D34D6210D110000800007A440000C842F2
:102BA0000000000094F8533001794079DD073FF5CB
:102BB000D3ADF1F727FA237CABE74FF0030323747F
:102BC000082011F09DFF8346EDF7B8FC3368B4F898
:102BD0004820586943F6944144F65B13EFF71EFD15
:102BE00046F26E3202234946ADF86C201A93CDF8B6
:102BF00064808DF86EA0EFF703FF01463846EFF7CB
:102C000057FF39465846EDF7A3FC83799A070DD54F
:102C1000017900684900026803238B404FF0010CE2
:102C200022EA03030CFA01F10B4303601F98A84248
:102C300001D0F0F765FF1998404501D0F0F760FF2B
:102C40005846EDF71DFD94F853306061DB079BF8A3
:102C500004109BF805006DD5F1F7C0F9BBF1000F2A
:102C600002D05846F0F74CFF6569002D6AD0237CEE
:102C70004FE74FF47A7131613046EDF721FF34E7C9
:102C80003368B4F84820586943F694414AF27A030D
:102C9000EFF7C4FC1421EFF7A1FEEFF7BDFE5FEDE7
:102CA000427A606920EE270AFDEEC07A17EE901A8C
:102CB0000FF072FC3368B4F84820586943F6944129
:102CC00047F69403EFF7AAFC0021EFF787FEEFF732
:102CD000A3FE94F8523084ED030A580612D55FED36
:102CE000517A606980EE270A0FF004FC75E56421D3
:102CF000C8F810104046EDF7E3FEB9E66069EEF75C
:102D0000D1F96AE51FED5A0A60690FF0F3FB64E53B
:102D100008F104003A46F3F7B3F8B3E69DF88430BF
:102D20000370209AA06923E69DF884300370209AEE
:102D3000206B0EE6F1F766F990E7301D6A46F3F76F
:102D40009FF8DBE633680349586803689B68984737
:102D5000257442E5306A030890F852306FF304138B
:102D600010B50221044680F85230F1F72FF92046C1
:102D70000021F1F72BF920460521F1F727F920462C
:102D80000621F1F723F920460721F1F71FF9214623
:102D90002046BDE81040FFF7DBBA00BF90F8523084
:102DA000DA062BD530B55D0687B0044615D5C26965
:102DB0002ABB237C012B4FD0032B6BD0022B15D1C8
:102DC00063699A79900711D512F0010F19791A6881
:102DD00055D101238B40936108E0426B1ABB237CE1
:102DE000012B34D0032B4FD0022B3FD094F852301C
:102DF0006FF3041384F8523007B030BD7047816917
:102E000002AD0A4468464FF000030095EFF7B4F8AE
:102E10002046254A6946FFF77FFA0098A842C8D0A5
:102E2000F0F76EFEC5E7016B02AD0A4468464FF04D
:102E300000030095EFF7A0F820461B4A6946FFF70C
:102E40006BFA0098A842CAD0F0F75AFEC7E760694B
:102E50000021EEF727F9C9E7D4ED037A6069FDEEAA
:102E6000E77A17EE901AEEF703F9BFE763699A79EC
:102E70009107BBD512F0010F19791A68A9D14FF447
:102E800080338B409361B1E79FED080A60690FF0D2
:102E900031FBABE794ED030ADFED057A606980EE64
:102EA000270A0FF027FBA1E7100400200000000014
:102EB0000000C84270B51E4D2B6886B058690024CA
:102EC00043F6944203A9CDE904440394EFF754FB7D
:102ED000DDE90303984207D124E0DDE9030301346F
:102EE0001B1AB4EB630F1DD22B6830F814205869FD
:102EF00043F6944147F26933EFF790FBEFF756FD45
:102F00000028EAD0039B542033F81410019111F0EB
:102F1000F7FD01990646FFF76FF828683146F0F78C
:102F2000E5F9DAE708B1F0F7EBFD06B070BD00BFD8
:102F30001C04002090F84230C3F38203012B04D01C
:102F400090F8423013F01C0F40D12DE9F04FD0E93A
:102F50000D35AB4237D0374A166800274FF0010CC9
:102F60009C696CB390F842105A7FC1F3401E8906E9
:102F700002F0070201D5012A2FD9F168D1F8089093
:102F800059F8228098F83910890719D594F806A0C5
:102F90001AF0020F1CD0216894F804B0096921FAD4
:102FA0000BF10AF0010A01F001018A4510D0B4F8D2
:102FB00008A041698A451AD20AF1010AA4F808A0BA
:102FC00020339D42CCD10020BDE8F08F0020704717
:102FD00020339D422781C3D1F5E781690CFA02F8BD
:102FE00018EA010FC9D120339D42B9D1EBE7BEF1F8
:102FF000000F10D0012A0ED8D9E900E19EF839203F
:103000006FF341028EF8392091F839206FF34102B5
:1030100081F8392005E098F839206FF3410288F8EB
:103020003920E27A203342F010029D42E27297D1B9
:10303000C9E700BF1C04002010B50446406B074BD5
:10304000236008B1F0F75CFDA06A08B1F0F758FD05
:103050002046F0F7ADFF204610BD00BFA06E03086C
:103060008B7970B40546C3F30004C3F3400000231A
:103070000133DBB250B10A680E791269F24002F0F6
:103080000102944204D02A699342F1D370BC704784
:103090000020FBE78B88B3F54C4F00D07047CB88FE
:1030A00046F6BD1293422FD044F29362934230B45D
:1030B00033D042F2EC0293421CD044F68A5293423F
:1030C00039D048F2150293421CD1426B0B7C557FDC
:1030D00092F83D4092F85D00CA68C5F30015C4F34C
:1030E0000014C0F3001043F0010315705470907089
:1030F0000B7407E00B7C23F00303043043F003035D
:10310000C8600B7430BC70470B7C23F003031C3089
:1031100043F00303C8600B747047406BCA6844688F
:103120000B7C1460446A5460406C906043F001036F
:1031300030BC0B74704790F842300A7CC868C3F307
:103140008203033B18BF012342F0010203700A749B
:10315000D8E700BF8B88B3F54C4F08D1CB8846F633
:10316000BD12934204D044F2936293420FD0704751
:10317000CA680B7C10B41468C46154680462926815
:10318000426243F001035DF8044B0B747047CB6857
:10319000D3ED007AF4EE677AF1EE10FA7CBF426B61
:1031A000C2ED017AD3ED017AF4EE677AF1EE10FA0E
:1031B0007CBF426BC2ED097AD3ED027AF4EE677AF6
:1031C000F1EE10FAD3D6436BC3ED117A704700BF0E
:1031D0002DE9F04190F84230C3F38203062B0546F7
:1031E00028D090F84230C3F38203032B20D1D0E9DA
:1031F0000A47BC421CD0DFF8F4802268D37A180753
:10320000264603F0070104F104040FD5D8F8003076
:10321000DB689B6853F8213093F839309B071146DF
:10322000284603D512B1FFF71BFF68BBA742E4D1C4
:10323000BDE8F081D0E90A209042F9D0032652F887
:10324000043BD97A090718D599798F0701F0010451
:1032500007D519681F790969F94001F001018C420D
:103260000FD119892C694F1CA1421F8105D995F8EE
:10327000423066F3840385F842309042DFD1BDE8E6
:10328000F08100221A81D3E7D8F80030316893F832
:10329000B820D86812F0040FCA7A876858688B7A09
:1032A00004680CBF0F491049A46802F0070257F8E0
:1032B000222092F8392012F0010F14BF2D222B2268
:1032C000A04795F842303168D8F80000062262F332
:1032D0008403002285F842300A81BDE8F0410721CD
:1032E000F0F708B8A46A0308D86A03081C04002091
:1032F00010B50446406B084B236008B1F0F700FCA2
:10330000A06A08B1F0F7FCFB2046F0F751FE20461A
:10331000F0F7F6FB204610BDA06E030810B504467A
:10332000F0F74EFE214694F842200A4B41F8043B48
:103330000320002360F3840263602046C1E9013367
:10334000C4E90A33C4E90C33C4E90E33A36184F839
:10335000422010BDA06E03082DE9F041904D296870
:1033600000238CB004461A46486943F6E741EFF75C
:1033700055F90021EFF732FBEFF74EFB2A68BCEE60
:10338000C00A002384ED050A506946F232311A461C
:10339000EFF744F96421EFF721FBEFF73DFB2A68D3
:1033A000BCEEC00A002384ED040A506949F680711E
:1033B0001A46EFF733F90021EFF710FBEFF7F6FAB3
:1033C00094F8423060F3451384F842302A680023B1
:1033D00050694EF2EF011A46EFF720F90021EFF79E
:1033E000FDFAEFF7E3FA94F8423060F3861384F8BD
:1033F00042302A68002350694BF262011A46EFF707
:103400000DF90021EFF7EAFAEFF7D0FA94F842301D
:1034100060F3C71384F842302A68002350694FF6DE
:10342000EF611A46EFF7FAF80021EFF7D7FAEFF756
:10343000BDFA94F8433060F3000384F843302A68FF
:103440000023506946F60E611A46EFF7E7F80021AF
:10345000EFF7C4FAEFF7AAFA94F8433060F34103A8
:1034600084F843302A680023506946F25F011A4607
:10347000EFF7D4F80021EFF7B1FAEFF7CDFA2A68A9
:1034800084ED070A002350694FF2F4411A46EFF722
:10349000C5F80021EFF7A2FAEFF7BEFA2A6884ED2B
:1034A000080A0023506943F65C311A46EFF7B6F874
:1034B0000021EFF793FAEFF7AFFA2A6884ED090AD3
:1034C0000023506948F602611A46EFF7A7F808AEE4
:1034D000002306A9CDE906638DF82030EFF790FAB6
:1034E00001466846EFF7E4FA0698B04201D0F0F7DB
:1034F00007FB236C019E6FF31103022E236405D991
:10350000D4E90D239B1AB6EB631F1FD92A68002349
:1035100050694FF263211A46EFF780F894F8421091
:10352000C1F38011EFF75AFAEFF740FA94F84330FD
:10353000009A02A960F382038A4284F8433002D0E1
:103540001046F0F7DDFA0CB0BDE8F08194F8427057
:103550007B06DBD4FF09D9D1009B1E449E42D5D007
:10356000984607E0C3F311020A4362F3110346458C
:103570002364CBD018F8010B19F010FCC0B2572807
:103580008CBF58383E380130062800FA07F1236C0A
:1035900007F10307E6D96FF311032364B6E700BF11
:1035A0001C040020F0B590F842302DED028B5A0635
:1035B00093B0044607D401F00301032903D013B0EC
:1035C000BDEC028BF0BD626B314D92ED047AD2ED11
:1035D0000C7A94F842302A689FED2E8AD068F4EE77
:1035E000C77A0521F1EE10FA61F3840358BFF0EEBB
:1035F000477A84F8423027EE888AF4F743FC2B6838
:10360000DA6892F8343043F0020382F83430DB0792
:1036100044BFDFED217A88EE278A002606AF18EE38
:10362000100A12F05FF91D4ACDE9000120210AA815
:1036300017F064FD0AA8CDE904768DF8186018F03B
:103640007FF80AAB00903246314604A811F066FEBE
:1036500003AA134B286803930121EFF74BFE2B6855
:1036600001219869F8F71CFD2B68D868F4F7F2FC83
:1036700094F842300498032262F38403B84284F839
:1036800042309CD0F0F73CFA13B0BDEC028BF0BD99
:103690001C040020000070423333CB41F06A030861
:1036A0001004002010B5836913F0010284B01BD10F
:1036B000990768D5CDE90122436B0392D3ED0A7ACD
:1036C000324CCDED027A93F83D20120744BFF1EE63
:1036D000677ACDED027A93ED0C0A236801A9D868C8
:1036E0000322F5F7E7FB2EE013F0020332D0436B21
:1036F0000022039293ED027A8DED017AD3ED0A7ADE
:10370000CDED027A5A7F120744BFB1EE477A8DEDB4
:10371000017A93F83D20140744BFF1EE677ACDEDAE
:10372000027A93ED0C0AD3ED047A184CB4EEE70A52
:103730002368F1EE10FAD86858BFB0EE670A03228A
:1037400001A9F5F7B7FB236801219869F8F7A8FCF0
:1037500004B010BDCDE90233426B0C4CD2ED027ABD
:10376000CDED017A537F180748BFF1EE677A2368E1
:1037700048BFCDED017A92ED040AD868032201A971
:10378000F5F798FBDFE7014CDDE700BF1C040020E4
:103790002DE9F04F2DED028B85B0D0E90A25954239
:1037A00000AF04466E4609D0DFF818C452F8040B87
:1037B000836895420CEA03038360F7D194F8435081
:1037C000E80740F1B681DFF80084D8F80030D86807
:1037D00090F8343043F0200380F8343090F83420EF
:1037E00094F84230A16142F010026FF3840384F830
:1037F000423080F83420AA0740F1A981A3695A0712
:1038000040F19D81636B93F85D10D3ED127A93EDD7
:10381000140AC7ED037A0D074FF00002C7E9012231
:1038200048BFF1EE677A07F104014FF0030248BF89
:10383000C7ED037AF5F73EFBD8F80030012198690F
:10384000F8F72EFC94F84330990700F17881D4E919
:103850000D0CACEB00037F2BA2694FEA631E0146FF
:1038600040F2A2804FF0000B03234FF0010907E064
:103870005D1CACEB000EB5EB6E1F01462B463FD234
:1038800003F01F0109FA01F11142F1D04FEA830E52
:103890000EF10B0222F00702EA46ADEB020D69467B
:1038A0008C465D1C002201329A424CF804BBFAD9C6
:1038B00000EB4313D3ED027A8E44CEED007A5A7FAB
:1038C000120748BFF1EE677AD8F8002048BFCEED66
:1038D000007A93ED040AD068EAB2F5F7EBFAD8F86B
:1038E000003001219869F8F7DBFBD4E90D0CACEB53
:1038F000000EB5EB6E1FA269D54601462B46BFD31D
:1039000055071BD0864600254FF0010909FA05F33B
:10391000134205F1010505D194F8423013F0400F30
:1039200000F01181DEF81830DB7AC3F3001ADB06F1
:1039300040F13981032D0EF1200EE7D1ACEB000EE2
:103940004FEA6E1EBEF1030FF14630D900F1180B9D
:1039500003234FF0010A03F01F000AFA00F010429F
:103960004FEA431503F1010307D05BF80500C07A65
:10397000C0F30015C00640F102817345EBD194F805
:103980004330DB0740F1EE804FEA8E0394F842208B
:10399000073323F007030220ADEB030D60F384022D
:1039A0006D4684F8422019E05307ABD1F14694F8F4
:1039B0004330DA0740F1D6804FEA890394F8422079
:1039C000073323F007030220ADEB030D60F38402FD
:1039D0006D4684F84220B9F1000F07D000202A4636
:1039E000002301334B4542F8040BFAD1614591EDB8
:1039F000058A22D0A0694FF001094B7F03F007032D
:103A000005EB830209FA03F3034213D0D1ED037AE5
:103A1000C2ED007A4B7F1B075CBFF1EE677AC2ED07
:103A2000007AD1ED057AF4EEC87AF1EE10FAD8BF3B
:103A3000B0EE678A20318C45DFD1D8F800305FFACC
:103A40008EF2D868B0EE480A2946F5F733FAD8F86E
:103A5000003001219869F8F723FBD4E90DE294F8CE
:103A600042304FF0010C6CF38403724584F842300D
:103A700027D0D4F818904FF0000B714610E0D1ED2C
:103A8000037A77EEA77ACAED007A4B7F13F0080F1E
:103A9000F1EE677A01D0CAED007A20318A4210D067
:103AA0004B7F03F007030CFA03F010EA090F05EB54
:103AB000830AE4D105EB830320318A42C3F800B0C6
:103AC000EED1D8F80030A2EB0E02C2F34712B0EEEE
:103AD000480AD8682946F5F7EDF9D8F800300121F1
:103AE0009869F8F7DDFAD8F80030D868F4F74AFE9C
:103AF000D8F8003094F84310DB6893F83420C907F5
:103B00006FF3041283F8342005D593F834206FF353
:103B1000451283F8342094F84230032262F3840380
:103B200084F842301437B546BD46BDEC028BBDE883
:103B3000F08FDFF89480D8F80030D8684EE6204641
:103B4000FFF7B0FD83E6DB093FF4F4AEEAE620467A
:103B5000FFF7A8FDA3695B077FF574AED8F80030C6
:103B6000D8684FE6D8F80030D868F4F70BFED4E9EF
:103B70000D1CACEB010E4FEA6E1EF1461CE794F8EB
:103B80004230D8F80000032262F3840384F8423004
:103B90002A460721EFF7AEFBB5461437BD46BDEC0C
:103BA000028BBDE8F08F94F84230D8F80000032271
:103BB00062F3840384F8423052460721EFF79AFB00
:103BC000B546EAE70000FFEF1C040020F0B55D4EAB
:103BD0003368DB688BB0D3F810210C460546D3F868
:103BE0000C11D3F8080107AB07C32046582102F097
:103BF0005DF828B36B6B5B7FDB0602D4E06852494B
:103C00002AE03368DF6800225821204602F062F87B
:103C100097F834309DED077ADF0748BFDFED4B7A28
:103C20006B6B48BF20EE270AD3ED017A5A7F30EE46
:103C3000470A6FF3041237EE800A5A7783ED010AC0
:103C40005921204602F032F868B36B6B93F83D308F
:103C5000D80607D4E0683E4903689B680BB0BDE80E
:103C6000F04018473368DF6800225921204602F0EF
:103C700031F897F834309DED087AD90748BFDFED69
:103C8000337A6B6B48BF20EE270AD3ED097A93F89D
:103C90003D2030EE470A6FF3041237EE800A83F8B6
:103CA0003D2083ED090A5A21204601F0FFFFE0B9CB
:103CB0006D6B6E6C6868E46811F014FE02460B468A
:103CC0003046CDE9042311F00DFE2668CDE902014E
:103CD000686A11F007FECDE90001DDE90423B5684B
:103CE0001C492046A8470BB0F0BD6B6B93F85D30C4
:103CF000DA0602D4E0681849AEE73368DE680022CD
:103D00005A21204601F0E6FF96F834306D6B9DEDA8
:103D1000097ADB0748BFDFED0D7A95F85D3048BFC3
:103D200020EE270AD5ED117A30EE470A6FF304131F
:103D300070EE277A85F85D3017EE906AC5ED117A3E
:103D4000B8E700BF1C040020046B03083333CB41E9
:103D5000406B0308B86B03087C6B0308F0B5304C6C
:103D60002DED028B2368054695B0D868F4F78AF8E4
:103D70002368D5ED017ADA6892F8343043F0020313
:103D800082F83430DB0743D59FED268AC7EE887A68
:103D900017EE900A11F0A6FDD5ED027AC7EE887AEB
:103DA00006460F4617EE900A11F09CFD1E4ACDE91B
:103DB0000201CDE9006720210CA817F09FF900252A
:103DC00008AE0CA8CDE906658DF8205017F0B8FCB8
:103DD0000CAB00902A46294606A811F09FFA134B17
:103DE0002068059305AA0121EFF784FA23680121D1
:103DF0009869F8F755F92368D868F4F72BF906980D
:103E0000B04201D0EFF77CFE15B0BDEC028BF0BDE7
:103E100017EE900A11F066FD06460F46A868C3E744
:103E20001C0400203333CB41FC6B0308100400203A
:103E30002DE9F84FD0E900976FF06048A7EB090330
:103E4000B8EBA30F3DD093469A1005468A469AB325
:103E5000B2EB420F4FEA4203A1EB090428D9DFF885
:103E60007880404610F04CFE06468044DBF8003077
:103E70003351002C04DD22464946304615F0BAF98C
:103E8000A7EB0A070434002F344404DD51463A46B8
:103E9000204615F0AFF93C44B9F1000F02D0484676
:103EA000EFF72EFEC5E90064C5F80880BDE8F88F7D
:103EB00053B998461E46D9E7A1EB09044FF0040810
:103EC000CFE7044810F0FDFF984528BF98464FEA19
:103ED0008808C6E744480308FCFFFF7F2DE9F84F38
:103EE000D0E900B86FF07C49A8EB0B03B9EB631F76
:103EF00044D014465A1106468A46D2B3B2EB420F5A
:103F00004FEA4203A1EB0B052FD9DFF88890484612
:103F100010F0F6FD07468144A446BCE80F007C196A
:103F20000FC49CE80F00002D84E80F0004DD2A4632
:103F30005946384615F05EF9A8EB0A082035B8F165
:103F4000000F3D4404DD51464246284615F052F923
:103F50004544BBF1000F02D05846EFF7D1FDC6E94A
:103F60000075C6F80890BDE8F88F53B999461F460A
:103F7000D2E7A1EB0B054FF02009C8E7044810F089
:103F8000A0FF994528BF99464FEA4919BFE700BFEE
:103F900044480308E0FFFF7F2DE9F04FC44FC54DB3
:103FA0002DED028B06460FCFABB01BAC0FC40FCF6D
:103FB0000FC40FCF0FC497E807004FF0000B06F1B6
:103FC00034039FEDBD8A84E80700D84605930DF1C0
:103FD0006C09CDF804B00DF1240A9DF869302A6807
:103FE0008DED148A0BF0070103F0EF0361F3020378
:103FF0008DF869300BF15804002350690391E2B247
:104000001446B9F8061002921A468DF86840CDF8A9
:104010006480EEF703FB6421EEF7E0FCEEF7FCFCB6
:104020002B68B9F8081058698DED170A00231A4655
:10403000EEF7F4FA0A21EEF7D1FCEEF7EDFC2B686F
:10404000B9F80A1058698DED180A00231A46EEF7E0
:10405000E5FA0521EEF7C2FCEEF7DEFC2B68B9F8B5
:104060000C1058698DED160A00231A46EEF7D6FAA1
:10407000924BCDF81CA0044693E80700534603C3B7
:1040800023F8022B120C1A70204607A90B248DF876
:104090002F800894EEF7B4FC01460DA8EEF708FD5A
:1040A00087490DA811F067FA9DF869200D99031E44
:1040B00018BF012363F3C3020FAB99428DF8692047
:1040C00002D00846EFF71CFD0798504501D0EFF7E6
:1040D00017FD9DF869201007C2F3C00340F1CF809F
:1040E0002B68B9F80E10586900231A46EEF796FAB5
:1040F0000021EEF773FCEEF78FFC2B68B9F8041083
:1041000058698DED130A00231A46EEF787FA4FF42B
:10411000FA71EEF763FCEEF77FFC0023CDF810B0E8
:104120004F468DED150A9B460C2010F0E9FC044625
:10413000ECF704FA2B6837F8021B58690694002341
:104140001A46EEF76BFA022346F26E3207A9CDF853
:104150001CA0AAF8002008938DF82680EEF750FCEA
:1041600001460DA8EEF7A4FC0DA92046ECF7F0F9E6
:104170008379990708D50279006851000368032202
:104180008A4023EA020303600D980FAB984201D0E6
:10419000EFF7B6FC0798504501D0EFF7B1FC069851
:1041A00083799A0733D408B1EFF7AAFCBBF1000F6B
:1041B0002AD0D6E90EC39C45DDF810B072D013AFFB
:1041C0000FCF64460FC497E80F000CF1200784E876
:1041D0000F00B7630BF1010BBBF1030F09F11409D9
:1041E0007FF4FBAED6E90A239A4275D03046FFF73A
:1041F000B3F8019B002B65D10123019301982BB0EB
:10420000BDEC028BBDE8F08F4FF0010B8CE7D6E9D7
:104210000B13994240D041F8040BF1629DF86930CC
:104220001B0726D4BBF1000F26D1069BDA7A03992F
:10423000A3F8088061F30202DA722A68029999727F
:1042400000235069B9F812101A46EEF7E7F9002179
:10425000EEF7C4FB069CEEF7A9FBE37A60F3C30319
:10426000E372069B019ADB7AC3F3C0031A430192FF
:104270009CE7BBF1000FD8D1069B1993D6E72A68BB
:10428000B9F8101050691A46EEF7C8F9C821EEF7D0
:10429000A5FBEEF7C1FB30E706AA06F12800FFF701
:1042A000C7FDBBE70598614613AAFFF717FE91E724
:1042B0005C6E03081C040020000000000C6C030866
:1042C000186C030830465946EFF780FE01982BB072
:1042D000BDEC028BBDE8F08F0023019301982BB059
:1042E000BDEC028BBDE8F08F2DE9F04F2DED068B74
:1042F000D7B083461EAB00245A7F9C6164F3020250
:104300005A771C7756AA20339342F5D19F4E0794D3
:10431000336807A958694FF44C42CDE90844EEF7D9
:104320002BF9DDE907539D4200F06C820022CDE9B4
:10433000005B9FED97AA03920292994606E008B1AE
:10434000EFF7DEFB009B994500F01381009B33F8EB
:10435000024B00933368224658694FF44C4147F2B0
:104360006933EEF75BF9EEF721FB0028EAD00C2069
:1043700010F0C6FB8046ECF7E1F83368CDF8188002
:104380005869224649F248234FF44C41EEF746F96A
:1043900012AF02230022119346F26E338DF84A20A9
:1043A00010A910973B80EEF72BFB014616A8EEF7FD
:1043B0007FFB16A94046ECF7CBF883799A0708D51E
:1043C000027900685100036803228A4023EA02034D
:1043D000036016980DF16008404501D0EFF790FB9F
:1043E0001098B84201D0EFF78BFB069883799B07B2
:1043F000A5D5326843F2B65350694FF44C4122467A
:10440000EEF70CF9002316A9CDE916838DF860307C
:10441000EEF7F6FA01460AA8EEF74AFB1698404571
:1044200001D0EFF76DFB0B9B2BB30A9A0492107827
:1044300018F0B4FC4138049A192800F21981DFE819
:1044400010F040013D01210117011701170117016B
:10445000170117011701170117011701170117019C
:10446000170117011701170117011701170117018C
:104470002600DE01DB010698002878D0EFF740FB2C
:104480000A9A0CAB9A423FF45DAF104658E74FF0E2
:10449000000A3368D96891F89C11514540F2FB80BD
:1044A000069905934FF0000BA1F808B0107804911D
:1044B00018F074FC0499CA7A88726AF30202CA720C
:1044C000059B224658694FF44C4144F6E923EEF728
:1044D000A5F85946EEF782FADDF818B0EEF766FA5D
:1044E0009BF80B3060F3C3038BF80B300398069DE9
:1044F000019AEB7AD16A126B504538BF504603904F
:104500000298C3F3C00318439142029000F0678100
:1045100041F8045B019AD162326845F6A8535069AC
:104520004FF44C412246EEF779F81A4BCDF85880FB
:104530000422C8F8003016A9002517928DF864509F
:10454000EEF75EFA014610A8EEF7B2FA169840456B
:1045500001D0EFF7D5FA104910A811F00CF8002897
:1045600040F0B2801098B84201D0EFF7C9FA0A9A29
:1045700087E7DDF804B0DBE90A239A4200F09B806C
:10458000DDF80C8000240BF134060EE01C04002042
:10459000000000006E6F6E65746C0308022C32D947
:1045A00044454ED9062C1CD0013456AB03EB4413C2
:1045B000650113F8C43C002BF0D0DBE90EC39C4529
:1045C0001EAB00F013811D440FCD67460FC795E861
:1045D0000F00062C0CF1200587E80F00CBF83850AF
:1045E000E2D15846FEF7B8FE029B002B45D10123CD
:1045F0000293079808B1EFF783FA029857B0BDEC21
:10460000068BBDE8F08F9DF87520DBF838C01C9351
:10461000DBF83C3064F302028DF875209C4504F110
:1046200058028DF874201DD016AF0FCF65460FC508
:1046300097E80F000CF1200785E80F00CBF83870E1
:10464000B2E79DF87520DBF838C01C93DBF83C30EE
:1046500064F302028DF875209C4504F141028DF847
:104660007420E1D1614616AA3046FFF737FC9BE77C
:10467000069800287FF402AF03E758460321EFF7BE
:10468000A5FCB6E73368D96891F89C114FF0050A8C
:1046900051453FF605AF58685C49036852469B6830
:1046A0009847069808B1EFF72BFA0A980CAB984296
:1046B00001D0EFF725FA002302939AE74FF0040A9E
:1046C000E7E64FF0030AE4E60A9B187818F066FB69
:1046D0003368069A04928446224658694FF44C4146
:1046E0004AF2BC035FFA8CF5EDF798FF6421EEF710
:1046F00075F9EEF791F9326846F2D34350694FF4F9
:104700004C412246F0EE408AEDF788FF0A21EEF791
:1047100065F9EEF781F932684FF2F70350694FF40B
:104720004C412246B0EE408AEDF778FF0521EEF7C6
:1047300055F9EEF771F9364910A8B0EE409A10F02D
:104740001AFF33684FF44C4183462246586948F2B9
:104750005C73EDF763FFBBF1000F0CBF5946C82136
:10476000EEF73CF9EEF758F93368224658694FF4F2
:104770004C4142F63713F0EE409AEDF74FFF4FF4FD
:10478000FA71EEF72BF9EEF747F91EAB03EB4A137C
:10479000BBFA8BF85A7F10981D774FEA58184AEAEF
:1047A000C80A22F01F084AEA080A049AC3ED009AD0
:1047B000B84283ED039AC3ED048A83ED058A83ED45
:1047C00001AA9A6183F81DA083ED020A01D0EFF7D8
:1047D00097F90A980CAB98427FF4B2ADB2E5019B11
:1047E00006AA03F12800FFF723FB95E65A19614654
:1047F0003046FFF773FBD5E64FF0020A49E64FF06B
:10480000010A46E60023CDE90233B4E6246C03082E
:104810000C6C030870B53A4D2968002384B01A4621
:104820000446486947F23C71EDF7F8FE0021EEF7C7
:10483000D5F8EEF7BBF8002846D02046FFF7ACFBD2
:10484000002846D020460221EFF7C0FB2046052174
:10485000EFF7BCFB06212046EFF7B8FB2B681820CA
:104860005E6A10F04DF90546EEF75EF8254B264AD4
:104870001B68264902919B0BA2FB03239B0907EEB1
:10488000903A0022039204ABF8EEE77A13E90300B2
:10489000FDEEE77A05F108026C60C5ED047A01953A
:1048A00082E80300C5ED057A72B63369B3F57A7F05
:1048B00017D3D6E9021399421DD0019B41F8043B5E
:1048C000B16062B604B070BD2046FFF70DFD002850
:1048D000B8D1002CF6D0236820465B68984704B016
:1048E00070BD4FF47A7131613046ECF7E9F8D6E9E2
:1048F00002139942E1D1301D01AAF1F7C1FAE0E7B4
:104900001C040020D0010020D34D6210352F010877
:104910002DE9F04FD0E900696FF07048A9EB06036C
:10492000B8EBE30F83B067D00C46D91007460029D7
:1049300057D0B1EB410F4FEA4103A4EB060B4AD924
:10494000DFF8C0800192404610F0DAF8019A05467F
:10495000804400F1080A92E80300AB44B4428BE8BB
:10496000030015D0A4F1080AAAEB060A4FEADA0EF2
:10497000002306EBC30292E8030005EBC30C73456A
:104980008CE8030003F10103F3D10AF1100AAA44F1
:104990004C4515D0A9EB0409A9F108094FEAD90E35
:1049A000002304EBC30292E803000AEBC30C734537
:1049B0008CE8030003F10103F3D109F10809CA44AB
:1049C00016B13046EFF79CF8C7E9005AC7F80880DF
:1049D00003B0BDE8F08F4BB998461D464FF0080A6A
:1049E000B9E7A4EB060B4FF00808ABE7984528BFE2
:1049F00098464FEAC808A5E7014810F062FA00BFE0
:104A000044480308F8FFFF7F10B5D0E90142944203
:104A100007D0034603C904F1080284E803005A6082
:104A200010BD0A462146FFF773FF10BD2DE9F04384
:104A300090F8423004222DED028B62F3840380F85B
:104A4000423090F84220A7B000235706CDE9023348
:104A50000546049340F1F380B34A436B126893F820
:104A60005D10D268D3ED137A92F834300E0758BF38
:104A7000F1EE677ADC0744BF9FEDAC7AC7EE877A28
:104A80005A2316A902A88DF85830CDED177AFFF7F2
:104A9000BBFF6B6B93ED158ADDE902639E4200F06C
:104AA000BE80049A0021179193424FF047018DF880
:104AB000581000F01481A3F1080292E80300941B3F
:104AC00003F10807002C83E803004FEAE402039790
:104AD000C8BF18460BDD50F80C1C10F8103C40F80D
:104AE000041C013A00F8083CA0F10800F3D19DF83D
:104AF00058303370179B736016AF02A88A4EDFEDF3
:104B00008C7A3368DB6893F83430DB0728EE278A29
:104B100044BFDFED867A88EE278A462339468DF832
:104B200058308DED178AFFF76FFFDDE902E3A3EB45
:104B30000E0400225FEAE40CCDE90B220D9209D0AD
:104B4000BCF1805F80F0EE8020460FF0D9FFDDE9F8
:104B500002E3844664447345CDE90BCC0D9414D034
:104B6000083BA3EB0E084FEAD80900230EEBC30263
:104B700092E803000CEBC304994584E8030003F1B9
:104B80000103F3D108F10808C4440BA940223846B8
:104B9000CDF830C0ECF73EFD0B9808B1EEF7B0FF52
:104BA0000DF11C083846CDF8148016F0C9FD0F2809
:104BB00004460B9000F2A480012840F08A809DF802
:104BC00058308DF81C3042460023069405A9135531
:104BD0000BA8584A012301F07BF90598404501D004
:104BE000EEF78EFF3368D868F3F74CF93368D8686E
:104BF00090F8343002686FF3410380F834300BA929
:104C000053699847336801219869F7F749FA33687F
:104C1000D868F3F71FFA0BA801F038F8029B95F853
:104C20004220032161F3840285F8422013B1184623
:104C3000EEF766FF27B0BDEC028BBDE8F083D0E94C
:104C40000D48A04554D09FED3C8A374FDFED378AA1
:104C50000E464FF0010903E02034A0453FF41CAF9D
:104C6000637F03F0070309FA03F33342F4D0A16929
:104C70000029F1D0CA7A1007EED52846FEF7F0F9E0
:104C80000028E9D03B68617FDA68D4ED037A92F8B6
:104C90003420237F8DF85830090758BFF1EE677A2A
:104CA000D20748BFC7EEA87A16A902A8CDED177A99
:104CB000FFF7AAFEB4EE488AF1EE10FA2FD6D4ED33
:104CC000057AF4EE487AF1EE10FA48BFB0EE678A42
:104CD000C2E7424600283FF477AF404618E016AFDF
:104CE00002A831463A460190FFF712FE019805E707
:104CF00090F84230032262F3840380F8423099E74F
:104D000000220BA905A810F0A5F90B9B05900793AD
:104D10002246394614F0D4F90B9C059A54E794EDD9
:104D2000058A99E710F0C7F81C0400203333CB4103
:104D300000007042100400200000C07F2DE9F04FF9
:104D4000C34F2DED028B3B689BB0044688469869A3
:104D50000121F7F7A5F93B68DD68EB694FF0000921
:104D6000CDF828909BB1022205F1140108A89847BC
:104D70003B68296ADE68EA69F369CDE90A2133B143
:104D800006F11401084603229847C6E9079994F8EA
:104D90004230580600F1D780DB0940F0D48058211A
:104DA000404600F083FF002800F0AF824FF0010979
:104DB000D4E90D5A554500F017819FEDA68A0026CB
:104DC0004FF0010B07E0D868B0EE480AF3F7BEFCDD
:104DD0002035554522D0AB69002BF9D0B9F1000F31
:104DE00040F00981697F01F00701052900F28782FF
:104DF00094F843300BFA01F213F0010F46EA020671
:104E00003B68E0D0D868B0EE481AF3EE0E0ABBEE6D
:104E10000E0A2035F3F766FC5545DCD14FF000084B
:104E2000002E00F0E180256CC5F31103002B00F08B
:104E3000EA8094F84330D90700F1E580C5F3110505
:104E4000002D00F03D824FF0010901E0ED081BD07C
:104E5000D4E90D0305F007011B1A0139B1EB631FFB
:104E60000DD201F01F0309FA03F3334207D00529DD
:104E700000F2458209FA01F12046FEF789FC3B6801
:104E800093F8B8209207E1D5DDF828B0D3F80C905C
:104E900000231593BBF1000F00F00A8213AD2846E2
:104EA000022208A9D847DDE90ABC95E803000DF104
:104EB000300A8AE8030009F1140393E8030085E847
:104EC00003009AE8030083E80300D9E90732159349
:104ED000C9F81CB01692C9F820C01BB1032229469C
:104EE000284698473A6892F8B830990700F15D81F2
:104EF000B8F1000F40F0B28094F84330D90700F1C8
:104F0000AD80D4E90D58A84500F037814FF0010974
:104F100003E02035A84500F03081697F01F00701EA
:104F200009FA01F33342F4D03B6895ED000AD5ED60
:104F3000017AD86830EE270AF3F708FC6B7F43F05C
:104F400010036B77E5E75821404600F0AFFE30B91B
:104F50005921404600F0AAFE002800F07D8158212A
:104F6000404600F0A3FE002800F04B81D4E90D106C
:104F7000431A7F2B40F295814FF0010AD14600265B
:104F800003254FF0010B0FE05A7F02F00702052ABC
:104F900000F2B081D4E90D100BFA02F2164301358C
:104FA000431AB5EB631F16D201EB45139A69002A29
:104FB000F5D0BAF1000FE7D0197F0193404600F019
:104FC00075FE019B0028DFD1D4E90D100135431A8D
:104FD000B5EB631FE8D3B9F1000F40F073814FF0D8
:104FE0000108002E7FF41FAF3B681B495868036817
:104FF0009B689847CEE0297F404600F057FE002886
:105000007FF4F0AEE4E694F842309D0640F154811E
:10501000D4E90D59A94500F053814FF0010A03E08E
:105020002035A9453FF430AF6A7F02F007020AFA43
:1050300002F1314205D0052A00F25C812046FEF7DC
:10504000A7FB3B6893F8B82090073FF51DAFE7E753
:105050001C040020000000007C6C0308636B94F8C3
:10506000421093ED000AD3ED016AD3ED080A93EDE7
:10507000097A93ED101AD3ED117A30EE260A70EE0C
:10508000870A31EE271A4B068DED020ACDED030A91
:105090008DED041A40F1C980D36858680368524600
:1050A0009B6802A998473B68DDED0C6ADB6894EDCC
:1050B000075A58689DED0D7AD4ED085ADDED0E7A49
:1050C00094ED096A026876EEC56A37EE657A77EE86
:1050D000C67A00232946D568CDED136ACDE916338B
:1050E000CDE918338DED147ACDED157A05AAA847D0
:1050F0003B689DED071AD868DDED060A9DED050AAF
:10510000F3F7F0FA636B587F93F83D1093F85D2046
:1051100040F0100042F0100241F0100183F85D20D1
:10512000587783F83D10A06BC21A7F2A25D9032532
:105130004FF0010805E0636B0135C21AB5EB621F41
:105140001BD203EB451999F81D1001F0070108FA6D
:1051500001F33342EFD099ED000AD9ED017A3A68B4
:1051600030EE270AD068F3F7F1FA99F81D3043F0D2
:10517000100389F81D30A06BDDE794F842305F061C
:1051800027D494F843305D0700F18D8031462046E6
:10519000FFF74CFC0A9B1BB108A90846032298475D
:1051A0001BB0BDEC028BBDE8F08F50685D07036853
:1051B00054BF684968499B689847D4E90D319942C2
:1051C000E8D05A7F6FF304125A7720339942F8D10E
:1051D000E0E77007DED594F84330590704D4636BD9
:1051E0009B69DB7A1A07D5D531462046FFF71EFCAE
:1051F00094F843305B07CDD531462046FEF7D2F90F
:10520000C8E75921404600F051FD00287FF4AEAEBA
:105210005A21404600F04AFD8146D4E90D10431A58
:105220007F2B62D94FF0010AA9E694F8433013F0BE
:1052300001037FF431AFC90953D0D06816932946D2
:10524000CDE917338DED130ACDED140A8DED151A46
:105250001993F3F72BFB55E75A21404600F026FD42
:1052600000287FF47CAE4121404600F01FFD00285D
:105270007FF475AE4221404600F018FD00287FF40F
:105280006EAE4321404600F011FD824600287FF4B7
:1052900066AED4E90D10431A7F2B4FF001093FF69B
:1052A0006EAE042610E031462046FEF77BF96DE72E
:1052B000DDF858C013ADF8E531462046FEF768FA30
:1052C0003B68E1E546F004069FED241A3B68F0EEEA
:1052D000410AD868B0EE410AF3F704FA4FF001082A
:1052E000A1E5D068F3F7FEF90CE7B9F1000F3FF440
:1052F0007BAED6E71A491B4806230FF0E8FD0A46A5
:105300001848174906230FF0E2FD5921404600F0E6
:10531000CDFC00287FF44AAD5A21404600F0C6FC7F
:1053200000287FF443AD4121404600F0BFFC002837
:105330007FF43CAD4221404600F0B8FC00287FF4E9
:1053400035AD4321404600F0B1FC814600287FF492
:105350002DAD2DE5986C0308D46C03080000000007
:105360001C4D0308284D03082DE9F04F0B7A2DED55
:10537000028B5E0795B00C46054603D54A681C2A89
:1053800000F06C819B0711D52368B3F5FA7F00F01C
:10539000ED8000F2A280CE2B00F0BA81B3F5997FA8
:1053A00009D195F84230DB0900F0F78115B0BDEC6A
:1053B000028BBDE8F08F772BF8D1D5E90D69B145A7
:1053C00049D0DFF83CA3DFF83CB3A046B369002B1B
:1053D0003DD00022337F00931146012309AF07A877
:1053E00008928DF8242007970FF058FF727F4168CC
:1053F00012F0080F6FF04043B94AA3EB010314BF4A
:1054000051461146032B40F22A84042210F004F87E
:10541000D6F818C0D8F80C009CF806100368079A54
:105420009C6811F0020FC1F3400309D0DCF8003092
:105430009CF804C01B6923FA0CF34B4003F00103F2
:105440005946A0470798B84201D0EEF759FB2036DD
:10545000B145BBD14446E068A24903689B689847C0
:10546000D5E90A38984500F03181DFF89CA2DFF8D1
:105470009C921D460FAE13E00968096921FA0EF1EE
:105480008CEA010C0CF00101CDE900E14946B84776
:105490000D98B04201D0EEF733FBA84500F016811D
:1054A0002B6801219A7A0D960DA80FF049FE55F848
:1054B000041BCB7A1B0700F1DE80E06891F806C080
:1054C00003680D9A9F6891F804E04B791CF0020F75
:1054D000CCF3400BD0D15946D6E740F29922934203
:1054E00000F0D78040F29A2293423AD195F84230A8
:1054F0005A0604D495F84330DB077FF557AF58219F
:10550000204600F0D3FB002840F02E82592120468F
:1055100000F0CCFB002840F01F825A21204600F00A
:10552000C5FB002840F00E826E6AE869E46810F05E
:10553000D9F902460B463046CDE9042310F0D2F9E2
:1055400006460F46286A2568CDE9026710F0CAF9B9
:10555000CDE90001DDE90423AD6863492046A84791
:1055600024E740F2F71293427FF420AF95F84230DF
:10557000DB0900F0EC806E6BE768706810F0B2F940
:1055800002460B46706CD7F80080CDE9042310F07A
:10559000A9F9CDE90201706A10F0A4F9CDE9000182
:1055A000DDE90423D8F8086050493846B04795F83B
:1055B00042305F0603D495F84330DE0726D5E8690C
:1055C000E66810F08FF902460B46686A3768CDE945
:1055D000042310F087F980468946286ACDE90289BC
:1055E00010F080F9CDE90001DDE90423BF684049EE
:1055F0003046B8476B6BE668186C10F073F90246DA
:1056000030680B4687683B493046B847D5ED017A8C
:10561000AD68F5EE407AF1EE10FA07D107EE105AB8
:10562000B5EE407AF1EE10FA3FF4C0AE17EE900AF4
:1056300010F058F902460B462846CDE9042310F035
:1056400051F9E46806460F4625682B49CDE9006705
:10565000DDE90423AD682046A847A7E65B09062BD1
:1056600000F20083DFE813F0F6002101EB000101F6
:10567000C600B3009E000E9A6FF040439A4200F0BD
:10568000EE82514601220DA80FF0C6FE55F8041C0B
:1056900013E795F84230580604D495F84330D907FB
:1056A0007FF584AE6B6B5A2120461E6C00F0FEFA2B
:1056B000002840F03C81304610F014F9E5680246BD
:1056C00028680B4686680D492846B047237A43F080
:1056D0000103237215B0BDEC028BBDE8F08F00BF53
:1056E000F06C03081C6D0308406E0308946D0308FA
:1056F000C86D0308F06D0308046E0308306E0308DC
:10570000E86C0308246D03082C6D0308306D030852
:1057100095F84230DB097FF449AED5E90D67B74211
:1057200004D1FEE02036B74200F0E080B369002BE0
:10573000F8D0317F204600F0B9FA0028F2D0317F4E
:105740000022204600F0C6FA86ED010AEAE7E0688A
:10575000954903689B689847D5E90D68B04516D010
:10576000DFF85C92B3697BB1327F7068049210F00D
:10577000B9F8E768049AD7F800A0CDE900013846E7
:10578000DAF80830494698472036B045EAD1E06853
:10579000864903689B68984709E721462846FEF733
:1057A00015FA03E6D0E90D67B7428FD0DFF814820F
:1057B000B36943B1E068737F0168327F8D68C3F3DA
:1057C00000134146A8472036B742F1D17EE708468C
:1057D00000F0F0FA002840F05781D5E90D319942E8
:1057E0003FF4E4AD5A7F6FF304125A7720339942A5
:1057F000F8D1DBE56E4B0D93002658212046CDE90C
:105800001066CDE912660E930F9300F04FFA002850
:1058100040F09A815921204600F048FA002840F0D3
:1058200084815A21204600F041FA002840F0A480EB
:10583000604B1B680DA9D868F3F738F8B6E55D4BE7
:105840001B6893F8B83059070AD521462846FFF758
:1058500075FAABE5574B1B6893F8B8305807F4D589
:1058600021462846FEF77AFAA0E5084600F0A2FA9B
:10587000002840F0AB80D5E90D45AC423FF496AD31
:105880004C4E9FED4D8AA3695BB1617F41F01001E1
:105890006177336801F00701D868B0EE480AF2F783
:1058A00055FF2034A542EED180E5424B1B68DB68F2
:1058B000D3F80811D3F80C21D3F81031C36041603C
:1058C00082605821204600F0F1F9002863D1592167
:1058D000204600F0EBF900283FF468AD2046002296
:1058E000592100F0F7F985ED020A5FE5D5E90D577A
:1058F000AF4216D0DFF8D080AB697BB12A7F6868F1
:1059000004920FF0EFFFE668049AD6F80090CDE914
:1059100000013046D9F80830414698472035BD424D
:10592000EAD1E068254903689B6898473EE5002274
:105930005A21204600F0CEF96B6B10EE106A83ED11
:10594000100AB8E600225A21204600F0C3F910EEF2
:10595000106A85ED090AE8E500225921204600F089
:10596000B9F985ED080AD8E500225821204600F053
:10597000B1F985ED070AC9E5002220465A2100F059
:10598000A9F96A6B8DED0F0A92F85D3043F01003B0
:1059900082F85D304CE700225821204600F09AF949
:1059A00085ED010A93E700BF6C6D0308687E03086C
:1059B0000000C07F1C04002000000000406D0308B0
:1059C000886D0308F86C0308606D030858212046B1
:1059D00000F06CF9002840F0EC805921204600F0DE
:1059E00065F9002840F0D1805A21204600F05EF988
:1059F000002840F0B6806B6BAA6BD21A7F2A4FEA60
:105A000062117FF6D3AC9A6F52B14121204600F06B
:105A10004DF9002840F0F580D5E90D32D21A511128
:105A200004297FF6C3ACD3F8982052B14221204616
:105A300000F03CF9002840F0FB80D5E90D32D21A85
:105A4000511105297FF6B2ACD3F8B830002B3FF4E2
:105A5000ADAC4321204600F029F900283FF4A6AC64
:105A6000874B1B68DE6800222046432100F032F994
:105A700030460521F2F76AFE6A6B92F8BD3043F0BA
:105A8000100382F8BD3091E45821204600F00EF951
:105A900020B16B6B5A7F6FF304125A77592120465D
:105AA00000F004F930B16B6B93F83D206FF30412F2
:105AB00083F83D205A21204600F0F8F86A6B28B19F
:105AC00092F85D306FF3041382F85D30AB6B9B1A74
:105AD0007F2B7FF66BAC4121204600F0E7F80028D1
:105AE00040F08480D5E90D239B1A5B11042B7FF6CF
:105AF0005DAC4221204600F0D9F800286BD1D5E9F1
:105B00000D239B1A5B11052B7FF650AC20464321D9
:105B100000F0CCF800283FF449AC6B6B93F8BD2043
:105B20006FF3041283F8BD2040E40022592120467F
:105B300000F0D0F86A6B8DED0E0A92F83D3043F01C
:105B4000100382F83D306CE632465821204600F0C2
:105B5000C1F86A6B8DED0D0A537F43F01003537744
:105B600058E6474B1B68DE6800225A21204600F0A9
:105B7000B1F830460221F2F7E9FD6B6B93F85D2036
:105B800042F0100283F85D2036E73D4B1B68DE686B
:105B900000225921204600F09DF830460121F2F7FD
:105BA000D5FD6A6B92F83D3043F0100382F83D302A
:105BB0001AE7334B1B68DE6800225821204600F0AC
:105BC00089F830460021F2F7C1FD6A6B537F43F03C
:105BD0001003537701E76A6B92F89D306FF304135B
:105BE00082F89D30AB6B9B1A5B118CE76A6B92F865
:105BF0007D306FF3041382F87D30AB6B9B1A5B1121
:105C000074E71F4B1B68DE6800224121204600F02C
:105C100061F803213046F2F799FD6B6B93F87D2014
:105C200042F0100283F87D20AA6BD21A5111F7E6D8
:105C3000134B1B68DE6800224221204600F04AF820
:105C400004213046F2F782FD6B6B93F89D2042F001
:105C5000100283F89D20AA6BD21A5111F1E609486F
:105C60000FF02FF9064B1B6893F8B8305A077FF5F1
:105C70009DABC868044903689B689847FFF796BBCB
:105C80001C04002038490308006D030810B50446C1
:105C9000806A08B10CF0E0F9206904F11803984219
:105CA00001D0EDF72DFF204610BD00BF38B5846A46
:105CB00020460D4615F044FD631E184403E013F81A
:105CC000012FAA4203D08342F9D1002038BD012020
:105CD00038BD00BF70B582B00023846A0193237879
:105CE00016460D461BB910E0637801346BB1AB4228
:105CF000FAD10134204601A916F07CFE019B06B1C1
:105D00003360A342F0D902B070BD2EB19FED040AFA
:105D10000023336002B070BD9FED010A02B070BD78
:105D20000000000070B582B00023846A01932378DC
:105D300016460D461BB911E06378013473B1AB42CE
:105D4000FAD1013420460A2201A916F057FF019B1F
:105D500006B13360A342EFD902B070BD1EB100207E
:105D6000306002B070BD304602B070BD70B582B018
:105D70000023846A0193237816460D461BB911E06F
:105D80006378013473B1AB42FAD1013420460A2260
:105D900001A916F0EDFF019B06B13360A342EFD9D4
:105DA00002B070BD1EB10020306002B070BD304640
:105DB00002B070BD38B5846A0546204615F0C0FCB7
:105DC0002B7AC3F3C00343F3000323440025C4F13B
:105DD0000104E21890420CD913F8012FA2F14101FD
:105DE0001929F6D8542AF4D0E218904205F1010599
:105DF000F2D8284638BD00BF2DE9F041D0F8288000
:105E000082B000230746404601930E4615F098FCE9
:105E100008F1FF342044234603E013F8011F47290B
:105E20003DD08342F9D13B7A6FF382033B72404607
:105E300015F086FC451E4544234603E013F8011F78
:105E40004D291DD09D42F9D13B7A6FF341033B723E
:105E50005B0708D5019810B103782E2B2DD03B7A23
:105E60006FF347133B7246B1019830B115F046FC11
:105E70000446B86A0CF0F0F8BC6202B0BDE8F081EC
:105E80003B7A43F002033B7201AA3846FFF74AFF10
:105E90003B7A38605A07DDD49907E4D5DAE73B7AD4
:105EA00043F004033B7201AA3846FFF73BFFD7F8E3
:105EB0002880786008F1FF34B9E701300A2201A98F
:105EC00016F056FF3B7A60F347133B72CBE700BFF7
:105ED000F8B5044618300026206108682676666109
:105EE0001D46174615F00AFC237AA06203F00E0344
:105EF00023722046C4E90066E7602946FFF77CFF6D
:105F0000237A65F3C30323722046F8BD2DE9F04FD1
:105F10002DED028BD1F828A00C7A9FED658A0746FB
:105F2000002300F10409C7E9039985B050463B718D
:105F3000BB607B618846C4F3C00415F001FC84F0AB
:105F40000104E4B2844250D21AF80450A5F141038E
:105F5000192B47D8542D45D0BB68002B63D04E4633
:105F60001A7CAA422ABF1E46DB689B68002BF7D129
:105F7000B14558D0337CAB4228D918200EF0C0FD73
:105F800080ED058A057496F810B05D45824600F1F3
:105F9000100130D2FB6801919E420AD030460EF0CB
:105FA00048FE037C0199AB42024668D2C368002BCD
:105FB00061D0334632465646002B43D001204B4633
:105FC00031460EF038FE7B6901337B61404629463D
:105FD0000022FFF77FFED8F828A086ED050A50467C
:105FE00015F0AEFB01348442AED3384605B0BDECAB
:105FF000028BBDE8F08F019112D93B699E4236D0E9
:1060000030460EF0F0FD027C0199AA42034641D9C8
:10601000F26862B302465646002ACDD130461E468B
:10602000EDF76EFDD2E718200EF06AFD7B6905746E
:10603000064680ED058A7BB13A69137CAB420BD2F0
:10604000002A32D09145B9D0307C92F810B0584532
:106050002CBF00200120B2E706F11002394602A849
:10606000F8F7B6FBDDE90232002AA5D1D6E73246C1
:1060700028465646EBE75646002AE3D115E00A4685
:1060800002A83946F8F7A4FBDDE902325646002A99
:1060900092D1C3E70A4602A83946F8F799FBDDE931
:1060A00002325646002A87D1B8E730461646B7E78F
:1060B000000000002DE9F8438C6880469146C4B189
:1060C000167800E01C46257CAE4235BFA368E36825
:1060D00001270027002BF5D167B92346AE428BBFBD
:1060E00000220023C8E90023C8E900434046BDE878
:1060F000F8830C1DCB68A34208D020460EF099FD12
:10610000234699F80060057C0446E7E70023C8E9C8
:1061100000344046BDE8F8832DE9F04F8C6A0D7AD3
:106120008046002600F1040AC8E903AA85B020468B
:1061300088F80460C8F80860C8F814608946C5F398
:10614000C00515F0FDFA85F00105EDB28542B346B4
:1061500053D2665DA6F14103192B4BD8542E49D07A
:10616000D8F80840002C67D05746237CB3422ABF9A
:106170002746E468A468002CF7D1BA455CD03B7C84
:10618000B3422CD918200EF0BBFC067444613C7C51
:10619000A6420346844600F1100132D2D8F80C2002
:1061A000009197420CD0384601930EF042FD024612
:1061B000007CB042DDE900136BD2D168002964D0C5
:1061C00038463A461F46002847D0012053463946F4
:1061D0000EF031FDD8F814300133C8F814303146D0
:1061E00000224846FFF79EFDD9F8284078612046F6
:1061F00015F0A6FA01358542ABD3404605B0BDE89F
:10620000F08F009114D9D8F81020974239D0384631
:1062100001930EF0E8FC027CB242DDE9001343D9A1
:10622000FA6872B302461F46002ACCD1BC46074624
:106230006046EDF765FCD2E718200EF061FCD8F857
:10624000143006740746C0F814B07BB1D8F810209B
:10625000137CB3420AD2002A33D09245B5D0387CA1
:10626000147CA0422CBF00200120AFE707F11002F0
:1062700002A84146FFF71EFFDDE90202002AA2D173
:10628000D4E73A4630461F46EBE71F46002AE4D1E2
:1062900017E00A4602A841461F46FFF70BFFDDE95B
:1062A0000202002A8FD1C1E70A4602A841460093A4
:1062B000FFF700FFDDE90202009B1F46002A82D1A2
:1062C000B4E7BC461746B3E790F8A0305B0702D5A9
:1062D000836F013383677047034610B5044653F854
:1062E000080F0833984201D0EDF70AFC204610BD94
:1062F0008A884EF68F739A4212D1CB8841F233329C
:1063000093422DE9F0410C4605460AD043F20B7248
:10631000934215D049F67822934216D0BDE8F08119
:10632000704790F8A020C2F38002237C2E49E160E0
:1063300023F0030343F0030323740A70BDE8F081E4
:1063400090F8A020C2F3C002EFE7284F3B78BFF3DC
:106350005B8F13F001062FD02B6F002BDEDD95F83D
:10636000A0205207DAD56A6F9FED217A214EA96FDE
:1063700071609A1A00EE102A07EE903AB8EE400AC1
:10638000F8EEE77A37EEC00A20EE070A80EE270A19
:1063900010F0A2F83046291DBCEEC00A10EE103AEB
:1063A00040F8083B0EF0E6FE237CE66023F0030392
:1063B00043F003032374B1E738460EF092FB002844
:1063C000CAD0DFF83080384608F11003C8F80C60F6
:1063D00088F81060C8F808300EF08FFB064A0749AD
:1063E00040460EF075FBB7E7C8040020A404002067
:1063F0000000C842A804002088010020D9620108DA
:1064000070B50446EDF7DCFD23461849B4F8A0202A
:1064100043F80C1B22F470626360002304F1540003
:1064200004F1240604F13C0522F00E0204F18C0173
:10643000237384F8243084F83C3084F85430E064CA
:10644000C4E92511E6616563A4F8A020A360236276
:10645000A363236584F88C30C4F89030E366A367A7
:10646000A366C4F89C30204670BD00BF807303084B
:106470002DE9F0478AB0044604A81546EBF7B4FDB1
:1064800002234A4904A800220FF02FF894F8A03004
:106490005B071AD4E36E93B12A68236F9668626F24
:1064A000013014BF424943492846B047049806AB1F
:1064B000984201D0EDF724FB0AB0BDE8F0872B68C5
:1064C0003D499B6828469847F0E7236F002B17DD6E
:1064D000D4E91D260A2E09D80027991A013015D0B3
:1064E0002868334984682846A047DFE79642A3EB33
:1064F000020196BFB2FBF6F70027B1FBF7F7EDE715
:106500002B682E499B6828469847CFE707EE903ABC
:1065100007EE101AF8EEE77AB8EE470A9FED287AF0
:10652000DFF8AC80DFF8ACA037EEC00A4FF4616949
:1065300020EE070A80EE270A0FF0CEFFA8FB0631F7
:10654000C90AAAFB062309FB1162AAFB02025B0926
:10655000C3EB03135209A6EB83062B680296CDE921
:106560000012FCEEC07A626816499C68284617EE55
:10657000903AA047A7B1AAFB07235B09A8FB071223
:10658000D20AC3EB031109FB1273A7EB8107296839
:106590000097AAFB03038C680B495B092846A047B8
:1065A0002B680A499B68284698477FE7D06E030806
:1065B000D46E0308F06E0308106F0308846F03089D
:1065C0000000C842286F0308646F0308888003082E
:1065D000C5B3A29189888888F0B590F8A0305B0790
:1065E00083B004460F46164601D4C36E4BB394F8ED
:1065F000A000154BA268002520F00C0084F8A00034
:10660000C4E91C5529460095201D0EF087FEE06E5A
:10661000656611F031FC7B68E5660BB103B0F0BD37
:106620000A4C23689869F5F7DDFD2368D868F2F70E
:10663000A9F8336806499B68304603B0BDE8F040CE
:10664000184713680349F6E70C4F03081C040020A1
:106650009C6F0308106F030890F8A03070B51D07F9
:106660000446104633D413680D469B681B4998476F
:1066700028461B490EF07FFF94F8A03000280CBF7D
:106680004820082023F048031843420784F8A0005C
:10669000C0F3800514D4134B13491B685868036872
:1066A0009B68984794F8A03065F3041384F8A030F1
:1066B00094F8A1300A2262F3030384F8A13070BD7C
:1066C00020F0140343F0100384F8A030F0E71368BF
:1066D00006499B68BDE87040184700BFF86F030883
:1066E0002C7003081C04002030700308E46F0308BA
:1066F00069B138B505460C46E1682846FFF7F8FF52
:106700002046A468EDF7FCF9002CF5D138BD7047A0
:106710002DE9F04F2DED028B90F8A030B7B09246E6
:1067200013F0080FC3F3C0020A90DAF800300D929C
:1067300000F0B0819B68C049504698470A9BD3F847
:106740009C30002B00F0C3800A9BD3F8944003F1E7
:106750008C0B5C450FD016AD6269218A16922B46D0
:1067600000224AF61640EAF735FD20460EF03BFAC5
:1067700083450446F0D1DAF80030B04AB0499B684E
:106780000B92504698470BF093FE9FEDA98B0C900F
:106790000BF08EFE0C9BC01AAA4B984200F262814D
:1067A0000A9BD3F89440A34566D04FF000094FF000
:1067B0000008464616AF1CAD8DF87060228A1A9507
:1067C0003B464EF618314AF616401B96EAF7D8FCBF
:1067D000002839D0B9F1000F26D0DAF800301A9A23
:1067E0009B681698099208930FF07CF8DDED177AF4
:1067F000099ABFEE007AF4EE477AF1EE10FACDE98D
:10680000060100F00F8117EE900A0FF06BF8099A5D
:10681000189B04939DED067BCDE902018DED007B75
:106820008949089B50469847B8F1000F0CD19DED5F
:10683000167AD4ED057AB4EEE77AF1EE10FA4CBF91
:106840004FF001084FF000081A98A84201D0EDF768
:1068500057F920460EF0C7F983450446ACD1B9F18B
:10686000000F05D0DAF8003078499B685046984709
:10687000B8F1000F40F001810B9B1B6893F8B82022
:10688000920729D55868724903689B6898470B9B03
:106890001B68D868F1F7DEFB0A9CD4F8901004F16D
:1068A0008800FFF725FF94F8A020C4F894B00023D7
:1068B00063F3C302C4F898B084F8A020C4F8903001
:1068C000C4F89C3037B0BDEC028BBDE8F08F0A9B5A
:1068D00003F18C0B594B0B930A9CD4F8901004F1E4
:1068E0008800FFF705FF0B9BC4F894B01A6892F874
:1068F000B830C4F898B021469D074FF00004C3F3A8
:106900004006C1F89040C1F89C4000F1EF800A9B1E
:106910009B6B002B40F0C780DFF8448116ADDAF89E
:1069200000304C499B68504698470B9C2368D868B8
:10693000F1F790FB23680B94DB680A9E93F83440D0
:10694000D6F8840044F0020283F834200EF0CAFF27
:1069500002460B46D6F88000CDE904230EF0C2FFB4
:106960000B460246F06FCDE902230EF0BBFF3A4A18
:10697000CDE900018021284614F0C0FB002612AFAB
:106980002846CDE910768DF8486014F0D9FE2B46E4
:1069900000903246314610A80EF0C0FC0B9BCDF89B
:1069A0003C8018680FAA0121ECF7A4FC1098B842AB
:1069B000C4F3400401D0EDF7A3F80B9D2B68DA680F
:1069C00092F83410002364F3410182F834104AF63F
:1069D00076501A4641F68911EAF7FCFB2B6893F8CA
:1069E000B820900700F19B80DAF800301B499B68C3
:1069F000504698470A9A92F8A030D90640F19580FF
:106A000023F0140343F0040382F8A0300A9A92F8AA
:106A1000A0306FF3C30382F8A03037B0BDEC028B17
:106A2000BDE8F08F51EC180BF2E600BFAFF3008029
:106A30000000000000000000547003081C04002047
:106A40006C7003083F420F00AC650308687E0308C2
:106A500088700308C8700308F87003080C710308F5
:106A6000100400200BF024FD0A9B0C90D3F89440F6
:106A7000A34551D0DDF8349099E60B9C0A9A206822
:106A80000321ECF737FC236893F8B82096077FF5CD
:106A90007FAEF7E627499B685046984737B0BDEC74
:106AA000028BBDE8F08FDAF8003023499B68DFF8ED
:106AB0009480504698470A9B189603F1340119AC0C
:106AC00017A88DF8646017940EF054FB0B9BCDF85B
:106AD000588016AD18682A460121ECF70BFC179870
:106AE000A0423FF41CAFEDF70BF818E750681349CC
:106AF00003689B6898470B9B1B68D868F1F7AAFA54
:106B00000A9A92F8A03064F3C30382F8A03037B039
:106B1000BDEC028BBDE8F08F4FF00008A2E658688C
:106B2000064903689B68984770E70B9B04491B68FC
:106B30005868F6E744700308A070030888700308DB
:106B4000207103081004002010B5144B03600446A4
:106B5000D0F890108830FFF7CBFDE06C04F15403BF
:106B6000984201D0ECF7CCFF606B04F13C039842F3
:106B700001D0ECF7C5FFE06904F12403984201D08D
:106B8000ECF7BEFF606804F10C03984201D0ECF70B
:106B9000B7FF2046EDF70CFA204610BD80730308BE
:106BA00010B5164B03600446D0F890108830FFF7FC
:106BB0009FFDE06C04F15403984201D0ECF7A0FF74
:106BC000606B04F13C03984201D0ECF799FFE06957
:106BD00004F12403984201D0ECF792FF606804F1BD
:106BE0000C03984201D0ECF78BFF2046EDF7E0F95B
:106BF0002046ECF785FF204610BD00BF80730308D8
:106C00002DE9F041154600F108080022C0E9008294
:106C1000027202234B4986B0044628460EF01EFC41
:106C2000431C03D1204606B0BDE8F0816A6890425B
:106C3000064600F28180296802AF0A444FF0000343
:106C4000014468460097E9F735FD009B2068BB4288
:106C50003CD080455BD0DDE90112C4E90031A36876
:106C6000A260002858D00090029300230193037083
:106C70000098B84201D0ECF743FFD5E9001268460E
:106C8000964294BF8A198A184FF000030097E9F7DB
:106C900011FD009B2868BB4226D005F1080201992E
:106CA0009042C5E90031029A2CD0AB68AA6050B37B
:106CB000009002930023019303700098B842B1D072
:106CC000ECF71EFF204606B0BDE8F081019A32B114
:106CD000012A2BD0394612F0F3F9019A206862603C
:106CE000002383540098C0E7019A32B1012A17D0DB
:106CF000394612F0E5F9019A28686A600023835446
:106D00000098D7E7AA60009702AF3846D2E7019A09
:106D10002360029BC4E90123009702AF3846A4E731
:106D20009DF808300370019A2868E6E79DF808305E
:106D30000370019A2068D2E71346034902460348CC
:106D40000EF0C5F834710308044703081C47030814
:106D50002DE9F04101218CB00446EDF737F92046CA
:106D60000021EDF733F920460421EDF72FF92046F5
:106D70000521EDF72BF920460621EDF727F9AC4D5B
:106D800020460221EDF722F920460721EDF71EF9F2
:106D90002A68002350694AF256711A46EBF73EFC06
:106DA000A44A4FF00003A2F11101064602AF684663
:106DB0000097E9F77FFC69463046EBF721FE014674
:106DC00006A8EBF775FE069BE06C08AEB34200F038
:106DD000E08004F15402904200F0D280DDE9071215
:106DE000C4E91331636D6265002800F0CE8006901F
:106DF00008930023079303700698B04201D0ECF784
:106E00007FFE0098B84201D0ECF77AFE2A68002392
:106E1000506941F21F311A46EBF700FC0121EBF7F4
:106E2000DDFDEBF7C3FD94F8A020296860F30002B4
:106E30000023486984F8A02043F2DB211A46EBF7CF
:106E4000EDFB7D4A009711464FF0000380466846EF
:106E5000E9F730FC69464046EBF7D2FD014606A84B
:106E6000EBF726FE069BE069B34200F0A08004F138
:106E70002402904200F0C080DDE90712C4E9073126
:106E8000636A6262002800F0BC80069008930023C9
:106E9000079303700698B04201D0ECF731FE0098DA
:106EA000B84201D0ECF72CFE2A680023506942F268
:106EB000CB311A46EBF7B2FB5F4A009711464FF011
:106EC000000380466846E9F7F5FB69464046EBF764
:106ED00097FD014606A8EBF7EBFD069B606BB342FE
:106EE00073D004F13C0290427DD0DDE90712C4E981
:106EF0000D31E36BE26300287AD0069008930023FB
:106F0000079303700698B04201D0ECF7F9FD0098A2
:106F1000B84201D0ECF7F4FDD4E9073119449942A5
:106F200009D0013B0139202013F8012F5F2A08BF47
:106F300018709942F8D1D4E90D311944994209D019
:106F4000013B0139202013F8012F5F2A08BF187078
:106F50008B42F8D12A68002350694CF6FE211A466C
:106F6000EBF75CFB0021EBF739FDEBF71FFD94F825
:106F7000A03060F3451384F8A0300CB0BDE8F08178
:106F8000079AE364089BC4E91423069608AE3046CA
:106F90002FE7079A32B1012A43D0314612F090F818
:106FA000079AE06C226500238354069821E7079A2C
:106FB00032B1012A2FD0314612F082F8079AE069E7
:106FC000226200238354069861E7079A32B1012AAE
:106FD0001BD0314612F074F8079A606BA26300234D
:106FE000835406988BE7079A6363089BC4E90E23D2
:106FF000069608AE304682E7079AE361089BC4E92B
:107000000823069608AE304641E79DF8203003700D
:10701000079A606BE2E79DF820300370079AE069F9
:10702000CEE79DF820300370079AE06CBAE700BF06
:107030001C040020497103080C4F03088A884EF68F
:107040008F739A4209D170B5CA884BF631239A42A0
:1070500086B00C4602D006B070BD70470C4A05469B
:107060001146684602AE4FF000030096E9F722FB96
:107070002846084A6946FFF7AFFA0098B04201D0A7
:10708000ECF73EFD237C43F00103237406B070BD92
:107090000C4F03081004002001B1704730B590F880
:1070A000A030590787B0044603D41A0717D407B095
:1070B00030BD1D4A6846511E02AD4FF000030095D9
:1070C000E9F7F8FA2046194A6946FFF785FA009869
:1070D000A84201D0ECF714FD94F8A030E5E7144D78
:1070E0002A686FF3C303D06884F8A030F0F7B2FFCA
:1070F000D4F8901004F18800FFF7FAFA2A68B4F87F
:10710000A03050680B49056823F47163AD68A4F89A
:10711000A030002204F18C03C4E92533C4F8902088
:10712000C4F89C20A847C2E7BD5003081004002003
:107130001C0400204C7103082DE9F0418E6A94B0C4
:1071400010AF0C4605460E97002E74D0304614F052
:10715000F7FA321831460EA84FF00003E9F7AAFA01
:1071600002A80EA9EAF7BCFD0E98B84201D0ECF7D0
:10717000C7FC237A9807C3F3400635D52268152A41
:107180005CD0172A6ED0182A5ED0192A00F0B88079
:107190001A2A00F015811B2A00F08381202A00F0B2
:1071A000C580B2F5167F00F05F8140F259239A4204
:1071B00011D1A44A0E9711464FF000030EA8E9F72B
:1071C00079FA2846E2680EA9FFF7A2FA0E98B842AB
:1071D00001D0ECF795FC029804AB984201D0ECF793
:1071E0008FFC14B0BDE8F0815907F4D563681C2BFF
:1071F000F1D195F8A0301A07EDD5934A126866F3DD
:10720000C303D06885F8A030F0F724FFD5F89010BC
:1072100005F18800FFF76CFAB5F8A030C5F890606A
:1072200023F4716305F18C02C5E92522C5F89C6041
:10723000A5F8A030CFE74FF0FF328BE7E068834935
:1072400003689B689847C6E7EB6E002BC3D07E4A65
:1072500095F8A030126843F004035268AA6685F8D6
:10726000A030B8E70EA87A4902AAEDF7BFFF0E9B3F
:107270006868BB424BD005F10C020F999042C5E9FA
:107280000131109A00F02A81EB68EA60002800F0D2
:1072900026810E90109300230F9303700E98B8422E
:1072A00001D0ECF72DFCE86E00236B6638B195F841
:1072B000A02063F3820285F8A02010F0DDFD65496F
:1072C000686811F035F9E866002800F0A98002220C
:1072D000002111F0D1FB0646002800F0F4800023C5
:1072E0002B67E0686A6806685B49B668B047E06883
:1072F0005A4903689B6898470023C5E91D336AE72C
:1073000095F8A0306FF3820385F8A03063E70F9AF9
:107310003AB1012A00F00D81394611F0D1FE0F9AE1
:107320006868AA60002383540E98B4E70EA8484901
:1073300002AAEDF75BFF0E9B6868BB4200F0EB8092
:1073400005F10C020F999042C5E90131109A00F045
:10735000FD80EB68EA60002800F0F9800E90109341
:1073600000230F9303700E98B84201D0ECF7C8FBCE
:10737000E86E00236B6638B195F8A02063F38202B3
:1073800085F8A02010F078FD3249686811F0D0F837
:10739000E866002800F0B88095F8A03043F00403B8
:1073A00085F8A0300222002111F066FB0446002877
:1073B00000F0D18000232B670023C5E91D330AE7C5
:1073C000EB6E002B38D06E680DF12808CDF82080C8
:1073D000002E00F09680304614F0B2F93218314693
:1073E00008A84FF00003E9F765F9164A2E6F0E97CB
:1073F00011464FF000030EA8E9F75CF92846E26851
:107400000EA9FFF7E9F80E98B84201D0ECF778FB27
:10741000099B002B67D1089840457FF4DAAEDAE685
:10742000E0686A6803680E499B689847029804AB55
:1074300098427FF4D4AED4E6E0680A4903689B68BA
:107440009847C8E60C4F03081C040020607103082D
:10745000244F0308088B030890710308AC710308DC
:1074600078710308BC710308434A44490E9703F03E
:10747000E003202B18BF11460846019114F060F973
:1074800001994FF000030A180EA8E9F713F92846EE
:10749000E2680EA9FFF7E0F80E98B8427FF499AEC3
:1074A00099E6374A0E97911E4FF000030EA8E9F7B0
:1074B00001F92846E2680EA9FEF7DAFF0E98B842F5
:1074C0007FF487AE87E6E86E11F088FB32462867C6
:1074D0003146E86E11F0D0FA2B6F02E7EA600E97A2
:1074E00010AF3846D7E62749089811F021F8E8662A
:1074F00028B308A9281D0DF03DFE00232E676B66FA
:1075000089E74FF0FF326AE7E0686A6803681E495E
:107510009B68984750E70F9A32B1012A25D0394627
:1075200011F0CEFD0F9A6868AA60002383540E986C
:1075300016E79DF8403003700F9A6868F1E6E0683E
:10754000089A036810499B68984764E7EA600E97B9
:1075500010AF384604E7E86E11F040FB224628677A
:107560002146E86E11F088FA26E79DF84030037056
:107570000F9A6868D8E700BF0C4F03082C70030807
:10758000D2710308088B030878710308F0B50D4623
:1075900093B001460446164668462A46FFF730FB7C
:1075A000D5E900124FF000030A4406A808AF069779
:1075B000EAF7E2FC0CA806A9EAF7C0FD0C9B60689C
:1075C0000EADAB4273D004F10C0290425BD0DDE90A
:1075D0000D12C4E90131E368E260002858D00C9034
:1075E0000E9300230D9303700C98A84201D0ECF782
:1075F00087FA0698B84201D0ECF782FA94F8A030E6
:107600005A0749D41B0747D4E06E08B110F034FC88
:107610003B49606810F08CFF336862689B68E066E5
:10762000002862D037493046984794F8A030364950
:1076300043F0040384F8A0300022022368460DF0D2
:1076400054FF013018BF314BE06E16BF1B6800239A
:107650005B6863660222002111F00EFA05460028DD
:1076600033D033682A499B68304698470023236704
:10767000009802AA00239042C4E91D3301D0ECF720
:107680003FFA13B0F0BD0D9A63600E9BC4E902236C
:107690000C950EAD2846A4E733681E499B6830461A
:1076A0009847009802AB9842E9D113B0F0BD0D9A0B
:1076B00032B1012A1DD0294611F002FD0D9A6068F1
:1076C000A260002383540C988BE7E06E11F086FAD9
:1076D0002A4620672946E06E11F0CEF93368226F02
:1076E0009B680D4930469847C2E70C493046984799
:1076F000D7E79DF8383003700D9A6068E0E700BF67
:10770000088B030814720308247203081C04002069
:1077100028720308D47103084C720308FC71030833
:10772000624B1B6893F8B8309B0700D570472DE972
:10773000F041D1E901329AB0096813911A4419460F
:1077400004464FF0000314A816AD1495EAF714FC94
:10775000DDE914124FF000030A4401A803AE0196BC
:10776000EAF70AFCDDE901734BB197F80080404667
:1077700011F08EFB18B1404611F082FB60B9B742A0
:1077800002D03846ECF7BCF91498A84201D0ECF7C7
:10779000B7F91AB0BDE8F08101A907A8EAF724FCFF
:1077A000434907A80DF0E7FEF8B9DDE901120DA87D
:1077B0000A440FAF4FF000030D97EAF7DDFB2046B8
:1077C000139A0DA9FFF7E2FE0D98B84201D0ECF72D
:1077D00097F9079809AB984201D0ECF791F9019815
:1077E000B042D1D0ECF78CF9CEE7324907A80DF0C2
:1077F000C2FEB8B1304907A80DF0BDFE28BBDDE9D7
:1078000001120DA80A440FAF4FF000030D97EAF7DD
:10781000B3FB2046139A0DA9FEF7DEFE0D98B84281
:10782000D5D1D6E7DDE901120DA80A440FAF4FF01C
:1078300000030D97EAF7A0FB2046139A0DA9FEF767
:1078400017FE0D98B842C2D1C3E71C4907A80DF036
:1078500092FE90B9DDE901120DA80A440FAF4FF076
:1078600000030D97EAF788FB2046139A0DA9FEF74F
:10787000F3FE0D98B842AAD1ABE7114907A80DF065
:107880007AFE0028A5D1DDE901120DA80A440FAF48
:107890004FF000030D97EAF76FFB2046139A0DA9EE
:1078A000FEF736FF0D98B84291D192E71C040020F4
:1078B0006072030868720308747203087C7203081C
:1078C000847203082DE9F8438C6880469146C4B160
:1078D000168800E01C46258AAE4235BFA368E368DF
:1078E00001270027002BF5D167B92346AE428BBF95
:1078F00000220023C8E90023C8E900434046BDE850
:10790000F8830C1DCB68A34208D020460DF091F9F6
:107910002346B9F80060058A0446E7E70023C8E972
:1079200000344046BDE8F8832DE9F04F1F46054678
:1079300083B018200E460DF0E3F83A6805F104090B
:10794000178807820023B1450446436100F1100BFC
:1079500039D0B6F810A05745B0461DD2EB68B342F7
:1079600009D030460DF065F9038ABB42024630D299
:10797000C368002B35D04246F2B1B8F1000F32D0C7
:1079800001204B4621460DF056F96B692046013324
:107990006B6103B0BDE8F08F0ED92A69B2422CD0DA
:1079A00030460DF020F9038ABB42024611D9F36834
:1079B00033B38046E0E790462046ECF7A1F8404616
:1079C00003B0BDE8F08F6B691BB12A69138ABB4213
:1079D00007D35A4629466846FFF774FFDDE900825F
:1079E000CAE7002AE7D09145CAD0278AB2F810A08A
:1079F00057452CBF00200120C3E7002AF5D1DBE763
:107A0000002ED9D03246F3E72DE9F04F794D7A496F
:107A10002B685B681A688DB09268044618469047D8
:107A20002B6801219869F4F73BFB2B6893F8B82089
:107A300058689107C2F3400656D403686F499B68A3
:107A400098472B68DB68D3F80811D3F80C21D3F8DA
:107A50001031C4F88430E167C4F8802042F6332145
:107A6000324633464AF67650E9F7B4FB2B6804F108
:107A70008809D868F0F706FAD4F890104846FEF75F
:107A800037FE94F8A030C4F8906004F18C079A0691
:107A9000C4E92577C4F89C6003D4C3F380125B0665
:107AA0002FD5236A43B92B685549586803689B68EA
:107AB00098470DB0BDE8F08F002304F11C0106A823
:107AC00008ACCDE906438DF820300DF053FB4D4B4B
:107AD0002868059305AA0121EBF70CFC0698A04243
:107AE000E1D0ECF70DF8DEE7036847499B6898475B
:107AF00094F8A0306FF3C30384F8A0300DB0BDE854
:107B0000F08F05AB4BF2D3114AF61640CDE90522B2
:107B10000792E9F735FB002836D0DDE9058AC24532
:107B200060D0DFF8E8B003AE03E008F12808C245F2
:107B30002AD0D8ED017AF5EEC07AF1EE10FAF4DD34
:107B4000D4F89030002B52D0B8F80C1038461A8A6E
:107B50008A422ABF1846DB689B68002BF7D1874210
:107B600002D0038A8B420CD9014608F10C0C009616
:107B700004AB5A464846CDF810C0FFF7D5FED8ED05
:107B8000017AC0ED057AD0E7D4F89460B74210D0FE
:107B90004FF00008318ACDF8108004AB00224AF67D
:107BA0001640E9F717FB30460DF01DF887420646F0
:107BB000F0D1DDE9056846450CD0306906F11803BF
:107BC000984206F1280601D0EBF79AFFB045F4D1B0
:107BD000DDF81480B8F1000F3FF463AF4046EBF7D7
:107BE0008FFF5EE7D4F89460B742D1D1F2E7384610
:107BF000BAE700BF1C0400208C720308E47203087B
:107C00000073030810040020C8720308747303088B
:107C10002DE9F04790F8A030ACB01E070390044661
:107C20000ED590F8A12015070AD002F10F0101F03E
:107C30000F0161F3030280F8A120002900F0908079
:107C4000980706D443F00202D107134684F8A02017
:107C500066D45A07C3F3800955D5DFF84C81D8F8AC
:107C6000003093F8B830C3F340079B074BD4DFF8DC
:107C700044A10BAEE26E8221304610F0FFFA0546B9
:107C8000002870D0304613F05BFD05460028F1D087
:107C90002CAB034413F8853C0A2B04D0E06E10F0A3
:107CA000F3F8002834D0002F30D1012D2ED0606E93
:107CB00020B103683A499B68324698474FF0000963
:107CC00007AF3046CDE905798DF81C9013F038FDEB
:107CD000334600904A46494605A80DF01FFB636EE7
:107CE000304AD8F800004B4508BF1346012104AACA
:107CF0000493EBF7FFFA636F05981D44B84265677C
:107D000001D0EBF7FDFE2CB0BDE8F0870027B1E70E
:107D1000606E18B1036851469B6898474F46A9E7C3
:107D2000D4E913120BAE0A444FF0000330460DADF8
:107D30000B95EAF721F91C4B1B681A6802B1043253
:107D400020463146FFF722FC0B98A84201D0EBF702
:107D5000D7FE94F8A0305A07C3F38009D3D57CE747
:107D6000FFF752FECFE794F8A030009060F3820353
:107D70000146A26884F8A030201D0C4B0DF0CEFA0D
:107D8000C4E91C55E06E10F077F8A06EE5666566F4
:107D90000028B8D0036806499B689847A566B2E7F3
:107DA00038730308100400201C0400200C4F030843
:107DB0005C7303083C73030810B45F4B1A68437B81
:107DC00092F8B82003F00F03C2F34002072B22D829
:107DD000DFE803F03751590467748B251AB9437BE8
:107DE00062F303034373437BDA0614D59B0600F169
:107DF0009C80827A940709D54368017A1B69CB403D
:107E000002F0010203F001039A4204D1437B0422F1
:107E100062F30303437300205DF8044B7047837AD9
:107E20009A07F8D54268017A1269CA4003F0010343
:107E300002F001029342EED0437B6FF303034373DE
:107E4000E9E7837A9C0758D54168047A0969E140DB
:107E500003F0010301F001018B424ED0437BD906B0
:107E6000D9D59C06D7D4002AD5D0437B032262F310
:107E700003034373CFE7002ACDD0437B022262F392
:107E800003034373C7E7837A9907C4D54268017A2D
:107E90001269CA4003F0010302F001029342BAD012
:107EA000E3E7437B027B5DF8044B052161F30303A9
:107EB0006FF305024373027300207047037B04696C
:107EC000591C01F03F0161F30503B1EB440F03734B
:107ED00019D9437B062161F303034373002A9AD126
:107EE000437B62F30303437395E7002A93D1437BFB
:107EF000072262F3030343738DE7437B012262F39E
:107F00000303437387E7837A9907E7D54168047AC7
:107F10000969E14003F0010301F001018B42DDD06A
:107F2000037B6FF305030373D8E7437B062262F3F9
:107F3000030343736FE700BF1C04002010B5034B1D
:107F400003600446ECF734F8204610BD247403089F
:107F500010B5054B03600446ECF72AF82046EBF712
:107F6000CFFD204610BD00BF2474030810B5437B2D
:107F700003F00F03012B12D0437B03F00F03062BFA
:107F800000D010BD0F4C206890F8B8309B07F8D592
:107F900007210122EBF7AEF923680B490CE0094CED
:107FA000206890F8B8309907C3F34002E9D407215C
:107FB000EBF7A0F92368054958680368BDE810404D
:107FC0009B6818471C040020EC730308B073030877
:107FD00010B50446EBF7F4FF2046054B40F8043B90
:107FE000E8F7ACFA637B6FF303036373204610BDBD
:107FF000247403082DE9F043944D296800238FB0C1
:108000001A46044648694DF6E601EAF707FB0021E7
:10801000EAF7E4FCEAF7CAFC80B92A680646034698
:1080200046F2741150693246EAF7F8FA3146EAF737
:10803000D5FCEAF7BBFC002800F0F2802A68002398
:10804000506942F25A211A46EAF7E8FA0121EAF7A2
:10805000C5FCEAF7ABFC637B60F3041363732A6827
:10806000002350694EF258311A46EAF7D7FA002138
:10807000EAF7B4FCEAF79AFC637B60F34513637399
:108080006846E8F75BFA2A680023506947F6C5712D
:108090001A46EAF7C3FA6E4A4FF00003111F06466C
:1080A00004AF02A80297E8F705FB02A93046EAF7F9
:1080B000A7FC08AE01463046EAF7FAFC31466846AE
:1080C000E8F746FA83799A0708D5027900685100E3
:1080D000036803228A4023EA0203036008980DF133
:1080E0002809484501D0EBF70BFD0298B84201D0B2
:1080F000EBF706FD2A680023506945F653711A46CE
:10810000EAF78CFA534A0297911E4FF0000380461B
:1081100002A8E8F7CFFA02A94046EAF771FC04F199
:10812000040801463046EAF7C3FC40463146E8F70A
:108130000FFA83799B0708D502790068510003681C
:1081400003228A4023EA020303600898484501D0CD
:10815000EBF7D6FC0298B84201D0EBF7D1FCA37A3A
:1081600099074CD520460321EBF730FF2A680023FE
:10817000506949F2F8411A46EAF750FA0521EAF740
:108180002DFCEAF749FCFCEEC07A2B68C4ED047ABA
:10819000182017EE907AD3F824800CF0B1FC054635
:1081A000EAF7C2FB2C4B2D4A1B6808929B0BB3FBD2
:1081B000F7F307EE903A00220992F8EEE77A96E894
:1081C0000300FDEEE77A05F108026C60C5ED047A64
:1081D000029582E80300C5ED057A72B6D8F8103032
:1081E0009F4226D8D8E90213994229D0029B41F830
:1081F000043BC8F8081062B60FB0BDE8F0839DF8E4
:1082000006309A070CD59DF806300098BDF804207A
:108210006060A8F8042088F80630A37A9B07A1D4F0
:10822000002CE9D0236820465B6898470FB0BDE872
:10823000F083C8F8107039464046E8F741FCD1E7B2
:1082400002AA08F10400EDF71BFED4E71C0400208D
:10825000187403086A460308D0010020B97D01089C
:1082600010B5034B03600446EBF7A2FE204610BD99
:108270006474030810B5054B03600446EBF798FEE1
:108280002046EBF73DFC204610BD00BF6474030898
:108290001F4B196891F8B8309A0710B50446C3F31C
:1082A000400023D4237B5A1C02F00F02052A04D875
:1082B00062F303032373002010BD60F303032373F1
:1082C0008869F3F745FEA37A9A07F4D580F0010098
:1082D00003F00103C0B28342217A626814BF012314
:1082E0004FF480338B409361002010BDA37A9B072D
:1082F000E1D56268217A1369CB40D80754BF0123C6
:108300004FF4803303FA01F19161002010BD00BFEA
:108310001C04002010B50446EBF752FE2046054B26
:1083200040F8043BE8F70AF9237B6FF30303237358
:10833000204610BD647403082DE9F041784BDFF846
:10834000E481074693E8030092B0D8F80020029039
:10835000002350698DF80C101A4605244BF65D5128
:1083600002AECDE900648DF80D30EAF757F9DDE98A
:10837000001204460A444FF0000306A808AD069513
:10838000E9F7FAFD06A92046EAF73AFB01460CA8F0
:10839000EAF78EFB0C9A00980EACA24200F08E8099
:1083A000B04200F08280DDE90D31CDE90023029A70
:1083B000029100287ED00C900E9200220D92027045
:1083C0000C98A04201D0EBF79BFB0698A84201D085
:1083D000EBF796FBD8F800200023506945F6F4111E
:1083E0001A46EAF71BF9DDE900124FF000030A44D0
:1083F000804606A80695E9F7BFFD06A94046EAF7BC
:10840000FFFA01460CA8EAF753FB0C9A0098A24227
:1084100062D0B0426ED0DDE90D31CDE90023029A81
:10842000029100286BD00C900E9200220D920270E7
:108430000C98A04201D0EBF763FB0698A84201D04C
:10844000EBF75EFBDDE900124FF000030A440CA8D5
:108450000C94E9F791FD0CA9381DE8F779F88179BA
:108460008A0715D590F804C005684FEA4C022B68BE
:1084700003200127904023EA000307FA02F2134386
:108480002B60CB0758BF4FF4803707FA0CF7AF616A
:108490000C98A04201D0EBF733FB0098B04201D01A
:1084A000EBF72EFB12B0BDE8F0810D990E9B009208
:1084B000CDE901130C940EAC20467EE70D9A32B143
:1084C000012A26D0214610F0FBFD0D9A009801925A
:1084D000002181540C9870E70D9A32B1012A12D014
:1084E000214610F0EDFD0D9A009801920021815473
:1084F0000C989AE70D990E9B0092CDE901130C940C
:108500000EAC204691E79DF8382002700D9A009835
:10851000EBE79DF8382002700D9A0098D7E700BF6E
:10852000547403081C040020F0B52E4E316800235B
:1085300085B01A46044648694DF68341EAF76EF85D
:108540000021EAF74BFAEAF731FA30B11CB123689F
:1085500020465B68984705B0F0BD21460546204699
:10856000FFF7EAFE336818205F6A0CF0C9FA064686
:10857000EAF7DAF91C4B1D4A1B6803959B0BA2FB1B
:108580000323DB0807EE903A194A029204ABF8EE97
:10859000E77A13E90300FDEEE77A06F1080274605A
:1085A000C6ED047A019682E80300C6ED057A72B63C
:1085B0003B690B2B0AD9D7E9021399420CD0019BD6
:1085C00041F8043BB96062B605B0F0BD0C213961D9
:1085D0003846E8F775FAEEE7381D01AAEDF750FCCA
:1085E000F1E700BF1C040020D0010020ABAAAAAA1A
:1085F0009182010810B5034B03600446EBF7D8FCE9
:10860000204610BDA075030810B5054B0360044655
:10861000EBF7CEFC2046EBF773FA204610BD00BF07
:10862000A075030890F8243070B504466BB1754D01
:108630002B6893F83920900771D494F8342602F00F
:10864000FF01002A6BD184F8241094F8253063B11F
:108650006D4D2B6893F83920920707D494F834268F
:1086600002F0FF0112B984F8251070BD93F839307B
:108670009B07FAD509F01CFFD4ED067A9FED637ACB
:10868000236A67EE877AC01AFCEEE77A17EE903A13
:1086900003F5F41303F590639842E6D95C4AD36876
:1086A00023F00803D3602B685BB193F839206FF394
:1086B000410283F8392093F839206FF3041283F8CC
:1086C0003920002384F8253094F83426002A00F05D
:1086D0008B804FF080414B48CA6822F00802CA6084
:1086E00002685AB192F8391063F3410182F83910E7
:1086F00092F8391063F3041182F83910454D286857
:10870000826992F82410002363F3C30184F82430B3
:1087100084F8353684F8343682F8241066E093F80D
:108720003930990791D509F0C3FED4ED057A9FED54
:10873000377AE36967EE877AC01AFCEEE77A17EEBC
:10874000903A03F5F41303F5906398427FF67DAFFA
:108750004FF08042D36823F00803D3602B685BB1ED
:1087600093F839206FF3410283F8392093F83920C8
:108770006FF3041283F83920002384F8243094F82E
:10878000342622B322492048CA6822F00802CA606F
:1087900002685AB192F8391063F3410182F8391036
:1087A00092F8391063F3041182F83910194D2868D2
:1087B000826992F82410002363F3C30184F8253002
:1087C00084F8353684F8343682F8241001E0114DEF
:1087D000286800220721EAF78DFD2B680E495868AA
:1087E00003689B68984730E70A4D286807210022F4
:1087F000EAF780FD2B68094958680368BDE87040B6
:108800009B681847480500204C0500200024F449C7
:10881000000C00401C04002094740308B474030886
:1088200001B1704790F8243010B4BBB14FF08042D2
:10883000244CD36823F00803D36023685BB193F81A
:10884000392061F3410283F8392093F8392061F32C
:10885000041283F83920002380F8243090F8253062
:10886000B3B1194A1949D36823F00803D3600B68E0
:108870005BB193F839206FF3410283F8392093F804
:1088800039206FF3041283F83920002380F8253053
:1088900090F8343683B10E4B1B689A6992F8241015
:1088A000002363F3C30180F8343680F8353682F84C
:1088B00024105DF8044B704790F83536002BF8D043
:1088C000E9E700BF48050020000C00404C050020EF
:1088D0001C04002001EB410100EB810170B591F80F
:1088E000303091F83120044683F0010582F0010018
:1088F00084F8365684F83706002B69D04FF0804351
:10890000886AD8636FF008061E61D868404D40F051
:1089100008002D68D86095F8390040F0100085F8FF
:10892000390052BB5A6A8B6A94ED016A9FED397A1D
:108930009B1A07EE903AF8EEE76AC6EE867AF0EEFA
:10894000E77AB4EEE77AF1EE10FA58BFF0EE477A24
:10895000C4ED057AC4ED067A09F0AAFD012384F876
:10896000243084F8253094F83636C4E907001BB16A
:1089700094F83736002B45D170BD274AC86AD063BA
:108980001661D568254E45F00805D560356895F81F
:10899000392042F0100285F839205B6A8A6AD4EDEA
:1089A000016AD21A07EE902AB8EEE77AC7EE267A65
:1089B000F0EEE77A184B94ED026A5B6AC31A07EE91
:1089C000103AF8EEC76A86EE867AB0EEC77AB8E754
:1089D000AAB1114BCA6ADA636FF008021A61DA6849
:1089E0000E48DFED0C7A42F00802DA60026892F875
:1089F000393043F0100382F83930C86ADAE7DFED26
:108A0000057AA5E72046BDE8704000F045B800BFF4
:108A10004805002000000000000C00404C0500202C
:108A20001B4B1A6810B42AB192F839306FF3410326
:108A300082F83930174B1B682BB193F839106FF35C
:108A4000410183F83910D0F82816D0F82C460131AE
:108A5000A14217DB2AB192F839106FF3041182F8A2
:108A600039102BB193F839206FF3041283F83920B1
:108A7000002380F834365DF8044B80F8243080F809
:108A8000253070475DF8044BC0F82816FFF722BF69
:108A9000480500204C05002090F8362622B190F8B9
:108AA00037360BB1FFF7BCBF704700BF90F83426D4
:108AB00002F0FF0152B1012280F8372690F83626E5
:108AC0009AB190F8373683B1FFF7AABF074B1B68FE
:108AD0005BB193F8392061F3410283F8392093F8B0
:108AE000392061F3041283F8392070474C050020C7
:108AF000084B1A6912070BD56FF008021A61064974
:108B0000DA68086822F00802DA6008B1FFF7CEBF21
:108B1000704700BF000C0040CC04002090F83426C1
:108B200002F0FF0152B1012280F8362690F8362675
:108B30009AB190F8373683B1FFF772BF074B1B68C5
:108B40005BB193F8392061F3410283F8392093F83F
:108B5000392061F3041283F839207047480500205A
:108B60004FF080431A6912070BD56FF008021A61A3
:108B70000449DA68086822F00802DA6008B1FFF7F1
:108B8000CDBF7047CC04002010B50446EBF718FAAF
:108B9000104B23600022002384F8243084F8263010
:108BA00084F82530E36184F834362362C4F828362B
:108BB00084F8353684F83636C4F82C36C4F83036A6
:108BC00084F837366260A260E26022616261A2616D
:108BD000204610BDA07503082DE9F04792B000248F
:108BE000414D00942B6BDFF814A1404E43F001037C
:108BF0002B632B6B03F001030093009B01942B6B01
:108C000043F002032B632B6B069403F0020301274E
:108C10004FF002080193504604A94FF003094FF4A6
:108C20000043019ACDF814800493CDF81C90089766
:108C30000AF064FD082304A92D48049308970AF05C
:108C40005DFD04A95046CDF8208004970AF056FD3A
:108C500004A95046CDF81080CDF820800AF04EFDD2
:108C600002942B6C74603B432B642B6CB4603B40D0
:108C700002934FF080420F234FF0FF3809A930468E
:108C8000DDF808C032600D9311933461C6F80C8092
:108C9000CDE90A47CDE90E47CDF824900C94109405
:108CA0000AF0F2F9304618210AF030F903942B6CDF
:108CB000104E114AC6F80C8043F008032B642B6C4D
:108CC000326003F0080309A903933046039B7460E4
:108CD000B46034610AF0D8F9304618210AF016F968
:108CE00012B0BDE8F08700BF00380240D004002079
:108CF000000402400C050020000C0040000002406F
:108D00004FF08042F0B4D069154C1649164F174BFE
:108D1000174E20F00300D061D0696FF0080520F0F5
:108D20007000D0611561A2682020C2F8B0704FF0C9
:108D3000805281F81C030A60DA6922F00302DA61CA
:108D4000DA6922F07002DA611D61A2684FF48023B3
:108D5000C2F8086181F83203F0BC4B60704700BF75
:108D600000ED00E000E100E0618B0108000C004034
:108D7000F18A010870B52C4D296800231A46044673
:108D800048694BF6AB01E9F749FC0021E9F726FEFB
:108D9000E9F70CFE84F8260038B9002C42D023688D
:108DA00020465B68BDE8704018472A680023506978
:108DB00049F69A611A46E9F731FC0021E9F70EFEFF
:108DC000E9F72AFE2A6884ED010A002350694AF671
:108DD0009B511A46E9F722FC0021E9F7FFFDE9F76C
:108DE0001BFE2B68114ADB6811499B68114D14600A
:108DF000D3E90063204684ED020A0B602E60FFF782
:108E0000EBFE2046FFF77CFF20460221EBF7DEF861
:108E100020460321EBF7DAF820460721BDE8704031
:108E2000EBF7D4B870BD00BF1C040020CC040020B8
:108E30004C0500204805002070B54FF08045D0ED6E
:108E4000016A6B6ACB1A07EE903AF8EEE77A0E46A3
:108E500087EEA67A0446F0EEC77AC0ED057A09F0EF
:108E600027FB6FF00803E061EE632B61EB68074AB4
:108E700043F008031268EB6092F8393043F01003B6
:108E8000012182F8393084F8241070BD4805002093
:108E900070B5144DD0ED026A6B6ACB1A07EE903AAA
:108EA000F8EEE77A0E4687EEA67A0446F0EEC77A29
:108EB000C0ED067A09F0FCFA6FF008032062EE6359
:108EC0002B61EB68084A43F008031268EB6092F8E4
:108ED000393043F01003012182F8393084F825102D
:108EE00070BD00BF000C00404C05002010B50F4ABB
:108EF0004FF080438CB05B6A526A00920C460C4A79
:108F0000282102A812F0FAF861696FF040435B1A59
:108F1000834207D31034024602A920460CF07CFAA3
:108F20000CB010BD03480BF0CCFF00BF000C00409C
:108F3000D474030838490308104B114A1B68DB68D6
:108F400010B59B68D3E900408CB0E36AC06A00901A
:108F50000C4602A8282112F0D1F861696FF0404355
:108F60005B1A834207D31034024602A920460CF054
:108F700053FA0CB010BD03480BF0A3FF1C040020F3
:108F8000E4740308384903082DE9F04F444CDFF836
:108F90001C8123682DED028B4FF0804900259DB088
:108FA0000646C9F82450D868C8F82450B0EE408A64
:108FB0000F46EEF767FF23688DED078AD86809959D
:108FC0000322B2EE040A07A98DED088AEFF772FFBB
:108FD000236801219869F3F763F82368D9F824A07E
:108FE000D868D8F824B00C95F1EE487AB2EE040AAD
:108FF00003220AA9CDED0A7ACDED0B7AEFF75AFFDD
:10900000236801219869F3F74BF82368D868EFF7D4
:1090100021F807EE90AA07EE10BAF8EEE77AB8EE5C
:10902000C77AC7EE888A2368DB68C7EE087AC6ED80
:10903000018AC6ED027AD3F80821F260D3F80C3128
:10904000336117EE900AC9F82450C8F824500CF088
:1090500049FC02460B4618EE900ACDE904230CF0B9
:1090600041FC5346CDE902010E4ACDF800B03C2147
:109070000DA812F043F879696FF040435B1A834200
:109080000AD3103702460DA938460CF0C5F91DB0B9
:10909000BDEC028BBDE8F08F03480BF012FF00BF60
:1090A0001C040020F474030838490308000C004035
:1090B000F0B50B7A2DED028B5A078FB00C460546A2
:1090C00002D54A68012A4ED99B0748D52368A3F2E6
:1090D0009633062B43D8DFE813F0B400B900E7005D
:1090E0002201F7000700A60058212046FCF7DEFD0C
:1090F000002840F0698159212046FCF7D7FD00285F
:1091000040F05881A868CD49CD4A4FF080460023F1
:1091100073624B621368DB68D3F80821EA60D3F806
:109120000C312B610CF0DEFB02460B466868CDE982
:1091300002230CF0D7FBC34ACDE90001282104A883
:1091400011F0DCFF61696FF0404302465B1A934205
:1091500004F11000C0F0DC8104A90CF05DF90FB03F
:10916000BDEC028BF0BDD0ED017AF5EE407AF1EE68
:1091700010FAF4D090ED026AB5EE406AF1EE10FA02
:10918000EDD0AF4E90ED035A3368D0ED045ADB6852
:10919000D3ED426A93ED437A76EEC56A37EE657A8F
:1091A00066EEA77A27EE067A58212046FDEEE78A7A
:1091B000BDEEC78AFCF77AFD592107462046FCF729
:1091C00075FD95F835360446002B00F0AD80D5F8D6
:1091D0003036D5F82C168B42C1DA03EB430205EB8F
:1091E000820201339942C2ED0A8A82ED0B8A82F82B
:1091F000307082F83100C5F83036B0D10024012338
:1092000085F8343685F83546C5F82846284621467F
:10921000FFF760FB33689B6993F8242064F3C30273
:1092200083F824209BE7864E33689869F2F790FE16
:10923000002840F08E80E068834903689B68984767
:109240008DE721462846FFF751FE88E75821204642
:10925000FCF72CFD002840F08D8059212046FCF7BA
:1092600025FD00283FF47BAF204600225921FCF762
:1092700031FDD5ED027A714BBDEEC00AF5EE407AB4
:10928000F1EE10FA83ED090A00F0A680B8EEC00AEC
:109290006B4B80EE277A1B68DB68D3ED437A77EE61
:1092A000C77AC5ED047A5AE795F8353633B995F89B
:1092B000343603F0FF06002B00F0D180E0686349EC
:1092C00003689B6898474AE75D4D2B689869F2F7F9
:1092D0003FFE0028AFD058212046FCF7E7FC0028CD
:1092E00040F0C98059212046FCF7E0FC00283FF4FB
:1092F00036AF204600225921FCF7ECFC2B68DB68D6
:109300009B68FDEEC07A5868B8EEE70A90ED087ADF
:1093100017EE901A80EE070AE8F77EF81FE721465D
:109320002846FFF709FE1AE795F83436002B7FF43C
:1093300016AF47B9002C3FF412AF18EE101A2846AA
:10934000FFF7A6FD0BE718EE901A2846FFF774FD0D
:10935000F0E744212046FCF7A9FC0746002842D04C
:10936000002244212046FCF7B5FC21462846FFF7A1
:109370000BFEF4E6002258212046FCF7ABFCD5EDAD
:10938000017ABDEEC00AF5EE407A4FF08043F1EE6F
:1093900010FA83ED090A5BD0B8EEC00A284B80EEC4
:1093A000277A1B68DB68D3ED427A77EEC77AC5ED82
:1093B000037A52E7204600225921FCF78BFC10EE7D
:1093C000100A85ED020A9EE6002258212046FCF78D
:1093D00081FC85ED010A8EE6194B1B68DB68D3F82A
:1093E0000C312B61BBE6326803464BF29E6150693B
:1093F0003A46E9F713F94FF4FA71E9F7EFFAE9F7AA
:109400000BFB32683B46506940F634413A46B0EEB9
:10941000408AE9F703F94FF4FA71E9F7DFFAE9F75F
:10942000FBFAB4EEC08AF1EE10FA58BFB0EE408AF3
:10943000B6EE000A28EE000A97E700BF000C0040D5
:109440001C040020887503086C7503082875030840
:10945000314B1B68DB68D3F80831EB60FDE6532124
:109460002046FCF723FCE0B9E0682C490368802221
:109470009B68984773E6204600225821FCF72AFC97
:109480002B68DB689B68FDEEC07A1868B8EEE70AC7
:1094900090ED087A17EE901A80EE070AE7F7BCFF06
:1094A00020E7324653212046FCF714FCFDEEC07A3B
:1094B00017EE903A5A1E7F2AD6D8D5ED017AF5EEEE
:1094C000407AF1EE10FA1DD0D5ED027AF5EE407A31
:1094D000F1EE10FA16D0104AC5F82C361368C5F80C
:1094E00030669B6993F82420012142F0080285F838
:1094F000351683F8242093F8242066F3410283F87C
:1095000024202CE6E068064903689B68984726E615
:1095100004480BF0D6FC00BF1C04002010750308A3
:109520004C7503083849030800EB810191ED040AEA
:10953000704700BF0529DABF00EB810090ED060AF5
:10954000BFEE000A704700BF704700BF10B5044669
:10955000EAF7D6FA204610BD10B50446C068034BA2
:10956000236008B1EAF7CCFA204610BD5476030810
:1095700010B50446C068054B236008B1EAF7C0FA8D
:109580002046EAF7BDFA204610BD00BF5476030816
:1095900010B5034B03600446EAF70AFD204610BDF0
:1095A0008C76030810B5054B03600446EAF700FD0E
:1095B0002046EAF7A5FA204610BD00BF8C760308C6
:1095C0002DE9F0470B7AC3F3400A9B078CB00DD509
:1095D0000B6840F28B3293420C4606464FD0B3F5EF
:1095E000FA7F06D040F2F712934202D00CB0BDE8E9
:1095F000F0870DF114090027C8463D4670680368DE
:109600002946DB689847B5EE400AF1EE10FA05F1FD
:109610000105A8BF5746072DA8EC010AEED1002F7F
:10962000E4D0E06844490368444E9B6898470125AC
:1096300018E0F1EE10FA10DB05F13D02D2B217EEA0
:10964000900A03920CF04EF9E368039A1F68CDE983
:109650000001BF6818463146B847072D41D0013593
:1096600009F10409D9ED007A6B1E022BF5EEC07AE0
:10967000DFD8F1EE10FA05F15702DFDAEFE7452106
:109680002046FCF713FB002833D02D4AE36892E80C
:1096900003001A680590080CADF818108DF81A0030
:1096A00028499268184690470025582105AF03E0E5
:1096B0000135072D9AD0E95D03912046FCF7F6FAB3
:1096C00003990028F4D0D6F80480D8F8003020465A
:1096D0000022D3F80890FCF7FDFA29464046C84717
:1096E000E6E7E068184903689B680CB0BDE8F047FE
:1096F0001847054606E0FCF7D9FA90B9062D3FF465
:1097000075AF013505F13E07FFB2022D05F1580393
:1097100039462046EFD8DFB23946FCF7C7FA0028B1
:10972000EFD0394620460022FCF7D4FA706803686F
:1097300029469B689847E1E71476030844570308D5
:1097400034760308D0750308687E0308052959DCC0
:1097500030B52DED028BB5EEC00AF1EE10FA85B0F2
:109760000B460446B0EE408A4DD42B4A857CF0EE81
:10977000007AB4EE670A92E80300F1EE10FAC8BF6F
:10978000B0EE678A04EB830282ED068AAA07029094
:10979000ADF80C1008D5207CE168ED074CBF012224
:1097A0004FF4803282408A61606904AA13440268DF
:1097B00013F8081C936898479FED180ADFED187A94
:1097C0009FED187A606928EE008A036828EE278AE0
:1097D0009B68C8EE077AFDEEE77ACDED017A9DF839
:1097E00004109847A37C9A0708D5DB07217CE26820
:1097F00054BF01234FF480338B40936105B0BDEC1F
:10980000028B30BD7047084B00EB8104A36105B0AB
:10981000BDEC028B30BD00BF7C76030800007A44AB
:109820000000C84200C03944000080BFF0B52DEDF3
:10983000028BB5EEC00AF1EE10FA83B004460D4675
:1098400063D490ED028AB4EEC08AF1EE10FA58BFEC
:10985000B0EE408A00EB8103032983ED048A5CDDCE
:109860000D1FAE082D367600F6B205F00305E06850
:109870000AF018FA3146E0680AF012FAE06840216E
:109880000AF00EFAFF21E0680AF00AFAE0680AF02E
:109890000BFAE0680AF006FA3146E0680AF000FACE
:1098A000E068A0210AF0FCF9FF21E0680AF0F8F96D
:1098B000E0680AF0F9F994ED010A194B019328EEDA
:1098C000000A02AB1D440CF0F7FCFDEEC07A15F85F
:1098D000047CE06817EE905A0AF0E4F93146E0683B
:1098E0000AF0DEF93946E0680AF0DAF9FF2DA8BF80
:1098F000FF25E068E9B20AF0D3F9E06803B0BDECF7
:10990000028BBDE8F0400AF0CFB9064B00EB8104B2
:10991000236103B0BDEC028BF0BD5826A7E700BF62
:1099200000106070000080BF10B50446EAF748FBE5
:10993000024B236000236360204610BD8C76030831
:109940002DE9F043A24E316800238DB01A4604463B
:10995000486949F2BA71E8F761FE0021E9F73EF87B
:10996000E9F724F8002800F02081606810B103684E
:109970005B68984732680023506945F698411A465B
:10998000E8F74CFE934A4FF00003D11F054608AF9D
:1099900006A80697E6F78EFE06A92846E9F730F8EE
:1099A00001466846E9F784F86846E7F7ABFD009B97
:1099B00002AA9342054602D01846EAF7A1F8069893
:1099C000B84201D0EAF79CF848F610539D4200F0E7
:1099D000578144F293039D424FF0300000F008811C
:1099E0000BF08EF87C4B036005460C200BF088F8DA
:1099F0000A22074609210AF03BF9EF60384644F68F
:109A000020610AF043F9754B65602B616B61AB61B6
:109A1000EB612B626B62AB62EB623268002341F652
:109A2000FE3150691A46E8F7F9FDB0EE000AE8F792
:109A3000E1FFE8F7F1FF326885ED020A002345F205
:109A4000D301506967681A46E8F7E8FD9FED640A9C
:109A5000E8F7D0FFE8F7E0FF656831682A684869F1
:109A600087ED010A0023976845F26D711A46E8F701
:109A7000D5FD9FED5C0AE8F7BDFFE8F7CDFF28466E
:109A80000021B847656832682B6850699F680023D9
:109A90001A464EF60331E8F7C1FD9FED520AE8F78A
:109AA000A9FFE8F7B9FF28460121B8476568326881
:109AB0002B6850699F6800231A4643F26A21E8F731
:109AC000ADFD9FED480AE8F795FFE8F7A5FF2846AA
:109AD0000221B847656832682B6850699F68002387
:109AE0001A4647F27161E8F799FD9FED3E0AE8F7E3
:109AF00081FFE8F791FF28460321B847656832687F
:109B00002B6850699F6800231A464CF26241E8F7BF
:109B100085FD4FF0FF31E8F761FFE8F77DFF28464C
:109B20000421B847656832682B6850699F68002334
:109B30001A4640F61B51E8F771FD4FF0FF31E8F788
:109B40004DFFE8F769FF28460521B8476568326888
:109B50002B6850699F6800231A4644F6A071E8F705
:109B60005DFD4FF0FF31E8F739FFE8F755FF284674
:109B70000621B847656832682B6850699E680023E3
:109B80001A4641F67D61E8F749FD4FF0FF31E8F7ED
:109B900025FFE8F741FF28460721B047204602216C
:109BA000EAF714FA0DB0BDE8F083002CFAD0236870
:109BB0000D4A5B68934265D10C4B23602046EAF75F
:109BC000F7F92046E9F79CFF0DB0BDE8F08300BF30
:109BD0001C0400204376030854760308000080BF6D
:109BE000F6A8E242CDCC4C3FA59501088C7603083F
:109BF0000AF086FF8046254B48F80C3B0546404658
:109C0000E6F79CFC34200AF07BFF07230822092199
:109C100081460AF015FC1E4AC5F81490111F4FF03A
:109C2000000306A80697E6F745FD06A94046E6F7B5
:109C30008FFC837999070FD50279D0F800C05200C4
:109C4000DCF8003003209040012123EA000301FAF0
:109C500002F21343CCF800300698B84201D0E9F77D
:109C60004FFFAB7C9A0708D5DB07297CEA6854BF15
:109C700001234FF480338B409361064B6560C6E649
:109C80003020ADE6204698478CE700BF6C7603088D
:109C900048760308000080BFF0B597B00C4604A8D2
:109CA0001746E8F7A1F921460AA8E8F79DF94B49BC
:109CB0000AA80BF060FC002837D1044604A90AA8C2
:109CC0000BF058FA464D454B059A0094214604A8DE
:109CD0000BF024FB0AA902A8E8F73EF82B68012143
:109CE0005869E8F75FFC2B6802A95869E8F776FC29
:109CF00018B190F82630002B5DD13B680A9A9B681A
:109D00003849384698472B685869E8F73DFC0A9867
:109D10000CAB984201D0E9F7F3FE049806AB9842E9
:109D200001D0E9F7EDFE17B0F0BD04A8E7F7EAFBB4
:109D30002B4D0AA9064602A8E8F70EF82B685B69C6
:109D4000D3E901138B42E2D0002407E02B685B6962
:109D5000D3E901135B1AB4EBA30FD8D251F8240056
:109D600003683146DB689847A30001340028EDD032
:109D70002A6852695268D1580B6802AA5B6910A818
:109D80009847119B7BB13B68109A00929C68049A9B
:109D90000A9B15493846A047109812AB9842B6D096
:109DA000E9F7AEFEB3E73A680A9B94680F49049A54
:109DB0003846A047F0E7014610A8E8F779FE3A6870
:109DC000109B94680A490A9A3846A047109812AB2B
:109DD000984298D0E9F794FE95E700BF0C4F03082E
:109DE0001C040020D876030814770308F8760308CB
:109DF000BC76030830B591B004A80D461446E8F7C8
:109E0000F3F8334904A80BF0B6FB90B9314B1B684B
:109E100001215869E8F7C6FB23682F499B68204653
:109E20009847049806AB984201D0E9F769FE11B053
:109E300030BD2A4904A80BF09EFB50B9254B1B6886
:109E40005869E8F7A1FB236825499B682046984795
:109E5000E7E7244904A80BF08EFB50B1224904A87F
:109E60000BF089FBB0B1236820499B6820469847D6
:109E7000D7E7184D2B6801215869E8F793FB2B6849
:109E80005B6921461868E6F70FFF2B685869E8F709
:109E90007BFBC6E729460AA8E8F7A6F80AA902A8A4
:109EA000E7F75AFFBDF80C10BDF80A202368CDE98A
:109EB000002120469D680A9ABDF808300C49A84741
:109EC0000A980CAB9842ACD0E9F71AFEA9E700BF9C
:109ED0002C7703081C040020347703084C77030810
:109EE000547703086C77030874770308A477030892
:109EF000807703082DE9F041A0B00C4602A8164671
:109F0000E8F772F8214608A8E8F76EF821460EA88F
:109F1000E8F76AF8039B002B5FD0099B002B5CD00D
:109F20000F9B002B59D0DFF81C8102A8E7F7EAFA53
:109F3000D8F800305B69D3E901539D42074666D0EB
:109F4000002408E0D8F800305B69D3E901535B1BBB
:109F5000B4EBA30F5BD255F8240003683946DB68E5
:109F60009847A30001340028ECD0D8F800200899C5
:109F70005069099A4068C45827680A4414A84FF0E9
:109F8000000316ADD7F810801495E7F7F5FFDDE96B
:109F90000E124FF000030A441AA81CAF1A97E7F7F5
:109FA000EBFF20461AAA14A9C0471A9BBB420446DD
:109FB00002D01846E9F7A4FD1498A84201D0E9F7A9
:109FC0009FFD002C2ED033680E9A00929C68029A56
:109FD000089B18493046A04704E0336816499B683F
:109FE000304698470E9810AB984201D0E9F788FDAB
:109FF00008980AAB984201D0E9F782FD029804ABB9
:10A00000984201D0E9F77CFD20B0BDE8F0813368CB
:10A01000029A9B680949304698470E9810AB9842BF
:10A02000E4D1E5E73268089B94680549029A304616
:10A03000A047D7E754780308E4770308AC7803080F
:10A04000707803081C04002090F82420A2F1580323
:10A0500010B4DCB2022C88BFA2F13E03012912D059
:10A0600031B1CA070CD4022202FA03F3194207D015
:10A0700090F8263023F0060343F0020380F82630E0
:10A080005DF8044B704790F826305DF8044B23F0E0
:10A09000060343F0060380F82630704710B5034BE3
:10A0A00003600446E9F784FF204610BDA07B030847
:10A0B00010B5054B03600446E9F77AFF2046E9F73F
:10A0C0001FFD204610BD00BFA07B030801B17047F3
:10A0D0000368DB6A184700BF70B5124D2B6893F810
:10A0E000B8309A0719D4037C0446BBB1012B14D1B4
:10A0F000406906F007FD94F826309B060DD560B147
:10A10000286807210022E9F7F5F82B680649586806
:10A110000368BDE870409B68184770BD406907F050
:10A1200051FEE8E71C040020C8780308022A38B56D
:10A13000044605D0032A13D0012A0DD0002038BDD3
:10A140000C200D680AF0DCFC034695E8070023604C
:10A1500083E80700002038BD0B680360002038BD8D
:10A1600000680028EAD0E9F7CBFC002038BD00BF2A
:10A17000F0B40468096812681B68D4E90156EF0757
:10A1800006EB650003D42468A446F0BC60476F105A
:10A190002468F5592C59A446F0BC60472DE9F843D2
:10A1A0000646807A8846810717462FD510F0010FA2
:10A1B0007268307A23D001218140002F916128DD1F
:10A1C00003F1FF3908F1FF35F06803682C469B68FE
:10A1D00015F8011F98470234A4EB0804BC4209F8A3
:10A1E000010FF1DBB37A9A0706D5DB07726810D44A
:10A1F000317A01238B4093613846BDE8F8834FF4F0
:10A2000080318140002F9161DADCF1E7002AD7DC50
:10A21000F2E7317A4FF480338B4093613846BDE8E2
:10A22000F88300BF38B504460D46E9F7C9FE20465D
:10A23000094B40F8043BE6F781F994F8252094F89F
:10A24000263065F3030223F01A0384F8252084F8EE
:10A250002630204638BD00BFA07B0308037C2BB10D
:10A26000012B02D1406905F0E3BA7047406907F05D
:10A2700055B900BF037C10B504461BB1012B06D0B5
:10A28000084610BDBDE81040406907F0F5B94069C7
:10A2900005F0B0FB6069BDE8104005F017BC00BFD9
:10A2A000037C10B5044613B1012B0DD010BD4069DD
:10A2B00007F078FAE1692046FFF7D0FF216A2046CF
:10A2C000BDE81040FFF7D6BF406905F0FBFCF1E7A1
:10A2D000037C2BB1012B02D1406905F0D9BF704737
:10A2E000406907F019BA00BF90F826108A0700D419
:10A2F00070476FF3410180F82610C1F38001FFF72A
:10A30000E7BF00BF037C2BB1012B02D1406906F0EF
:10A3100087B97047406907F02DBB00BF70B5057C59
:10A320000C469DB1012D0AD1406906F0F3FB30B116
:10A33000236809499B682046BDE870401847236898
:10A3400006499B682046BDE870401847406907F001
:10A350006DFA0028F3D0EBE70C7903082C79030899
:10A3600038B50023044683600C200D460AF0C8FB74
:10A37000034695E8030083E80300044AAD68E26001
:10A38000034A23609D60A260204638BD71A1010888
:10A390002DA101082DE9F04F984F2DED028B3B6860
:10A3A00099B00A460D46044646F28431586943F294
:10A3B000B653E8F733F914AE002312A9CDE91263BE
:10A3C0008DF85030E8F71CFB014606A8E8F770FB53
:10A3D0001298B04201D0E9F793FBDDF81C90B9F177
:10A3E000000F00F0B5800DF12009069B1B7884F862
:10A3F0002430A3F15802022A03D9413B022B00F278
:10A400009E803A6840F22B33506946F284312A46E6
:10A41000E8F704F946F26E3302220CA9ADF83830A1
:10A420000DF1380800238DF83A300D92CDF83080C8
:10A43000E8F7E6FA014612A8E8F73AFB12A9201D50
:10A44000E6F786F8837999070ED5027900685200FD
:10A4500003684FF0030C0CFA02FC012123EA0C0301
:10A4600001FA02F2134303601298B04201D0E9F7F7
:10A4700047FB0C98404501D0E9F742FBA37A9A07C5
:10A48000C3F3400A12D43B6894F8242058685C490E
:10A4900003689B6898470698484501D0E9F730FB68
:10A4A000504619B0BDEC028BBDE8F08FDB07217A76
:10A4B000626854BF01234FF480338B4093613A6844
:10A4C00040F6A523506946F284312A46E8F7A6F8FB
:10A4D00000230CA9CDE90C838DF83830E8F790FA09
:10A4E000014612A8E8F7E4FA129B0698B34200F07E
:10A4F000B28148456FD0DDE91312CDE90631089BE2
:10A50000089200286CD012901493002313930370C8
:10A510001298B04201D0E9F7F3FA0C98404501D007
:10A52000E9F7EEFA079B002B72D1396894F82420E2
:10A53000486834490468A4689A46A047ABE73B687A
:10A540003149586803689B6898474FF0000AA2E7B2
:10A550003A684CF23423506946F284312A46E8F7CF
:10A560005DF80DF138080CA9CDF834908DF83890CD
:10A57000CDF83080E8F744FA014612A8E8F798FAD7
:10A58000129B0698B34200F074810DF120094845F2
:10A590002AD0DDE91312CDE90631089B089240B3B9
:10A5A000129014930023139303701298B04201D0B9
:10A5B000E9F7A6FA0C98404501D0E9F7A1FA079B04
:10A5C000002B7FF412AF3A68104950680268926815
:10A5D0009A4690475FE7139A0693149BCDE90723A9
:10A5E000129614AE304690E7139A0693149BCDE969
:10A5F0000723129614AE3046D4E700BF1C04002097
:10A60000C4790308FC7903088C790308607903088E
:10A61000BF4906A80AF0AFFF002840F03B81BD4BC0
:10A6200020740CA90D9012A80C930E94FFF798FEBD
:10A630002C200AF065FA94F8242012A9834606F02B
:10A6400031FF149BC4F814B01BB112A903220846B1
:10A6500098473A6845F28873506946F284312A4631
:10A66000E7F7DCFF0121E8F7B9F9E8F7D5F93A682F
:10A67000FDEEC07A46F68233506946F284312A46AE
:10A6800017EE90BAE7F7CAFFA349E8F7A7F9E8F78A
:10A69000C3F9B0EE408ABBF1000F00F04981BBF175
:10A6A000010F40F008810723082209213420CDE959
:10A6B000042303910AF024FADDE904230399834675
:10A6C00009F0BEFEFDEEC87A584617EE901AC4F89F
:10A6D0000CB009F0E5FEE0680322082109F0D2FE83
:10A6E000237C002B00F02A81012B02D140F6B833E5
:10A6F000A3613A684BF6AC03506946F284312A46AE
:10A70000E7F78CFFA169E8F769F9E8F785F93B6895
:10A71000BCEEC00A2A46586984ED060A062346F2B2
:10A720008431E7F77BFF4FF47A71E8F757F9E8F7E0
:10A7300073F93B68BCEEC00A2A46586984ED070AE3
:10A7400046F64D3346F28431E7F768FF1021E8F70B
:10A7500045F9E8F761F9BCEEC00A294684ED080A1C
:10A760002046FFF79DFD3A6848F63F13506946F2D0
:10A7700084312A46E7F752FF00230CA9CDE90C8368
:10A780008DF83830E8F73CF9014612A8E8F790F95F
:10A79000129B0698B34200F03081484500F03B819F
:10A7A000DDE91312CDE90631089B0892002800F07C
:10A7B0003781129014930023139303701298B042C0
:10A7C00001D0E9F79DF90C98404501D0E9F798F9D7
:10A7D000079B002B40F0B68094F8262063F300021C
:10A7E00084F8262002212046E9F7F0FB07212046C5
:10A7F000E9F7ECFB08212046E9F7E8FB03212046B6
:10A80000E9F7E4FB3A6840F60F73506946F2843189
:10A810002A46E7F703FF0021E8F7E0F8E8F7C6F873
:10A82000002840F0D1803A68267C506894F82530A2
:10A83000016894F824208D68012E03F00F037BD06B
:10A840003349364F002E18BF39462489CDE900140C
:10A850003349A8471FE6139A32B1012A51D0314635
:10A860000EF02EFC139A0698079200238354129838
:10A870004BE6139A3AB1012A00F0D68031460EF029
:10A880001FFC139A069807920023835412980DF127
:10A89000200987E6234906A80AF06DFEB8B13B6897
:10A8A00094F82420586820490468069BA468A047AF
:10A8B0004FF0000AEFE53B6894F8242058681B49E4
:10A8C00004685B46A468A0474FF0000AE3E5012353
:10A8D0000CA923740D900F4B0C9312A80E94FFF744
:10A8E0003FFD3C200AF00CF994F8242012A983467D
:10A8F00004F082FF149BC4F814B0002B7FF4A5AEC3
:10A90000A7E69DF850300370139A0698ACE700BF95
:10A91000507903089DA1010840420F0058790308AF
:10A920009C7A030848790308307A0308647A03089C
:10A930000F2311221221B9E6464986E74FF47A63C4
:10A94000A361D6E694F82630069943F0010312A8D5
:10A9500084F826301022E7F7D7F8DDE9126B5E4560
:10A960002AD0227C3C494FF0000810460BE0012819
:10A9700007D108F101086069424606F0CBF8207C57
:10A980003549B3450CD056F8043B0028EFD108F107
:10A9900001086069424606F049FF207C2E49F0E735
:10A9A000002847D0012805D12B4960690023FF22E8
:10A9B00006F0B0F8DDF848B0BBF1000F3FF412AF7D
:10A9C0005846E9F79DF80DE73B682A46586946F274
:10A9D000843143F65613E7F721FE0021E7F7FEFF27
:10A9E000E7F7E4FF94F8263060F3451384F8263047
:10A9F00004212046E9F7EAFA15E7139A32B1012A51
:10AA000021D031460EF05CFB139A06980792002382
:10AA100083541298CFE6139A0693149BCDE907232B
:10AA2000129614AE3046C6E69DF850300370139A65
:10AA3000069828E7034608496069FF2206F0F6FEFB
:10AA4000DDF848B0B8E79DF850300370139A0698C7
:10AA5000DCE700BF48790308100400202DE9F04F1F
:10AA6000DFF8C880D8F8002085B00023824601A90D
:10AA70005069019346F28432CDE90233E7F77CFD59
:10AA8000DDE90157BD423DD04FF0010901E0AF4281
:10AA900038D0D8F8003035F802BB58695A4647F22A
:10AAA000693346F28431E7F7B9FDE7F77FFF002805
:10AAB000EDD028200AF024F80446E9F781FA204670
:10AAC000194B40F8043BE5F739FD94F825C094F89C
:10AAD000263069F3030C23F01A035946204684F804
:10AAE000263084F825C0FFF755FC09F1010603461E
:10AAF000F6B22046ABB9A4B123685B689847AF4271
:10AB0000B146C6D1BAF1000F04D0DAF80030504691
:10AB10005B689847019808B1E8F7F2FF05B0BDE817
:10AB2000F08FB146B3E700BFA07B03081C040020F0
:10AB300069B138B505460C46E1682846FFF7F8FFCD
:10AB40002046A468E8F7DCFF002CF5D138BD70473B
:10AB500030B587B0054668460C46FBF7DDFA059B25
:10AB60002BB902996846FFF7E3FF07B030BD68696B
:10AB7000694606F00DF950B1E0680A4903689B6820
:10AB8000984702996846FFF7D3FF07B030BDE068E9
:10AB9000054903689B68984702996846FFF7C8FF14
:10ABA00007B030BDE07A0308F07A03080B7A9A0701
:10ABB00000D47047F0B50A682DED028B0C4640F2C8
:10ABC0008A318A4285B0054613D040F28D318A42DF
:10ABD00000F0B68040F28F318A425ED0B2F5FA7F43
:10ABE00027D040F2F7139A4223D005B0BDEC028B78
:10ABF000F0BD90F824102046FBF758F80028F4D058
:10AC000095F8241020460022FBF764F8FCEEC07A89
:10AC1000AB6917EE901A994228BF19462846E96198
:10AC2000FFF71CFB95F8263043F0080385F8263023
:10AC3000DBE795F826301A0714D5E06895F825303B
:10AC4000016895F824208E688A4903F00F03B04705
:10AC5000E068EB69016895F824208E688649B04762
:10AC600095F82630DB06C0D5E06895F825300168F8
:10AC700095F824208E68814903F00F03B047E068FF
:10AC80002B6A016895F824208C687D49A44605B09C
:10AC9000BDEC028BBDE8F040604713F0E00F18D127
:10ACA0002046FBF787F8A0B9E06895F825200168F1
:10ACB00095F824308E68734902F00F02B047E168BE
:10ACC0002846012205B0BDEC028BBDE8F040FFF73D
:10ACD00019BB50212046FAF7E9FF48B30022502162
:10ACE0002046FAF7F7FF95F8253003F00F0307EE3B
:10ACF000903AF8EEE77AB4EE670AF1EE10FA17D15F
:10AD0000237A03F0E003202B3FD0402B00F0848017
:10AD1000602B7FF46AAF2B7C012B7FF466AF21465A
:10AD2000284605B0BDEC028BBDE8F040FFF710BF30
:10AD300095F824102046FAF7B9FF0028E0D154E72F
:10AD400090F824102046FAF7B1FF00283FF44DAFE9
:10AD500095F824102E6A00222046FAF7BBFFFCEE7D
:10AD6000C07A284617EE901AC5ED087AFFF782FAE6
:10AD7000237A286203F0E003202B11D095F82630C7
:10AD800043F0100385F826302FE752212046E4686F
:10AD9000FAF78CFF80F00100C2B22146284691E705
:10ADA0008642EBD095F82420374FA2F15803D9B250
:10ADB000022988BFA2F13E033A68D26892F89C113A
:10ADC0009942DBD907EE900A07EE106AF8EE677A2F
:10ADD000B8EE477A926887EE878A52F82300D0ED62
:10ADE000087A28EE278AB0EE480AE6F7F5FA95F8D1
:10ADF0002420039218EE100A0AF074FDE468039A06
:10AE00002668CDE900012149B368204698473B6890
:10AE1000D868EDF715FCB1E752212046FAF746FF56
:10AE200018B9237A03F0E00372E756212046FAF7B7
:10AE30003DFF0028F5D0204600225221E668FAF7AF
:10AE400049FF204600225621B0EE408AFAF742FF21
:10AE5000FCEEC87A314617EE902AFCEEC07A2846FE
:10AE600017EE903A05B0BDEC028BBDE8F040FFF75D
:10AE700055BA00BF407B0308607B03086C7B030866
:10AE80008C7B03082C7B03081C0400200C7B03082C
:10AE90000B6808469B680149184700BFD07B030830
:10AEA000034A0B6812689B68126B084601491847F1
:10AEB0001C0400200C72030808B50B6808469B6848
:10AEC00002499847024B05221A6008BDE07B03083F
:10AED0005005002008B50B6808469B680149984753
:10AEE00000BE08BD147C03080B6810B50C469B68B7
:10AEF000084648499847236847499B682046984731
:10AF0000236846499B6820469847236844499B68C4
:10AF100020469847236843499B6820469847236802
:10AF200041499B6820469847236840499B682046D2
:10AF3000984723683E499B682046984723683D49C7
:10AF40009B682046984723683B499B682046984762
:10AF500023683A499B6820469847236838499B688C
:10AF600020469847236837499B68204698472368BE
:10AF700035499B6820469847236834499B6820469A
:10AF80009847236832499B6820469847236831498F
:10AF90009B682046984723682F499B68204698471E
:10AFA00023682E499B682046984723682C499B6854
:10AFB0002046984723682B499B682046984723687A
:10AFC00029499B6820469847236828499B68204662
:10AFD0009847236826499B68204698472368254957
:10AFE0009B6820469847236823499B6820469847DA
:10AFF000236822499B6820469847236820499B681C
:10B000002046984723681F499B682046BDE81040AA
:10B01000184700BF347C0308407C03084C7C0308BD
:10B02000587C03086C7C0308787C0308807C030848
:10B030009C7C0308A87C0308BC7C0308C87C03082C
:10B04000DC7C0308087D0308307D03084C7D030881
:10B050006C7D03088C7D0308CC7D0308147E0308F7
:10B06000387E0308507E03086C7E0308847E030844
:10B070008C7E0308E87E0308487F0308887F030866
:10B08000F07F03082880030810B501210446E8F783
:10B090009DFF20460221E8F799FF20460421E8F7AA
:10B0A00095FF024B00221A6010BD00BF5005002022
:10B0B000044B1868002802DD0138186000B17047A1
:10B0C000E6F796BA5005002008B50B6808469B685D
:10B0D00003499847BDE808400120E6F789BA00BF58
:10B0E0005C80030830B503468DB068460D461946AE
:10B0F000E6F77AFF694606A8E7F720F8069C08AB52
:10B100009C4202D02046E8F7FBFC009802AB984234
:10B1100001D0E8F7F5FC204609F056F828B12B6875
:10B1200003499B682246284698470DB030BD00BFB2
:10B130007480030870B5054692B00CA80C462946E9
:10B14000E6F752FF68460CA9E6F7F8FF0C980EAE3A
:10B15000B04201D0E8F7D4FC29460CA8E6F744FF3A
:10B1600006A80CA9E6F7EAFF0C98B04201D0E8F770
:10B17000C7FC0699009809F045F82268069B956877
:10B18000009A80B10A492046A847069808AB984221
:10B1900001D0E8F7B5FC009802AB984201D0E8F77F
:10B1A000AFFC12B070BD03492046A847EDE700BFD1
:10B1B0008C800308A880030810B503468CB006A84D
:10B1C0000C461946E6F710FF684606A9E6F7B6FFF3
:10B1D000069808AB984201D0E8F792FC009800214D
:10B1E00009F072F82368009A9B6850B1074920461D
:10B1F0009847009802AB984201D0E8F781FC0CB068
:10B2000010BD034920469847F3E700BFBC80030800
:10B21000DC8003082DE9F04F03468DB006A80C46EC
:10B220001946E6F7E1FE02230022504906A80AF07B
:10B230005CF9069B029008AA934202D01846E8F7F0
:10B240005FFC002006F0E6FE494A2368176849497A
:10B250009B68494D3F1A3A4620469847474B002085
:10B260001B68039306F0D6FE236804900646421B33
:10B2700043499B6820469847B5424FF0000872D278
:10B28000DFF824B10597C1464FF0010A039A2E68F2
:10B290002B469A423544A6F108074ED0029A013255
:10B2A0003ED1B844049BAB420AF1010AEED8059F97
:10B2B0004F4423683349D3F808A0334E334D4B46EF
:10B2C00042462046D047236831499B683A4620468B
:10B2D0009847236830689F68E8F792FC03902868D5
:10B2E000E8F78EFC039A2B4903462046B847029B99
:10B2F000013307D030682146E8F714FC286821465E
:10B30000E8F710FC244B22681B7895682349C3EBAF
:10B31000C303DB0020465C22A8470DB0BDE8F08FD8
:10B3200022681F49019100970B33966823F00703A9
:10B33000524659462046B047B3E752680392029AF4
:10B340000B3301323E4623F007035246594620464E
:10B3500007D0144FD4F800C0CDE90067DCF80870BE
:10B36000B847B1449EE7C146A3E700BF2472030873
:10B3700054050020F480030874080020780700209A
:10B3800010810308648103081404002018040020BD
:10B39000808103089C81030894040020B88103087D
:10B3A0000C4F0308588103082881030870B5164B19
:10B3B00008681B68154A164D866886B00C46C3F3AC
:10B3C0000B0340F2134105A88B4218BF1546E4F762
:10B3D0001FFF024605A80392E4F71EFF0D4903462E
:10B3E00009680D480095A0FB0121890C039A019181
:10B3F00020460A49B047236809499B68204607222E
:10B40000984706B070BD00BF002004E0F08103083B
:10B41000E8810308D001002083DE1B43F881030884
:10B420003C82030830B5054693B006A80C46294671
:10B43000E6F7DAFD29460CA8E6F7D6FD0D9B002BB2
:10B4400030D19FED1B0A8DED050A06A8E6F75AF8E4
:10B4500005AB014600224AF61640E5F7BBFED0B127
:10B46000069A059803920AF03DFA2568039ACDE9F9
:10B4700000011049AB68204698470C980EAB9842E3
:10B4800001D0E8F73DFB069808AB984201D0E8F7F9
:10B4900037FB13B030BD2368069A9B6806492046E7
:10B4A0009847EAE70C98002111F0A4FACBE700BF17
:10B4B00000000000488203086082030830B505469A
:10B4C00091B004A80C462946E6F78EFD29460AA845
:10B4D000E6F78AFD0B9D0DBB04A8E6F713F82A4694
:10B4E000014601AB43F69440E5F74AFE002843D0FD
:10B4F00022689DF8083095682B49049A2046A84791
:10B500000A980CAB984201D0E8F7FAFA049806AB17
:10B51000984201D0E8F7F4FA11B030BD23490AA8E7
:10B520000AF029F820B122490AA80AF024F840BB01
:10B530001E490AA80AF01FF8B0FA80F35B0904A8B4
:10B540008DF80430E5F7DEFF01AB014648F22352E7
:10B5500043F69440E5F73EFE38B122680A9B9568B1
:10B560001449049A2046A847CAE72368049A9B68AE
:10B57000114920469847C3E72368049A9B680F49FE
:10B58000F7E70A98002111F035FA04A88DED010AB9
:10B59000E5F7B8FF01AB014646F61F3243F694408B
:10B5A000E5F718FED8E700BF9C820308B0820308C5
:10B5B000B4820308B8820308D08203088882030893
:10B5C0000846F2F79DBD00BF10B5034B036004466B
:10B5D000E8F7EEFC204610BD708C030810B5054B53
:10B5E00003600446E8F7E4FC2046E8F789FA2046C1
:10B5F00010BD00BF708C030830B583B00C4601ABA2
:10B60000002248F2936142F60D00E5F7B9FD58B10A
:10B61000019D236808499B682A462046984728468A
:10B6200006F01AFD03B030BD236804499B6820462C
:10B63000984703B030BD00BF0C720308F4820308C2
:10B640002DE9F04F044697B010A80D462146E6F7C5
:10B65000CBFC04A810A9E6F771FD10980DF1480B7A
:10B66000584501D0E8F74CFA0AA82146E6F7BCFC99
:10B6700062490AA809F07FFF0646002840F09E8034
:10B68000214610A8E6F7B0FC0A221098039603A9F9
:10B6900011F0B4FA109B039A9A42044656D95B45BE
:10B6A00040F0A580002C05DD4FF47A7000FB04F01B
:10B6B000E5F7F8FF012301934FF0FF385049049854
:10B6C0000CF036FF074600284FD00023CDE910B319
:10B6D000DFF840A18DF848301C461E466FF0404907
:10B6E00014E00134502C0FDD2B6810995B6928465B
:10B6F0009847109A002311931C461370DAF8000043
:10B7000000220321E7F7F6FD464539D038460CF014
:10B71000F7FC0390013033D0119B4B456BD00122D5
:10B7200003A910A809F078FE039B0A2BD9D12B6836
:10B7300010995B6928469847109A0023512C119361
:10B7400006F10106A8BF1C461370D7E75B4502D07F
:10B750001846E8F7D5F92A49049801960CF0E8FE56
:10B760004FF0FF3807460028AFD12B68049A9B683A
:10B770002449284698470A980CAB984213D114E004
:10B7800038460CF079FB019B23B12B681E495B699D
:10B79000284698471098584501D0E8F7B1F90A981B
:10B7A0000CAB984201D0E8F7ABF9049806AB98428D
:10B7B00001D0E8F7A5F917B0BDE8F08F13490AA842
:10B7C00009F0D9FE18B901904FF0FF3876E7002450
:10B7D0000A220A98109410A911F010FA109A0A9BE4
:10B7E00001949A428CBF80464FF0FF3866E71846B6
:10B7F000E8F786F956E7064809F063FB0C8303086F
:10B80000088B0308FC710308108303080C4F03081E
:10B81000384903081C0400202DE9F04F2DED048B5E
:10B82000034697B010A80D461946E6F7DDFB022344
:10B830000022C84910A809F058FE109B0B9012AACC
:10B84000934202D01846E8F75BF9DFF824B3DBF83F
:10B8500000300DA8D968F0F787FA0B9B013340F050
:10B86000B3810D9BD3ED017AFDEEE77A17EE903AA6
:10B87000002BCDED0A7A64DD9FEDBE8A17EE909A1B
:10B880004FF00C0A002438E0C7EE887A17EE900AD1
:10B890000AF028F8D7ED017AC7EE887A02460B46FF
:10B8A00017EE900A43EC172B8DED067B0AF01AF881
:10B8B000D7ED007A099AC7EE887A06460F4617EE4A
:10B8C000903A184609920AF00DF89DED067BCDE9F5
:10B8D0000401CDE902678DED007B099A9E49284657
:10B8E000C047109812AB984204F101040AF10C0A07
:10B8F00001D0E8F705F9A14523D02B6810A821460F
:10B90000D3F80880E6F746F9DBF800300D9FDB68D6
:10B91000109A93F8343009925744D7ED027ADB0736
:10B9200017EE900AB0D409F0DDFF41EC170B7868F0
:10B930008DED067B09F0D6FF3B68099A06460F4657
:10B94000BFE710AB002242F2EC014FF44C40E5F7A8
:10B9500017FCDBF800302A68DB68109F93F834305E
:10B960009468D7ED007ADE0740F1D7809FED818A99
:10B97000C7EE887A17EE900A09F0B4FFD7ED017A86
:10B98000C7EE887A8046894617EE900A09F0AAFF2A
:10B99000D7ED027AC7EE887A024616460F4617EEB2
:10B9A000900A09F09FFFCDE90067CDE90201424608
:10B9B0006A494B462846A04700220023CDE90223CE
:10B9C000CDE900232868664984682846A0472A688C
:10B9D000DBF800309468DB680A9A0D9F93F83430E6
:10B9E00002F1010A0AEB4A0A07EB8A07D807D7EDEA
:10B9F000027A4FEA8A0A40F19E809FED5E8AC7EE86
:10BA0000887A17EE900A09F06DFFD7ED017AC7EE3C
:10BA1000887A8046894617EE900A09F063FFD7EDD1
:10BA2000007AC7EE887A024616460F4617EE900A4D
:10BA300009F058FF4B46CDE90201CDE900674949BD
:10BA400042462846A0470B9B013300F0D780DBF825
:10BA500000302968DB680D9A93F834308C680AF15D
:10BA60000C0A9244D907DAED027A00F1858017EECC
:10BA7000900A09F037FF8046DAF80400894609F099
:10BA800031FF0646DAF800000F4609F02BFFCDE93A
:10BA90000067CDE90201424633494B462846A0479C
:10BAA000DBF800302A68DB68D2F808A093F834206D
:10BAB00093F8D04093ED358AD3ED368AD3ED377ABB
:10BAC000D30774D59FED2B9AC7EE897A88EE098A41
:10BAD00017EE900A09F006FFC8EE897A804689467B
:10BAE00017EE900A09F0FEFE06460F4618EE100A01
:10BAF000049409F0F7FECDE90067CDE90201424662
:10BB00001A494B462846D0470D9808B1E7F7F8FF89
:10BB100017B0BDEC048BBDE8F08F17EE900A09F06A
:10BB2000E1FE80467868894609F0DCFE024616464A
:10BB3000B8680F4635E717EE900A09F0D3FE804645
:10BB40007868894609F0CEFE0246164638680F46E8
:10BB50006EE700BF247203082883030840830308AC
:10BB60005C8303087883030894830308C88303086D
:10BB70001C0400203333CB411FED028AC7EE887AC4
:10BB800017EE900A09F0AEFEDAED017AC7EE887A78
:10BB90008046894617EE900A09F0A4FEDAED007A95
:10BBA000C7EE887A06460F4617EE900A6DE717EE45
:10BBB000900A09F097FE804618EE900A894609F02F
:10BBC00091FE06460F4691E70D9A2B68D2ED027A58
:10BBD0009C68FCEEE77A10A8CDED067A9DF8181067
:10BBE000E5F7D8FF109A13492846A047109812ABE2
:10BBF00098423FF436AEE7F783FF32E6DBF80020E9
:10BC00000D9BD268296892F834208C68D20753447F
:10BC1000D3ED037A44BF9FED087AC7EE877A17EE1B
:10BC2000900A09F05FFE02460B4628460349A047EA
:10BC300036E700BF148303083333CB41B8830308CE
:10BC40002DE9F04F0646B7B00BA80D463146E6F792
:10BC5000CBF900225A490BA8022309F0FFFB421C32
:10BC600034D00C9A012A40F2A5800B994FF00003C2
:10BC70000A4424AF023122A82297E4F71BFD229840
:10BC80000A22002110F0BAFF229BBB42044602D0D8
:10BC90001846E7F735FF316808A8E5F7F3FEDDE958
:10BCA00008239B1A182B17D02B6846499B682846F7
:10BCB0009847089808B1E7F723FF0B980DAB984217
:10BCC00001D0E7F71DFF37B0BDE8F08F04460BA9A0
:10BCD000304609F04FFADEE7D2ED052A92ED042A4C
:10BCE000D2ED031A92ED021AD2ED010A92ED000A8A
:10BCF00022A8F2F741FA2498DDF88C90DDF88880CC
:10BD000009F0F0FD06460F464846CDE9066709F002
:10BD1000E9FD824640468B4609F0E4FD80468946AF
:10BD2000CDE900ABCDE902892B6827499B682846FD
:10BD30001E46DDE90623B047631C05D12B68234965
:10BD40009B6828469847B4E79DED067B204A8DED19
:10BD5000007B23465021CDE90489CDE902AB22A81E
:10BD60000FF0CCF922AA502894BF1218503222A901
:10BD700011A813AE4FF000031196E4F79BFC154A8F
:10BD800011A9012317A8FAF7A3F8134B17AA1868EB
:10BD90000221E7F7AFFA2B6810499B682246284634
:10BDA000984717A8F9F772FF1198B04281D0E7F7CA
:10BDB000A7FE7EE713460A490A48022209F087F8DF
:10BDC000E4830308C0840308E8830308208403088D
:10BDD00060840308100400201C04002084840308ED
:10BDE000044703081C4703082DE9F04F2DED028B93
:10BDF0006D4E8FB03368DB680C4693F89CA16B499D
:10BE000000AF934620460022062309F06EFB421C39
:10BE1000E84640D06268904200F2BF80216807F196
:10BE200010090A444FF00003014407F10800C7F865
:10BE30000890E4F73FFCFA68012A11D8DBF80030DB
:10BE40005B499B6858469847B868484501D0E7F772
:10BE500057FE3C37C546BD46BDEC028BBDE8F08FB2
:10BE6000B9683A600878796010F098FFC0B2572836
:10BE70008CBFA0F15805A0F13E05EBB2D7E9002137
:10BE80007B607B68534513D3DBF8003049499B68DE
:10BE900058469847D8E7DBF8003047499B68584632
:10BEA00098473C37C546BD46BDEC028BBDE8F08FD8
:10BEB0000A4407F1200001314FF0000307F1280583
:10BEC0003D62E4F7F7FB386A002110F093FD386A11
:10BED000A842B0EE408A01D0E7F712FE4FEA8A028C
:10BEE000D31D03F4FF63ADEB030DEB46BAF1000F76
:10BEF00006D000215A445B4643F8041B9A42FBD10A
:10BF00007B682E490BEB830383ED008A002201231B
:10BF1000204609F0EAFA431C03D0626801309042DF
:10BF200021D3B7EE008A3368D868EBF7ABFF3368EC
:10BF30007A68D868836853F8223093ED090A52462C
:10BF400028EE000A5946ECF7B5FF336801219869DD
:10BF5000F0F734F83368D868ECF77CF8B8684845EF
:10BF60007FF475AF75E7216807F128030A443B6247
:10BF700001444FF0000307F12000E4F79BFB386A0F
:10BF8000002110F037FD386A07F128039842B0EE1F
:10BF9000408AC8D0E7F7B4FDC5E713460849024612
:10BFA000084808F094FF00BF1C040020EC8403083C
:10BFB0001885030830850308F484030840850308C6
:10BFC000044703081C4703082DE9F04F2DED028BB1
:10BFD0000546B5B011A80C462946E6F705F8A34971
:10BFE00011A809F0C8FA00283DD1034629461DA82A
:10BFF0002AAE29938DF8A8302896E5F7F5FF1E9A0A
:10C00000002A40F0B48017AB4BF2D3114AF6164029
:10C01000CDE917221992E5F7B3F8002840F0F08037
:10C02000236893499B6820469847DDE91745AC4251
:10C030000BD0206904F11803984204F1280401D0C0
:10C04000E7F75EFDA542F4D1179D15B12846E7F745
:10C0500057FD1D981FAB984201D0E7F751FD289876
:10C06000B04277D178E0834911A809F084FA00281A
:10C0700040F09F8017A82946E5F7B6FF7E4917A82C
:10C0800009F079FA002800F00D810023099319AD19
:10C0900017990EA8E5F7F6FC189B002B00F0DC8042
:10C0A000DDE90E31CA1A8B424FEAA20200F0D480B9
:10C0B000012A1E6840F2CD80022AD3F8049014BFF2
:10C0C000D3F808B0CB466B49DFF8D08111A809F04E
:10C0D00052FA0346002840F00981D8F80020279042
:10C0E000D26824965068CDF894900268CDF898B044
:10C0F0000DF1740A24AFD6682A93CDE9283352464D
:10C100003946B0471D9809F0EDFB02460B461F98D3
:10C110002668CDE90A2309F0E5FBCDE902011E9866
:10C1200009F0E0FBCDE90001DDE90A23B6685349D7
:10C130002046B0471D9EDDF87890DDF87CB0099B65
:10C14000002B40F001810E9808B1E7F7D9FC179851
:10C15000A84201D0E7F7D4FC119813AB984201D064
:10C16000E7F7CEFC35B0BDEC028BBDE8F08F1DA823
:10C17000E5F7C8F924AB02464EF618314AF61640E8
:10C18000E4F7FEFF00285DD0269B2598049309F074
:10C19000A9FB02460B4624982568CDE9022309F045
:10C1A000A1FBCDE900011D9AAB68354920469847AF
:10C1B0004FE7344911A809F0DEF900283FF45AAFDF
:10C1C000314911A809F0D7F90546002800F0F98097
:10C1D0002E4911A809F0CFF9002840F076812C4AA9
:10C1E00024A8911E26AD4FF000032495E4F762FACF
:10C1F00024A82146FFF710FB2498A842AAD1ABE758
:10C20000DDE91758A8453FF420AFDFF89490A968FE
:10C21000AB892A69049168680A93099209F062FB64
:10C220002768CDE9020155F8280B09F05BFBCDE941
:10C230000001DDE90923BF6849462046B847A84503
:10C24000E5D1F2E623681D9A9B681249204698477B
:10C25000FFE6B146B34636E723680F499B682046A0
:10C2600098470E9800287FF470AF70E7408B030862
:10C27000608503088C85030890850308C48503083E
:10C280007485030894850308988503081C860308B1
:10C2900022860308608203089C8503081C04002092
:10C2A0004485030824A82946E5F79EFE249B179899
:10C2B00026AEB34200F0F08019ADA84200F0FC8039
:10C2C000DDE92512CDE91731199B1992002800F0FC
:10C2D000F880249026930023259303702498B0427D
:10C2E00001D0E7F70DFC01230993D1E6D8F800301F
:10C2F0001D96DB68CDF878905868CDF87CB003685F
:10C3000024AF0DF1740A3A469B6851469847249829
:10C3100009F0E8FA02460B46269821680A91CDE911
:10C320000C2309F0DFFACDE90201259809F0DAFAC9
:10C33000CDE900010A9989680A91DDE90C23AC492D
:10C3400020460A9CA047FAE6584609F0CBFA024676
:10C350000B464846CDE9042309F0C4FA0B460246D1
:10C360003046CDE9022309F0BDFAA24ACDE9000129
:10C37000402138460EF0C2FE002420AE3846CDE9FA
:10C380001E648DF880400FF0DBF93B46009022469A
:10C3900021461EA808F0C2FF974BD8F800001D9355
:10C3A00052460121E6F7A6FFD8F80030012198692E
:10C3B000EFF776FE1E98B0423FF4C5AEE7F7A0FB5C
:10C3C000C1E68E4E8DF898003368259024AAD8686F
:10C3D00026AF2B4629462497EBF7C2FE2368249A02
:10C3E0009B68874920469847249B25951D70336894
:10C3F00024AAD86801212B46EBF7B2FE2368249AC1
:10C400009B68804920469847249B25951D7033687A
:10C4100024AAD86802212B46EBF7A2FE2368249AAF
:10C420009B68794920469847249B25951D70336861
:10C4300024AAD86803212B46EBF792FE2368249A9E
:10C440009B68714920469847249B25951D70336849
:10C4500024AAD86804212B46EBF782FE2368249A8D
:10C460009B68694920469847249B25951D70336831
:10C4700024AAD86805212B46EBF772FE2368249A7C
:10C480009B68614920469847249B25951D702498F8
:10C49000B8427FF45FAE5FE6259A3AB1012A00F018
:10C4A000918031460CF00CFE259A179818920023C3
:10C4B0008354249819AD0EE7259A1793269BCDE94E
:10C4C0001823249626AE304605E7504911A809F0F6
:10C4D00052F8054600287BD1DFF820812268D8F881
:10C4E00000309768D3E9022392F8286093F8A410EB
:10C4F000042E24A828BF0026E5F74CFBD8F800300E
:10C50000DDF89090DA68536B03F47C33B3F5103F99
:10C510006AD0B3F5C03F00F08380B3F5104F14BF6D
:10C52000112313230A9392F8342012F0010F14BF41
:10C530004FF0140A4FF0150A1DAB12F0020F45F22E
:10C540003E714FF000024CF6FC3014BF4FF05A0B16
:10C550004FF05B0BE4F714FE08B11D9B1D68D8F883
:10C560000030D8680990ECF7C7F9099890F8343092
:10C57000DB0748BFDFED267AD8F80030B0EE408AFE
:10C5800048BF80EE278ADB68D3F8600109F0AAF97A
:10C5900002460B46CDE9062318EE100A09F0A2F96F
:10C5A0000A9B0093CDE904014B46CDE901AB194943
:10C5B000039532462046B847249826AB98427FF42C
:10C5C000C9ADC9E59DF898300370259A17986DE7B5
:10C5D000114911A808F0CFFF28B32368119A9B686E
:10C5E0000E4920469847B7E511230A939BE700BF01
:10C5F000E4850308F8700308100400201C040020E0
:10C60000008603080C860308208903082486030893
:10C610003333CB412C860308648603086C860308F9
:10C6200012230A937FE7084A236811689D6824A8AB
:10C63000E6F7C4FA249A05492046A847249826AB71
:10C6400098427FF487AD87E51C0400202089030809
:10C650002DE9F04FA94E2DED028B3368C5B004468D
:10C66000D8680D46EBF70EFC21460EA8E5F7BCFC9A
:10C67000A3490EA808F07FFF002844D121460746B1
:10C6800014A8E5F7B1FC21461AA8E5F7ADFC214650
:10C6900020A8E5F7A9FC214626A8E5F7A5FC159BEF
:10C6A0002BB11B9B1BB1219B002B40F047812B68BA
:10C6B00094499B6828469847269828AB984201D011
:10C6C000E7F71EFA209822AB984201D0E7F718FA54
:10C6D0001A981CAB984201D0E7F712FA149816ABDF
:10C6E000984201D0E7F70CFA0E9810AB984201D0AF
:10C6F000E7F706FA3368D868EBF7ACFC45B0BDEC59
:10C70000028BBDE8F08F80490EA808F034FF074681
:10C71000002840F0A780214614A8E5F765FC2146D3
:10C720001AA8E5F761FC214620A8E5F75DFC159BFA
:10C73000002B00F079811B9B002B00F07581149871
:10C74000394610F057F91A980A22394610EE109A15
:10C7500010F054FA219B0490002B00F06082209886
:10C76000394610F047F910EE104A3368674FD86821
:10C770000697EBF787FB204609F0B4F803460C4612
:10C7800044EC173B89F000408DED027BCDE9083485
:10C7900009F0A8F834ACCDE900015D4A40212046FB
:10C7A0000EF0ACFC2B685B499B68224628469847F4
:10C7B00029AB2046279326970EF0C2FF4FF00003C7
:10C7C0002218214627A8E3F775FF306826AA012121
:10C7D000E6F790FD049B002B00F03A82DFF858B199
:10C7E000DFF830A1002725E09DED087B8DED027B71
:10C7F00009F078F85A46CDE90001402120460EF0B4
:10C800007DFC2B6822469B68514628469847204667
:10C810000EF096FF2346289A0090414627A808F07C
:10C820007DFD306826AA0121E6F764FD049BBB422A
:10C8300000F00E82326892F8B830C3F340089B07CC
:10C84000484607F10107CFD5D068EBF703FC2B680A
:10C8500031499B6828469847279829AB98427FF42E
:10C860002FAF2FE72D490EA808F085FE074640BBE5
:10C8700021461AA8E5F7B8FB214620A8E5F7B4FB46
:10C88000214626A8E5F7B0FB1B9B1BB1219B002B83
:10C8900040F0E1802B6822499B68284698472698FB
:10C8A00028AB984201D0E7F72BF9209822AB9842A9
:10C8B00001D0E7F725F91A981CAB98427FF412AF24
:10C8C00012E718490EA808F056FE0746002800F0A7
:10C8D000F3812B6814499B68284698472B681349B5
:10C8E0009B68284698472B6811499B6828469847BB
:10C8F0002B6810499B6828469847F5E61C040020E1
:10C90000888603088C860308D0860308100400205C
:10C91000F886030820890308C88603081C870308D3
:10C920002487030870870308E08703081888030832
:10C9300044880308708803080C8703081A9839464E
:10C9400010F058F8279BB0EE408A002B7CD133685A
:10C95000D868EBF7D1FF10EE104A20980A22002188
:10C9600010F04CF90A9000286BD0149BAF4A18784D
:10C97000069210F013FA03462046049308F0B2FF23
:10C980004FF0000ACDE90801049B18EE100AD146C9
:10C9900034AC0DF1B40830AF0DF1B80B9DED087B50
:10C9A00004938DED027B08F09DFF049BA04ACDE926
:10C9B0000001402120460EF0A1FB2B689D499B6899
:10C9C000224628469847069B2046CDE92D370EF093
:10C9D000B7FE4FF00003221821465846E3F76AFEDF
:10C9E000306842460121E6F785FC33682E9893F8BB
:10C9F000B83013F0020F09F101098AF0010A1CD1C5
:10CA0000B84201D0E7F77CF80A9B4B4519D0149B3C
:10CA1000187810F0C3F90346BAF1000F0AD0F1EE0E
:10CA2000487A17EE900AB9E72B6883499B68284635
:10CA3000984747E618EE100AB0E7B84201D0E7F78A
:10CA40005FF82B687D4934E6269839460FF0D2FF0F
:10CA500010EE104A81E71A9839460FF0CBFF279B5A
:10CA600010EE104A002B40F071813368D868EBF764
:10CA700043FF10EE107A20980A22002110F0BEF831
:10CA80000D90002800F0C880204608F02BFF0246D9
:10CA90000B463846CDE9042308F024FF634BDFF84A
:10CAA00094A184F000424FF00009CDF82090CDE928
:10CAB0000A0108EE102A34AC0DF1B40830AF0DF1C4
:10CAC000B80B994606E0089B0D9A01339A420893E9
:10CAD00000F0A2809DED0A7B8DED027B9DED047B35
:10CAE000574A8DED007B402120460EF007FB2B6856
:10CAF00022469B685146284698472046CDE92D9707
:10CB00000EF01EFE4FF00003221821465846E3F7B0
:10CB1000D1FD306842460121E6F7ECFB2E98B84281
:10CB200001D0E6F7EDFF9DED047B464A8DED007BDD
:10CB3000402120460EF0E2FA2B6822469B685146BF
:10CB4000284698472046CDE92D970EF0F9FD4FF085
:10CB50000003221821465846E3F7ACFD30684246F0
:10CB60000121E6F7C7FB2E98B84201D0E6F7C8FFCF
:10CB700018EE100A08F0B6FE334ACDE90601CDE9F9
:10CB80000001402120460EF0B9FA2B6822469B682E
:10CB90005146284698472046CDE92D970EF0D0FD06
:10CBA0004FF00003221821465846E3F783FD306812
:10CBB00042460121E6F79EFB2E98B84201D0E6F7E7
:10CBC0009FFF9DED067B214A8DED007B4021204695
:10CBD0000EF094FA2B6822469B68514628469847E7
:10CBE0002046CDE92D970EF0ABFD4FF00003221843
:10CBF00021465846E3F75EFD306842460121E6F7DC
:10CC000079FB2E98B84201D0E6F77AFF336893F8A3
:10CC1000B83099077FF557AF2B6808493CE6336871
:10CC2000D868EBF769FE10EE104A9EE5100400206C
:10CC3000B486030820890308D8860308C886030839
:10CC400044870308548703085C8703086487030844
:10CC5000326892F8B83099073FF5F6AD9DED087B44
:10CC600048468DED027B08F03DFE5F4ACDE90001AC
:10CC7000402120460EF042FA2B685C499B68224610
:10CC800028469847069B30AF2046CDE92D370EF059
:10CC900057FD214622184FF000032EA8E3F70AFDA6
:10CCA00030682DAA0121E6F725FB2E98B84201D065
:10CCB000E6F726FF3268C7E5214626A8E5F794F98E
:10CCC00021462DA8E5F790F9214634A8E5F78CF91F
:10CCD000279B002B34D02E9B002B31D0359B002B73
:10CCE0002ED0269B187810F059F8C3B2572B34D9A0
:10CCF000A3F15804E4B22D980A2200210FF07EFF20
:10CD0000052C82462DD83368DB6893F89C31A3420A
:10CD10002DD82B6836499B6828469847349836ABFF
:10CD2000984201D0E6F7ECFE2D982FAB984201D047
:10CD3000E6F7E6FE269828AB98427FF4D3ACD3E41E
:10CD40002B682C499B6828469847E7E73946269880
:10CD50000FF050FE10EE107A8DE6A3F13E04E4B21F
:10CD6000C9E72B6824499B6828469847D6E734983A
:10CD70000A2200210FF042FF012838BF012007EEF0
:10CD8000900ADFED1E6AF8EE677A8AEAEA7986EEA3
:10CD9000A77AA9EBEA79FCEEC77A17EE908ABAF186
:10CDA000000F1FD06FEA0A0A4FEADA7AA40009E0FE
:10CDB000DB689B681859E4F747FB4046E4F75CFCE6
:10CDC000B9450FD0336893F8B8209207514607F160
:10CDD0000107EDD5D868EBF7D5FC349836AB98420F
:10CDE000A0D1A1E73368F5E7F88603082089030896
:10CDF000C0870308748703089887030800247449D0
:10CE00002DE9F0419046154D154C86B006460F466B
:10CE1000022206E055F8084F2046E4B10EF090FCDF
:10CE20000246214630460EF0F9FC0028F2D1D7E93F
:10CE3000001268460A4402AC4FF000036D6800948B
:10CE4000E5F79AF868464146A8470098A04201D005
:10CE5000E6F756FE012006B0BDE8F081908B03088E
:10CE6000908803082DE9F043D1E901329FB00968A9
:10CE70000C911A44194605464FF000030DA80FAE59
:10CE80000D96E5F779F8DDE90D1268460A4402AF20
:10CE90004FF000030097E5F76FF8DDE90048B8F1BF
:10CEA000000F31D094F8009048460BF0F1FF0028B5
:10CEB00037D0B9F1240F37D0694606A8E5F794F8C2
:10CEC000A34906A808F057FB002850D1A14B0099B0
:10CED0001B68019ADD690A4413A815AC4FF00003E2
:10CEE0001394E5F749F828460C9A13A9FCF7D4FEE9
:10CEF0001398A04201D0E6F703FE069808AB9842CB
:10CF000001D0E6F7FDFD009CBC4202D02046E6F7CA
:10CF1000F7FD0D98B04201D0E6F7F2FD1FB0BDE875
:10CF2000F083B9F1240FEFD1B8F1010FC4D96378C0
:10CF3000232B00F04881473BDAB2112A00F201812D
:10CF4000112B00F2FE80DFE813F0EA00B700FC00CE
:10CF5000A300FC00FC00FC00FC00FC00FC00FC004A
:10CF6000FC00FC00FC00FC00FC00FC0091007A4985
:10CF700006A808F000FBA8B9764B00991B68019A37
:10CF8000DD690A4413A815AC4FF000031394E4F7CD
:10CF9000F3FF28460C9A13A9FCF7ACFF1398A042A4
:10CFA000A9D1AAE76D4906A808F0E5FA002800F023
:10CFB000F3806B4906A808F0DEFA00289DD0694985
:10CFC00006A808F0D8FA002897D0674906A808F004
:10CFD000D2FA002891D0654906A808F0CCFA0028BA
:10CFE0008BD0634906A808F0C6FA002885D06149AD
:10CFF00006A808F0C0FA00283FF47FAF13AC022364
:10D0000006A92046002208F0EDFA5B49204608F008
:10D01000B2FA139B15ADAB42804602D01846E6F734
:10D020006FFDB8F1000F3FF468AFDDE90012DDF8E5
:10D03000188013950A444FF000032046E4F79CFF44
:10D0400021460C9A4046FFF7DBFE139BAB42044699
:10D0500002D01846E6F754FD002C7FF44EAF0C9832
:10D06000069A036845499B68984746E7394B186814
:10D0700090F8B83099077FF547AF01220721E6F70E
:10D0800039F90C983E4903689B689847009C3BE738
:10D0900004EB0802214613A815AC4FF000031394CB
:10D0A000E4F76AFF28460C9A13A9FEF79DFE139831
:10D0B000A0427FF426AF26E7264D286890F8B830C6
:10D0C0009A0700F1938090F8B8305B074BBF2D4A68
:10D0D0002D4A511FD11E06A80DF120084FF0000364
:10D0E00013ACCDF81880E3F7E5FA0C9A06A92046B0
:10D0F0000123F8F7EDFE0698404501D0E6F700FD64
:10D10000286822460221E6F7F5F82046F8F7BEFD2A
:10D110000C981E4903689B689847009CF4E61C4ADB
:10D1200013A8511F15AC4FF000031394E3F7C2FA94
:10D1300013A80C99FEF748FF1398A0427FF4E1AEC4
:10D14000E1E60C98134903689B689847009CDBE66E
:10D15000948803081C040020E0880308EC88030876
:10D160006072030868720308747203087C72030813
:10D1700084720308F88803080089030804890308F7
:10D18000A0880308BD880308C3880308B48803087F
:10D1900029860308C4880308174B00991B68019A65
:10D1A000DD690A4413A815AC4FF000031394E4F7AB
:10D1B000E3FE28460C9A13A9FCF71CFE1398A04224
:10D1C0007FF499AE99E60D4A13A8114615AC4FF0BD
:10D1D00000031394E3F76EFA13A80C99FEF71CFBF7
:10D1E0001398A04294D0E6F78BFC91E70122072127
:10D1F000E6F780F8286866E71C0400200C4F030857
:10D200002DE9F04F99B000230D4642688DF80830A3
:10D2100002A9CDE9001307938DF8203008AB0693DF
:10D22000002A00F0E280044612AF0DF150080BE036
:10D23000139A06A808F0F0F812984045464601D027
:10D24000E6F75EFC6368ABB121463846E4F7CCFEF6
:10D2500012990B782D2BEBD06846394607F08AFFE0
:10D260006368002B40F0B180129814AEB04201D038
:10D27000E6F746FCDDE900120A444FF000030CA873
:10D280000DF13808CDF83080E4F776FE38460CA969
:10D29000E4F754FF129B0098B34200F0888002AA82
:10D2A000904262D0DDE91312CDE90031029B029277
:10D2B00000285FD0129014930023139303701298E8
:10D2C000B04201D0E6F71CFC0C98404501D0E6F7CF
:10D2D00017FC009806F0CAFF8246002860D0DFF8ED
:10D2E00044B109E02B6848499B68284698472B6859
:10D2F00046499B6828469847504606F0DDFF04469D
:10D3000000283BD02B68D3F80890CDF830800EF081
:10D3100017FA4FF00003221821460CA8E3F7CAF9C8
:10D320000CA93846E4F742F9129A59462846C847EC
:10D330001298B04201D0E6F7E3FB0C98404501D0CB
:10D34000E6F7DEFB94F80421002ACBD13049022312
:10D3500006A808F083F80130C9D02B68D4F8002162
:10D360009B682C4928469847C1E7139A0093149B61
:10D37000CDE90123129614AE30469DE7504606F0E3
:10D380009FFF069808AB984201D0E6F7B9FB0098DA
:10D3900002AB984201D0E6F7B3FB19B0BDE8F08FBD
:10D3A0002B68009A9B681C4928469847E9E7139A1E
:10D3B00032B1012A1ED031460BF082FE139A00983A
:10D3C000019200238354129876E7019A6FF040434C
:10D3D0009A4215D011490122684608F01DF8D4E997
:10D3E0000012684608F018F83EE702AA114612AF8C
:10D3F00014AE42E79DF850300370139A0098DFE7AF
:10D40000074807F05EFD00BF9049030888800308C5
:10D41000E48303082489030828890308B44D03081A
:10D42000384903083873030870B58D6A8CB008AEAC
:10D430000C46069615B328460EF082F92A1829469E
:10D4400006A84FF00003E3F735F9684606A9E4F7AC
:10D4500047FC0698B04201D0E6F752FB237A9A07C0
:10D4600004D52368142B0CD01E2B26D0009802ABB9
:10D47000984201D0E6F744FB0CB070BD4FF0FF328C
:10D48000DDE7E068254903689B689847244A0696CB
:10D49000D11E4FF0000306A8E3F70CF906A8E168D7
:10D4A000FFF7AEFE0698B04201D0E6F729FBE06830
:10D4B0001C4903689B689847D8E701990029D5D093
:10D4C000194B1B6893F8B830C3F380025B07CDD4C7
:10D4D000043106A8CDE906628DF8202007F0ACFEE5
:10D4E000079A6FF040439B1A032B13D90F4904226C
:10D4F00006A807F091FFDDE9001206A807F08CFFEF
:10D5000006A8E168FDF7EEFD0698B042AED0E6F75A
:10D51000F7FAABE7064807F0D4FC00BF48890308D8
:10D52000CF4D03085C8903081C040020244F030826
:10D530003849030870B5D0E900328CB01A4406A807
:10D5400008AE0D4619464FF000030696E4F714FDA9
:10D55000684606A9E4F7F2FD0698B04201D0E6F766
:10D56000CFFA009806F082FE044680B10B4B186893
:10D570006946303007F0FEFD204606F0A1FE009817
:10D5800002AB984201D0E6F7BBFA0CB070BD2B6835
:10D59000009A9B68024928469847F0E71C0400203F
:10D5A0006C8903082DE9F04FDFF87491D9F8002059
:10D5B0008DB0054690690C46EEF7CAFC38B9236871
:10D5C0004E499B68204698470DB0BDE8F08FD5E9DD
:10D5D000001206A80A4408AD4FF000030695E4F7D0
:10D5E000CBFC684606A9E4F7A9FD0698A84201D03D
:10D5F000E6F786FA424900980AF09AFF2368009AF3
:10D600009B68054600283DD03E493F4E3F4FDFF81E
:10D6100014B1204698474FF0000823689A69B24237
:10D620004ED11B69BB4254D14FF0000A29465046E7
:10D630000AF0DCFF504531D0236835499B6820460D
:10D64000984728460AF018FC23689A69B2420DD11F
:10D650001A69BA42F9D020469047C0B2042814D0C3
:10D660001A2812D023689A69B242F1D02046904716
:10D670000321024600283FD1D9F80000E5F73AFE21
:10D680002368E2E7234920469847009802AB984276
:10D690009AD0E6F735FA0DB0BDE8F08F1E4A08F1D2
:10D6A00001080BFB08F3B2EBF30FB6D30022D9F855
:10D6B00000000321E5F71EFE23689A69B242B0D04C
:10D6C0002046904702460028F1D023681B69BB42E0
:10D6D000AAD020469847C3B2042B03D01A2B01D0FE
:10D6E0009A46A3E728460AF0C7FB23680B499B68C4
:10D6F000424620469847C8E72368A9E78C89030873
:10D700002C4F0308B8890308910B00088D0B000803
:10D71000288A0308F889030837894100148A030816
:10D720001C040020D578E9262DE9F047D0E9003225
:10D73000B0B01A440FA811AC0D4619464FF00003C3
:10D740000F94E4F719FC03A80FA9E4F7F7FC0F986E
:10D75000A04201D0E6F7D4F93A4903A807F00BFF3D
:10D76000002862D0384903980AF0E2FE2B68039A39
:10D770009B680746002861D03449DFF8E090DFF865
:10D78000E0A0DFF8E080284698473A4684210FA8B9
:10D790000AF074FD03460BAE0FAA49462846A3B310
:10D7A0002B689B6898479DF83C303B2B0FA8ECD02A
:10D7B00009960DF0C5FF0FAB1A180FA94FF0000323
:10D7C00009A8E2F777FF2C2007F09AF909A90123AD
:10D7D00052460446F8F77CFB0998B04201D0E6F7C0
:10D7E0008FF9D8F8000022460221E5F783FD204694
:10D7F00024B1F8F74BFA2046E6F782F9D8F8000092
:10D8000000220321E5F776FDBFE72B6810499B68EE
:10D81000984738460AF030FB039805AB984201D090
:10D82000E6F76EF930B0BDE8F087132301460093A8
:10D83000049A084B03A807F071FD93E706492846B0
:10D840009847E9E790490308088B0308648A0308AE
:10D85000948A0308E8500308B48A03088C8A0308F2
:10D86000100400201C0400202DE9F041D0E9003212
:10D870008EB01A4408A80AAF0E4619464FF00003AE
:10D880000897E4F779FB02A808A9E4F757FC089881
:10D89000B84201D0E6F734F93A4902A807F06BFE26
:10D8A000002862D0DFF80081374CD8F80030012121
:10D8B0009869EEF7F5FB3549029808940AF038FEAE
:10D8C0003349099008A8E5F713F90998089408B1B5
:10D8D0000AF0D2FA0820029D07F012F904462D4BF7
:10D8E000236028460DF00AFF606072B62A4A089746
:10D8F000111F4FF0000308A8E2F7DCFE2C2007F010
:10D90000FFF808A9224601230546F8F7E1FA08982E
:10D91000B84201D0E6F7F4F8D8F800002A46022110
:10D92000E5F7E8FC54B123681C4A5B68934225D1B3
:10D93000606804F091FB2046E6F7E2F82DB1284636
:10D94000F8F7A4F92846E6F7DBF862B63368029ADE
:10D950009B68134930469847029804AB984201D01F
:10D96000E6F7CEF80EB0BDE8F08113230146009330
:10D97000039A0C4B02A807F0D1FC93E72046984786
:10D98000DCE700BF904903086C5203082C4F0308E2
:10D99000FC500308CC470308CC8A0308D90B0008C5
:10D9A000D08A0308E85003081C04002070B5D0E9B1
:10D9B0000032B8B01A441DA81FAC0E4619464FF0ED
:10D9C00000031D94E4F7D8FA01A81DA9E4F7B6FBFB
:10D9D0001D98A04201D0E6F793F8274901980AF074
:10D9E000A7FD044600283AD01DA8E6F7FBFE234D0C
:10D9F00008E0286800220321E5F77CFC20460AF0B5
:10DA000043FA68B92346402201210DA80AF052FFCB
:10DA10000028EED002460DA91DA8E7F7ABFAE8E70B
:10DA200033681DA89D68E7F71DFB014607A8E7F7C7
:10DA300023FB019B079A12493046A847079809AB78
:10DA4000984201D0E6F75CF820460AF015FA0198F2
:10DA500003AB984201D0E6F753F838B070BD336895
:10DA6000019A9B68074930469847019803AB984252
:10DA7000F1D138B070BD00BF088B03081C04002032
:10DA8000E88A0308FC710308704700BF90ED047A30
:10DA900091ED006A90ED030AD0ED057AD1ED016AAF
:10DAA00037EE467A00B5A7EE470A77EEE67A2DED17
:10DAB000028BA7EEE70A85B0B5EE400AF1EE10FA48
:10DAC000B1EEC08A48D4D1ED027A77EE887AC2ED01
:10DAD000007A90ED067A91ED006A90ED030AD0EDA0
:10DAE000077AD1ED016A37EE467A77EEE67AA7EE4D
:10DAF000470AA7EEE70AB5EE400AF1EE10FAB1EEDA
:10DB0000C08A39D4D1ED027A77EE887AC2ED017AF3
:10DB100090ED087A91ED006A90ED030AD0ED097A54
:10DB2000D1ED016A37EE467A77EEE67AA7EE470A3C
:10DB3000A7EEE70AB5EE400AF1EE10FAB1EEC08AA0
:10DB400013D4D1ED027A77EE887AC2ED027A05B06D
:10DB5000BDEC028B5DF804FBCDE90212019008F0E8
:10DB60000DFEDDE902120198ADE7CDE9011208F0E2
:10DB700005FEDDE90112E4E7CDE90212019008F0AB
:10DB8000FDFDDDE902120198BCE700BF2DE9F0417F
:10DB90002DED088B04469EB00D4603694669D1F809
:10DBA00000808169C069D5F804E0D4F820C0676AB4
:10DBB00000930391AB68049003A96846CDF814E084
:10DBC000CDF818C008930196CDF80880164607973F
:10DBD000E6F776FA03A806A9CDED0A0A8DED0B1A31
:10DBE0008DED090AE6F76CFA06A96846CDED0D0A37
:10DBF0008DED0E1A8DED0C0AE6F762FA0CA909A854
:10DC0000CDED100A8DED111A8DED0F0AE6F71AFA17
:10DC100009A8CDED130A8DED141A8DED120AE6F761
:10DC200041FA0CA8F0EE408AE6F73CFA0FA8F0EEB5
:10DC3000409AE6F737FA12A8B0EE40AAE6F732FAB1
:10DC4000F7EE007A87EE809A0FA909A8E6F716FA90
:10DC500009A80CA9F6EE00AA69EE2ABA69EEAB7A19
:10DC60002AEE2B8A27EE80BAE6F708FA0CA90FA84D
:10DC700020EE488AE6F702FA6BEEAAAA94ED067A3D
:10DC8000D4ED077AD5ED013A95ED006A94ED044A9A
:10DC9000D4ED054AD4ED036A94ED085AD4ED095A3F
:10DCA0006AEEA8AA28EE077A68EE277A69EEEAAA51
:10DCB00028EE238AA4EE0B7AA6EE0B8AE4EE8B7A8A
:10DCC000EAEE8A6A68EEAB8A95ED026A28EE800A6F
:10DCD00026EE899AA6EE008AA5EE007AE5EE807A15
:10DCE000B5EE409AF1EE10FA8DED178A8DED157AAA
:10DCF000B1EEC98ACDED167A3FD4B0EE480A12A82B
:10DD0000E6F7F4F91BA915A8CDED1C0A8DED1D1A37
:10DD10008DED1B0AE6F7D4F918A80021CDED190AFC
:10DD20008DED1A1A8DED180AE6F780F99FED158A28
:10DD300020EE080A08F0D0FBC0EE087A18A80121EE
:10DD4000C6ED007AE6F772F920EE080A08F0C4FB87
:10DD5000C0EE087A18A80221C6ED017AE6F766F946
:10DD600020EE080A08F0B8FBC0EE087AC6ED027A89
:10DD70001EB0BDEC088BBDE8F081B0EE490A08F09A
:10DD8000FDFCBAE700401C4610B50446E5F7B8FEB6
:10DD9000204610BD10B59FED327AD0ED017A2DED01
:10DDA000068B90ED0D9ADFED2FAA90ED028A90ED93
:10DDB0000AAA39EE079A67EEA77A29EE2A9AC0EDE9
:10DDC000037AB0EE490A044608F0BAFA38EE0AAA15
:10DDD0006AEE007AB0EE490AC4ED047A08F0ACFBB2
:10DDE000DFED217AD4ED0E9A94ED0B9A79EEA79A95
:10DDF0002AEE000A69EEAA9A84ED050AB0EE690AD5
:10DE000008F09EFA38EE099A69EE007AB0EE690AD7
:10DE1000C4ED067A08F090FB9FED147AD4ED0F8ADA
:10DE2000D4ED0C7A78EE878A29EE000A68EEAA8A89
:10DE300084ED070AB0EE680A38EE278A08F080FA07
:10DE400068EE007AB0EE680AC4ED087A08F074FB58
:10DE500028EE008A84ED098ABDEC068B10BD00BF58
:10DE60000000524335FA8E3C0000A5430000B44246
:10DE700038B5434B2DED028B0360002304460D465D
:10DE80001A4608464AF22511E4F7C8FB9FED3D0A01
:10DE90009FED3D8AE4F7AEFDE4F7BEFD00231A4690
:10DEA00049F62B4184ED010A2846E4F7B7FB9FEDC4
:10DEB000370AE4F79FFDE4F7AFFD00231A4644F26A
:10DEC000387184ED020A2846E4F7A8FBB0EE480A50
:10DED000E4F790FDE4F7A0FD00231A4644F639610B
:10DEE00084ED0D0A2846E4F799FBB0EE480AE4F702
:10DEF00081FDE4F791FD00231A4645F23A5184ED85
:10DF00000E0A2846E4F78AFBB0EE480AE4F772FDF1
:10DF1000E4F782FD00231A4643F2B81184ED0F0A9C
:10DF20002846E4F77BFBB0EE480AE4F763FDE4F72C
:10DF300073FD00231A4643F6B91184ED0A0A2846F8
:10DF4000E4F76CFBB0EE480AE4F754FDE4F764FD37
:10DF500000231A4644F2BA1184ED0B0A2846E4F76E
:10DF60005DFBB0EE480AE4F745FDE4F755FD2046B9
:10DF700084ED0C0AFFF70EFFBDEC028B204638BD86
:10DF8000AC8C030800007A43000000000000F84257
:10DF900038B50546C8680C1DA04214D0037C413B2F
:10DFA000112B0CD8DFE803F03E37302914090B0998
:10DFB0000B0B0B220B0B0B0B0B1B4369EB6306F0DC
:10DFC00025FE8442EAD12846FFF7E4FE012038BD51
:10DFD0004369AB6306F01AFE8442DFD1F3E743697D
:10DFE000AB6006F013FE8442D8D1ECE743696B6066
:10DFF00006F00CFE8442D1D1E5E743696B6306F07D
:10E0000005FE8442CAD1DEE743692B6306F0FEFDBC
:10E010008442C3D1D7E74369EB6206F0F7FD84423F
:10E02000BCD1D0E74369AB6206F0F0FD8442B5D1C4
:10E03000C9E700BF2DE9F0478F6886B04C230C1D5F
:10E040000D46064692468DF81330214677B13B4681
:10E050001A7C4B2A8ABF1946DB689B68002BF7D1D4
:10E060008C4203D00B7C4C2B40F2E6800DF1100962
:10E0700005ABB14ACDF800900DF113082846039383
:10E08000CDF81480F0F7D6FBAF6871684161522279
:10E09000039B8DF81320002F00F0688121463B7C04
:10E0A000512B8ABF3946FF68BF68002FF7D1A142C4
:10E0B00002D00B7C522B0DD90DF1130805AB0DF1DD
:10E0C00010099D4ACDF800902846CDF81480F0F74D
:10E0D000B1FB0146B3684B61BAF1000F07D1D6ED31
:10E0E0000A7AF5EE407AF1EE10FA00F0B280AA68F2
:10E0F00041238DF81330214672B11346187C402815
:10E100008ABF1946DB689B68002BF7D18C4203D08D
:10E110000B7C412B40F296800DF1100905AB864A2D
:10E12000CDF800900DF1130828460393CDF8148024
:10E13000F0F780FBAA68B76A47614221039B8DF81C
:10E140001310002A00F0148117462146137C412B3E
:10E150008ABF1146D2689268002AF7D18C4200F03B
:10E16000B9800B7C422B00F2B580F26A4A614323EE
:10E170003A468DF8133021463B7C422B8ABF394604
:10E18000FF68BF68002FF7D18C4200F0D7800B7C6E
:10E19000432B00F2D380306B4861442317468DF83F
:10E1A00013302146137C432B8ABF1146D2689268F4
:10E1B000002AF7D18C4200F0A6800B7C442B00F2A1
:10E1C000A280726B4A6145233A468DF8133021468E
:10E1D0003B7C442B8ABF3946FF68BF68002FF7D1CC
:10E1E0008C425ED00B7C452B5BD8B06B48614823DA
:10E1F0008DF813302146137C472B8ABF1146D26815
:10E200009268002AF7D18C4202D00B7C482B0DD9A2
:10E210000DF1130805AB0DF11009474ACDF8009038
:10E220002846CDF81480F0F705FB0146F36B4B61EF
:10E23000012006B0BDE8F08772684A6152238DF86C
:10E2400013302BE7B06A4861422317468DF813302C
:10E250007BE7D6ED0B7AF5EE407AF1EE10FA7FF41B
:10E2600046AFD6ED0C7AF5EE407AF1EE10FA7FF477
:10E270003EAFD6ED0D7AF5EE407AF1EE10FA7FF46E
:10E2800036AFD6ED0E7AF5EE407AF1EE10FA7FF465
:10E290002EAFD6ED0F7AF5EE407AF1EE10FAC7D038
:10E2A00025E70DF1130805AB0DF11009224ACDF851
:10E2B000009028460393CDF81480F0F7BBFAAA68C3
:10E2C000B76B47614821039B8DF81310002A91D149
:10E2D0002146A2E70DF1130805AB0DF11009164A0E
:10E2E000CDF8009028460393CDF81480F0F7A2FAF9
:10E2F000AF68F16A41614322039B8DF81320002F20
:10E3000038D03A4637E70DF1130805AB0DF1100987
:10E31000094ACDF8009028460393CDF81480F0F711
:10E3200089FAAF68716B41614522039B8DF8132018
:10E3300027B33A464BE700BFA08C03080DF1130842
:10E3400005AB0DF110090E4ACDF800902846039355
:10E35000CDF81480F0F76EFAAA68376B4761442154
:10E36000039B8DF813103AB117461AE72146A8E629
:10E370002146B4E72146E6E72146C9E7214695E76D
:10E38000A08C030891ED026AD0ED027AD0ED016A0B
:10E3900091ED007A67EE867AE6EE877AC2ED007A32
:10E3A00090ED026AD1ED027AD0ED016A91ED007A2A
:10E3B00067EEC67AE6EE877AC2ED017A4B68936023
:10E3C000704700BFD0ED017A91ED016AB6EE007A98
:10E3D000C7EE276AD1ED007A77EE867A67EEA67AE5
:10E3E000C2ED007AD0ED025AD1ED007A91ED016ACA
:10E3F000C7EE256A77EEC67A67EEA67AC2ED027A94
:10E400008B685360704700BF704700BF10B504466B
:10E41000E5F776FB204610BD38B5124B03600023AC
:10E4200004461A460D4608464EF2A831E4F7F6F8BF
:10E43000B7EE000AE4F7DEFAE4F7EEFA00231A4634
:10E440004FF6AA1184ED010A2846E4F7E7F8B0EE8A
:10E45000080AE4F7CFFAE4F7DFFA204684ED020A6F
:10E4600038BD00BFCC8C03088B68002B00F09F8068
:10E47000043130B41A460D46147C532C8ABF15461D
:10E48000D2689268002AF7D1A94203D02A7C542A84
:10E4900040F287800D461A46147C4F2C8ABF1546E1
:10E4A000D2689268002AF7D1A94202D02A7C502A69
:10E4B0007AD90D461A46147C572C8ABF1546D26865
:10E4C0009268002AF7D1A94202D02A7C582A65D93D
:10E4D0000D461A46147C582C8ABF1546D26892689D
:10E4E000002AF7D1A94204D02A7C592A43D9002B0B
:10E4F0003ED00D461A46147C402C8ABF1546D26881
:10E500009268002AF7D1A94204D02A7C412A35D941
:10E51000002B2DD00D461A46147C412C8ABF15467F
:10E52000D2689268002AF7D1A94203D02A7C422AF5
:10E5300027D9EBB10D461A46147C432C8ABF1546E9
:10E54000D2689268002AF7D1A94203D02A7C442AD3
:10E550001AD96BB10C461A7C442A8ABF1C46DB6868
:10E560009B68002BF7D18C4202D0237C452B10D91D
:10E57000012030BC70476A690261B8E76A6942618C
:10E58000C6E76A698261D4E76A69C261002BE1D19A
:10E59000EEE76369036230BC012070476A69C260BC
:10E5A00096E76A69426075E76A69826081E70120DF
:10E5B000704700BF704700BF30B591ED017AD0EDD4
:10E5C000040AD0ED067A90ED036A90ED010AD0EDD1
:10E5D000056A2DED068BD7EE270A83B00D4691ED27
:10E5E000008AD0ED029A38EE468AB4EE690AF1EE5E
:10E5F00010FA28EE268A20EEA07A144652D1A8EE10
:10E60000087A60EE007A77EEA77A37EE677AC7EE7F
:10E61000276AD0ED088AF4EEE68AF1EE10FA0AD401
:10E62000D0ED078AF1EE688AF4EEE68AF1EE10FA90
:10E63000D8BFF0EE668AF7EE007AE8EEE87AF5EEFB
:10E64000407AF1EE10FAB1EEE7AA3AD4A8EEA90AA0
:10E65000B0EE409AB0EE480A07F0B8FF6AEE290A19
:10E66000B0EE408AB0EE490A07F0B0FFF0EE680A5B
:10E67000F0EE407AB0EE4A0A38EE678A07F0A6FF5D
:10E68000DFED177A30EE480A28EE678A20EE270A77
:10E6900084ED008A84ED010AAB68A36003B0BDEC91
:10E6A000068B30BDF0EE477AE8EE087A60EE006A3D
:10E6B00077EEE67A36EEA66AE9EEE97AC7EE866A82
:10E6C000A7E7B0EE670A0190CDED000A08F056F812
:10E6D0000198DDED000A90ED010AD0ED029AB5E750
:10E6E000E02E654270B5D1ED006ADFED307A91ED34
:10E6F000017A2DED088B86EEA7BA044615460E4624
:10E70000C7EE27AAB0EE4B0A07F016FFF0EE409ACC
:10E71000B0EE6A0A07F010FF94ED029A94ED01AA98
:10E72000DFED238A20EE098AB0EE4B0A07F008FEDF
:10E73000A9EE8A8AF0EE409AB0EE6A0A07F000FE6F
:10E7400029EE009A94ED057AD4ED037AAAEE299A7F
:10E7500089EE070A30EE270A85ED000A94ED047A67
:10E76000D4ED067A38EE078A20EE280A88EE279A3A
:10E7700085ED019A07F0B0FEC0EE287A96ED028A88
:10E78000C5ED007A29EE280A07F0A6FEC0EE287A29
:10E7900028EE280AC5ED017A07F09EFEC0EE287A21
:10E7A000BDEC088BC5ED027A70BD00BFE02E65425E
:10E7B0008096184B10B50446E5F7A2F9204610BD27
:10E7C00038B5434B2DED028B9FED428A0360002349
:10E7D00004460D461A46084646F65641E3F71EFF24
:10E7E000B0EE480AE4F706F9E4F716F900231A46F2
:10E7F00047F2574184ED010A2846E3F70FFFB0EED8
:10E80000480AE4F7F7F8E4F707F900231A4641F657
:10E81000476184ED020A2846E3F700FF9FED2E0AC8
:10E820009FED2E8AE4F7E6F8E4F7F6F800231A469F
:10E8300041F6487184ED030A2846E3F7EFFE9FEDA9
:10E84000280AE4F7D7F8E4F7E7F800231A4647F672
:10E85000A16184ED040A2846E3F7E0FEB7EE000A62
:10E86000E4F7C8F8E4F7D8F800231A4647F6A2718F
:10E8700084ED050A2846E3F7D1FEB7EE000AE4F777
:10E88000B9F8E4F7C9F800231A464FF44D5184ED66
:10E89000060A2846E3F7C2FEB0EE480AE4F7AAF8F3
:10E8A000E4F7BAF800231A4642F6425184ED070A0B
:10E8B0002846E3F7B3FEB0EE480AE4F79BF8E4F726
:10E8C000ABF8BDEC028B204684ED080A38BD00BFD2
:10E8D000F08C0308000016430000C8423333733F36
:10E8E000000070C22DE9F0478A6884B054230C1DE3
:10E8F0000D4606468DF80B30214672B11346187C42
:10E9000053288ABF1946DB689B68002BF7D18C42DD
:10E9100003D00B7C542B40F2BE800DF10C0A0DF19C
:10E920000809B14ACDF8009053460DF10B0828466E
:10E93000CDF80C80EFF77EFFAA6871684161502323
:10E940008DF80B30002A00F0428117462146137CD7
:10E950004F2B8ABF1146D2689268002AF7D1A14294
:10E9600000F0BA800B7C502B00F2B680B2684A618E
:10E9700058233A468DF80B3021463B7C572B8ABFF3
:10E980003946FF68BF68002FF7D1A14200F08A80A6
:10E990000B7C582B00F28680F3684B61592013469C
:10E9A0008DF80B002146107C58288ABF1146D2688A
:10E9B0009268002AF7D1A14200F0F1800A7C592A1E
:10E9C00000F2ED8032694A6141201A468DF80B0051
:10E9D0002146187C40288ABF1946DB689B68002BBB
:10E9E000F7D1A14200F0C3800B7C412B00F2BF8025
:10E9F00073694B61422013468DF80B002146107C51
:10EA000041288ABF1146D2689268002AF7D1A142F4
:10EA100000F094800A7C422A00F29080B2694A6138
:10EA200044201A468DF80B002146187C43288ABFE3
:10EA30001946DB689B68002BF7D1A14265D00B7C9F
:10EA4000442B62D8F069486145238DF80B3021468C
:10EA5000137C442B8ABF1146D2689268002AF7D1F2
:10EA6000A14202D00B7C452B0FD90DF10B080DF103
:10EA70000C0A0DF108095C4ACDF80090534628466F
:10EA8000CDF80C80EFF7D6FE0146336A4B610120CA
:10EA900004B0BDE8F08770684861502317468DF8D0
:10EAA0000B3053E70DF10B080DF10C0A0DF10809BD
:10EAB0004D4ACDF8009053462846CDF80C80EFF72C
:10EAC000B9FEAA68F168416159238DF80B30002A1C
:10EAD00000F08380134665E70DF10B080DF10C0A79
:10EAE0000DF10809404ACDF8009053462846CDF86C
:10EAF0000C80EFF79FFEAF68B268426158238DF833
:10EB00000B30002F67D03A4636E70DF10B080DF1B8
:10EB10000C0A0DF10809344ACDF8009053462846F6
:10EB2000CDF80C80EFF786FEAA68F16941614523B4
:10EB30008DF80B30002A8AD121469CE70DF10B0895
:10EB40000DF10C0A0DF10809274ACDF80090534643
:10EB50002846CDF80C80EFF76DFEAB68B1694161D6
:10EB600044228DF80B20002B3BD01A465CE70DF1B8
:10EB70000B080DF10C0A0DF108091B4ACDF80090A5
:10EB800053462846CDF80C80EFF754FEAA68716909
:10EB9000416142238DF80B300AB313462EE70DF185
:10EBA0000B080DF10C0A0DF108090F4ACDF8009081
:10EBB00053462846CDF80C80EFF73CFEAB68316930
:10EBC000416141228DF80B201BB11A4600E7214616
:10EBD00088E72146D1E721466AE72146E5E7214655
:10EBE000B2E7214697E700BFE48C030891ED017A74
:10EBF000D1ED007A77EE877AC2ED007AD1ED007A16
:10EC000091ED017A77EEC77AC2ED017A8B68936055
:10EC1000704700BFD1ED017A91ED007A37EE277A87
:10EC2000F6EE006A27EE267A82ED007AD1ED007AC0
:10EC300091ED017A77EEC77A67EEA67AC2ED017A96
:10EC40008B689360704700BF704700BF10B50446E3
:10EC5000E4F756FF204610BD704700BF38B50546A3
:10EC6000C8680C1DA04224D0037C413B162B1CD845
:10EC7000DFE803F059524B443D1B1B362F1B1B1B77
:10EC80001B1B1B1B1B1B1B1B1B1B0C00D0ED057A2E
:10EC900095F82430F5EE407AF1EE10FA14BF012217
:10ECA000002262F3000385F8243005F0AFFF8442B0
:10ECB000DAD1D5ED057AD5ED076A95ED067A77EECE
:10ECC000E67A012077EEC77AF1EE677AC5ED087A29
:10ECD00038BD4369AB6105F099FF8442C4D1E8E7D0
:10ECE0004369EB6105F092FF8442BDD1E1E74369DE
:10ECF0006B6105F08BFF8442B6D1DAE743692B6183
:10ED000005F084FF8442AFD1D3E74369EB6005F09F
:10ED10007DFF8442A8D1CCE74369AB6005F076FF64
:10ED20008442A1D1C5E743696B6005F06FFF84425F
:10ED30009AD1BEE710B50446E4F7E2FE204610BDC6
:10ED400038B5494B0360002304460D461A46084671
:10ED500045F2D071E3F762FC9FED440AE3F74AFE07
:10ED6000E3F75AFE00231A4645F6D10184ED010A65
:10ED70002846E3F753FC9FED3E0AE3F73BFEE3F73B
:10ED80004BFE00231A464AF2437184ED020A2846DC
:10ED9000E3F744FC9FED370AE3F72CFEE3F73CFE74
:10EDA00000231A464AF6440184ED030A2846E3F795
:10EDB00035FC9FED310AE3F71DFEE3F72DFE00233E
:10EDC0001A4642F2CE1184ED040A2846E3F726FCE7
:10EDD0009FED2A0AE3F70EFEE3F71EFE00231A4614
:10EDE0004AF6452184ED050A2846E3F717FCB2EE02
:10EDF0000E0AE3F7FFFDE3F70FFE00231A4643F682
:10EE0000141184ED060A2846E3F708FC9FED1C0A5E
:10EE1000E3F7F0FDE3F700FE00231A4684ED070A4E
:10EE200028464CF25A01E3F7F9FB0121E3F7D6FD3E
:10EE3000E3F7BCFDD4ED057AD4ED076A94ED067ACC
:10EE400094F8243077EEE67A400077EEC77A00F047
:10EE5000030023F003030343F1EE677A84F82430C0
:10EE6000C4ED087A204638BD0C8E0308D1A20343B6
:10EE7000A8863E43000087430000B4429A5991435C
:10EE80000000F441DFED3F7AD0ED015A90ED047AB5
:10EE9000D0ED036A9FED3C6AE5EEE70A10B560EE3F
:10EEA000A07A2DED068BE0EE007A82B090ED028A1A
:10EEB000E1EE017A28EE068AE7EE077A78EE600A3C
:10EEC000E6EEE67A80EE819AE8EE487A31EE011AB3
:10EED00069EE099AC7EE818AB0EE470AA7EE290AC1
:10EEE000F0EE687AE8EE097A27EE007AA7EEE77A84
:10EEF000B5EEC07AF1EE10FA37D4B5EE407AB0EE46
:10EF000048AAF1EE10FAF1EEC77A0C46A8EEC9AAAB
:10EF10002ED4B7EE007A7AEE677A79EE879A87EE8A
:10EF2000A9AAE9EE0A8A38EE4A0AF1EE688A88EE62
:10EF3000800A07F0F3F80020DFED147A9FED146AE1
:10EF4000DFED146A20EE270AB4EECA8A80EE067A54
:10EF5000F1EE10FA58BFF0EE667A77EE277AC4ED3C
:10EF6000007A02B0BDEC068B10BD4FF0FF30F8E721
:10EF7000B0EE470ACDED017A07F000FCDDED017A35
:10EF8000C7E700BF3ACD933E3ACD93BE000034436D
:10EF9000DB0F4940000000002DE9F04104460D461A
:10EFA0002DED068B90F8240094ED081A95ED028A59
:10EFB000D1ED008A91ED019A38EE018A810784B083
:10EFC00044BFF1EE688AB1EE499A002301A9B0EE80
:10EFD000481AF0EE490AB0EE680A20461646019338
:10EFE00002930393FFF74EFF002800F0BC8001302E
:10EFF00066D0019B3360029A039B7260B36094F801
:10F000002430DB0757D56A4C286823685F6806F010
:10F0100069FC024638680B46D0F8088065493846D6
:10F02000C047236868685F6806F05CFC0246386881
:10F030000B46D0F8088060493846C0472368A86866
:10F040005D6806F04FFC024628680B4687685B49FE
:10F050002846B847236818EE100A5D6806F042FC9F
:10F06000024628680B46876855492846B8472368F2
:10F0700030685D6806F036FC024628680B468768F3
:10F0800050492846B847236870685D6806F02AFC36
:10F09000024628680B46876847492846B8472368D0
:10F0A000B0685C6806F01EFC024620680B46856866
:10F0B00042492046A84704B0BDEC068BBDE8F0816C
:10F0C000002333607360B36094F82430DA07F2D51C
:10F0D000374E3D493368586803689B6898473368E2
:10F0E00028685F6806F0FEFB024638680B46D0F8D9
:10F0F000088036493846C047336868685F6806F05C
:10F10000F1FB024638680B46D0F808803049384693
:10F11000C0473368A8685D6806F0E4FB02462868CB
:10F120000B4687682B492846B8473368206A5C68D5
:10F1300006F0D8FB024620680B4685682649204623
:10F14000A847336818EE100A5C6806F0CBFB02464D
:10F1500020680B46856821492046A84704B0BDECCD
:10F16000068BBDE8F081DFED1E9ABEEE000A29EEA7
:10F1700029AA68EEA99A29EE009A68EE808A79EEAB
:10F18000690A38EE8A0A02A9B0EE481A2046FFF74B
:10F1900079FE00287FF42BAF79EE290A38EECA0AEF
:10F1A00003A9B0EE481A2046FFF76CFE1FE700BF28
:10F1B0001C040020B08D0308C48D0308D08D030803
:10F1C000DC8D0308EC8D0308288D0308608D03088F
:10F1D000708D0308808D0308908D0308A08D0308AF
:10F1E000D7B35D3FF8B52DED0C8B9FED75DA90ED43
:10F1F000017A90ED02BADFED737A90ED04AADFEDAB
:10F2000072BA20EE0D9A3BEE47BAB0EE490A2BEEE9
:10F2100027BA60EE8D8A044621EE0DDA0F461646B7
:10F220001D4607F08DF82AEE00CAB0EE490A07F035
:10F2300083F9F0EE40AAB0EE680A07F081F86AEEB2
:10F24000009AB0EE680A07F077F9F0EE40CAB0EE27
:10F250004D0A07F075F86AEE008AB6EE008AEBEE0A
:10F26000088AEBEE089A68EE888AB0EE4D0A07F03D
:10F2700063F969EE889A68EEEB5AB1EE4A9A68EE45
:10F28000A87A69EE2AAAABEE08CA29EEABAA29EE43
:10F29000A97AE5EEA57A2AEEAA6A69EE2CCAAAEE48
:10F2A0000A7A29EE009AF0EE466AECEE0C6AE9EE74
:10F2B000097AACEEAC7A77EEE67A37EE667A6AEEE9
:10F2C00067BA7CEE288AE7EE25BA7CEE299A2AEE08
:10F2D00068BA39EE6A9AA9EEA5BA67EEE97A6BEEDA
:10F2E00088BAE8EE877A7CEEEA6A29EE0AAA29EE65
:10F2F000699AB0EE6B7AACEE0B7AA6EEE5AAA8EEB0
:10F30000A69A27EEC88AF0EE498AD4ED037A27EE52
:10F310000A9A28EE080A6AEE0A9AA7EEE76AA7EEAA
:10F32000070AA8EE889AE8EEA89A6BEE6A7A2BEEA6
:10F330000B7AA7EE8B9AA7EE060A79EE879AF1EE82
:10F34000007A69EEA77A39EE099A20EE670AA9EEEB
:10F35000090AB5EEC00AF1EE10FA2AD4B5EE400A59
:10F36000F1EE10FAF1EEC0AA26D400203AEE899A06
:10F37000FEEE00AA29EE2A9AC9EE297AA7EEA88AFB
:10F38000C5ED007AC8EE0B7AC7ED007AD5ED007AAC
:10F39000E7EE8ABACBEE8B7AC6ED007AD5ED007A2D
:10F3A00094ED087A77EEC77AC5ED007ABDEC0C8B48
:10F3B000F8BD4FF0FF30F9E707F0E0F9D5E700BFFF
:10F3C00035FA8E3C3ACD133FD7B3DD3F30B5054615
:10F3D00085B091ED021AD1ED010A91ED000A03AB5F
:10F3E000144601A902AAFFF7FDFE95F824309B07F9
:10F3F0000FD59DED017ADDED027A039BA360B1EE9E
:10F40000477AF1EE677A84ED007AC4ED017A05B0AF
:10F4100030BD0199029A039B21606260A36005B030
:10F4200030BD00BF2DE9F0438A6887B041230C1D31
:10F430000D4606468DF81330214672B11346187CEE
:10F4400040288ABF1946DB689B68002BF7D18C42A5
:10F4500003D00B7C412B40F2A4800DF1100905ABC9
:10F46000964ACDF800900DF1130828460393CDF885
:10F470001480EFF7DFF9AA68776847614221039BA0
:10F480008DF81310002A00F00E8117462146137CD8
:10F49000412B8ABF1146D2689268002AF7D1A14257
:10F4A00000F0E9800B7C422B00F2E580B2684A61F3
:10F4B00043233A468DF8133021463B7C422B8ABFCA
:10F4C0003946FF68BF68002FF7D1A14200F0BB802A
:10F4D0000B7C432B00F2B780F06848614423174649
:10F4E0008DF813302146137C432B8ABF1146D26816
:10F4F0009268002AF7D1A14200F08C800B7C442B4B
:10F5000000F2888032694A6145233A468DF813300B
:10F5100021463B7C442B8ABF3946FF68BF68002FD9
:10F52000F7D1A1425DD00B7C452B5AD87069486158
:10F53000492317468DF813302146137C482B8ABF88
:10F540001146D2689268002AF7D1A14230D00B7CD4
:10F55000492B2DD8B2694A6148238DF813302146D2
:10F560003B7C472B8ABF3946FF68BF68002FF7D125
:10F57000A14202D00B7C482B0DD90DF1130805AB2D
:10F580000DF110094D4ACDF800902846CDF81480B1
:10F59000EFF750F90146F3694B61012007B0BDE870
:10F5A000F08370684861422317468DF813306DE789
:10F5B0000DF1130805AB0DF11009404ACDF800908C
:10F5C00028460393CDF81480EFF734F9AF68B1699A
:10F5D00041614822039B8DF81320002FBFD12146A3
:10F5E000D0E70DF1130805AB0DF11009334ACDF842
:10F5F000009028460393CDF81480EFF71BF9AA6812
:10F60000776947614921039B8DF81310002A52D076
:10F61000174691E70DF1130805AB0DF11009274AC4
:10F62000CDF8009028460393CDF81480EFF702F947
:10F63000AF68316941614522039B8DF81320002F8B
:10F6400037D03A4664E70DF1130805AB0DF1100908
:10F650001A4ACDF8009028460393CDF81480EFF7AE
:10F66000E9F8AA68F76847614421039B8DF81310F5
:10F67000EAB1174636E70DF1130805AB0DF1100995
:10F680000E4ACDF8009028460393CDF81480EFF78A
:10F69000D1F8AF68B16841614322039B8DF8132014
:10F6A0001FB13A4608E72146EAE72146D0E721465E
:10F6B000B5E721469AE721467FE700BF008E0308A1
:10F6C0000B6813604B6853608B689360704700BF92
:10F6D0000B6813604B6853608B689360704700BF82
:10F6E000704700BF10B50446E4F70AFA204610BD83
:10F6F000D0ED016A91ED017AD0ED027A91ED006AC8
:10F7000027EE667AA7EE867A82ED007A91ED016A9D
:10F7100091ED007A67EE867AE6EE877AC2ED017A9D
:10F720008B689360704700BFD0ED016A91ED017A5C
:10F73000D0ED027A91ED006A26EE877AA7EE867AFE
:10F7400082ED007A91ED016A91ED007A67EE867A9A
:10F75000E6EEC77AC2ED017A8B689360704700BF0E
:10F76000704700BF10B50446E4F7CAF9204610BD43
:10F7700010B51B4B2DED028B036000231A46044687
:10F78000084649F67051E2F749FF9FED160AE3F784
:10F7900031F9E3F741F910EE100A06F0A3F80EA3D1
:10F7A000D3E9002306F0F6F806F0AEFB00EE100AEF
:10F7B00008EE100A06F0C0FEF0EE407AC4ED017AC1
:10F7C000B0EE480A06F0BCFDBDEC028B204684ED8D
:10F7D000020A10BDAFF30080399D52A246DF913F6F
:10F7E0004C8E030800000000806A830754BFC0F3FA
:10F7F00080000220704700BFF8B58B6800270446E0
:10F800001646876033B10D4602229847D5E9023289
:10F81000C4E9023294F8373084F8396023F01803D1
:10F820003221002284F83730216122632046F8BD5E
:10F83000F0B5456A8BB0044600690F4606F030F813
:10F840000246384616460F4606F02AF802460B4690
:10F850003046394606F09EF8454B002206F09AF8ED
:10F860003FA3D3E9002306460F4606F0BDF9414BFE
:10F87000002205F0D7FE06F027FBC3B20F2B25F0C0
:10F8800040050FD96562206A94F8372020F01F00E8
:10F890001F2B94BF034340F01F032362D30613D4EE
:10F8A0000BB0F0BD45F040052FA3D3E900236562FE
:10F8B0003046394606F098F92E4B002205F0B2FE8C
:10F8C00006F002FBC3B2DEE7636AA2688DF80A3075
:10F8D000190C02A81B0A03258DF8081003A9CDE90D
:10F8E00008508DF809300791002A35D0E66807AB3B
:10F8F00008AA09A92046B0479DF80D309DF80C6074
:10F900009DF80E00226AA16805951B0243EA064392
:10F9100003431B11160C150A01A8A3628DF80220DF
:10F920008DF800608DF80150CDF818D0049099B191
:10F9300004AB05AA06A9E5682046A8479DF805304E
:10F940009DF804109DF806201B0243EA014313436F
:10F950001B11A3620BB0F0BD05F0D5FAAFF3008028
:10F9600000000000C0EB12410000000040240441F0
:10F97000000040400000E03F30B5046A01F306019A
:10F9800024F4BF3387B0054601F07F0123F4807370
:10F990000AB143F4803395F8372043EA0123D206B5
:10F9A0002B6201D407B030BD190CAA688DF806305F
:10F9B00001AC1B0A03208DF8041002A9CDE9040450
:10F9C0008DF8053003919AB103AB04AA05A9EC6840
:10F9D0002846A0479DF809309DF808109DF80A2098
:10F9E0001B0243EA014313431B11AB6207B030BD56
:10F9F00005F089FA30B5FF2987B004460EDD4FF4D3
:10FA00008073C362002061692F4B94F837200B404C
:10FA10000343D20663610FD407B030BD7F2903DDF5
:10FA20008023C3620120EEE73F292ADC1F292CDD59
:10FA30002023C3620320E6E7190CA2688DF8063084
:10FA400001AD1B0A03208DF8041002A9CDE90405BD
:10FA50008DF805300391002A33D003AB04AA05A921
:10FA6000E5682046A8479DF809309DF808109DF8E4
:10FA70000A201B0243EA014313431B11A36207B090
:10FA800030BD4023C3620220BDE70F2905DC0729F2
:10FA900007DD0823C3620520B5E71023C3620420F5
:10FAA000B1E7032903DD0423C3620620ABE7012984
:10FAB00003DD0223C3620720A5E70123C3620820F8
:10FAC000A1E705F020FA00BFF0FF0F00C06A704701
:10FAD00030B5436987B0044641B194F8372043F408
:10FAE0000073D206636108D407B030BD94F83720A4
:10FAF00023F40073D2066361F6D5190CA2688DF861
:10FB0000063001AD1B0A03208DF8041002A9CDE9CF
:10FB100004058DF8053003919AB103AB04AA05A939
:10FB2000E5682046A8479DF809309DF808109DF823
:10FB30000A201B0243EA014313431B11A36207B0CF
:10FB400030BD05F0E0F900BF30B5436987B0044629
:10FB500041B194F8372043F48073D206636108D42E
:10FB600007B030BD94F8372023F48073D206636168
:10FB7000F6D5190CA2688DF8063001AD1B0A0320DA
:10FB80008DF8041002A9CDE904058DF80530039124
:10FB90009AB103AB04AA05A9E5682046A8479DF8D9
:10FBA00009309DF808109DF80A201B0243EA014322
:10FBB00013431B11A36207B030BD05F0A4F900BFC9
:10FBC000F0B50F29A8BF0F2190F83540022987B062
:10FBD0000546B8BF022161F30404352A9DF93000BF
:10FBE0009DF8346085F8354004DC232A5CDD4FF451
:10FBF000803C01E04FF4C03C0C2883F30403A8BF11
:10FC00000C200746DC0218016FF0020E00F07000B5
:10FC100085F8342004F480423B46774542EA0002EE
:10FC2000274FA869B8BF734603330740D8B242EAEA
:10FC3000070343EAC0130B4343EA0C0346B143F402
:10FC40008043AB6195F83730DB0608D407B0F0BDD0
:10FC500043F4A043AB6195F83730DB06F6D5AB69CA
:10FC6000AA688DF80630190C01AC1B0A03208DF828
:10FC7000041002A9CDE904048DF805300391E2B126
:10FC800003AB04AA05A9EC682846A0479DF80930F3
:10FC90009DF808109DF80A201B0243EA0143134314
:10FCA0001B11AB6207B0F0BD172AD4BF4FF0000C98
:10FCB0004FF0010C4FEACC3C9EE705F024F900BF61
:10FCC0000060FEFFF0B57E4B1D68ABB004460A46EF
:10FCD00048F2FD33686946F28431E2F79FFC322135
:10FCE000E2F77CFEE2F798FE4FF42025754BA26800
:10FCF00063624FF400204FF44021BCEEC00A0023A1
:10FD0000A061E5610AA8032521620BA9CDE91F5076
:10FD100084ED040A6361ADF828308DF82A301E9115
:10FD2000002A00F05381E6681EAB1FAA20A92046D6
:10FD3000B0479DF82D309DF82C609DF82E00A169EC
:10FD4000A2681C951B0243EA064303431B110F0CD8
:10FD50000E0A08A8A36209AB8DF822108DF8207056
:10FD60008DF821601D901B93002A00F02F81E6681A
:10FD70001BAB1CAA1DA92046B0479DF825309DF855
:10FD800024609DF82600E169A26819951B0243EAE8
:10FD9000064303431B110F0C0E0A06A8A36207AB10
:10FDA0008DF81A108DF818708DF819601A90189344
:10FDB000002A00F00B81E66818AB19AA1AA92046A0
:10FDC000B0479DF81D309DF81C609DF81E00216A0B
:10FDD000A26816951B0243EA064303431B110F0C4E
:10FDE0000E0A04A8A36205AB8DF812108DF81070EE
:10FDF0008DF8116017901593002A00F0E780E668EF
:10FE000015AB16AA17A92046B0479DF815309DF8E6
:10FE100014609DF81600616AA26813951B0243EAFC
:10FE2000064303431B110F0C0E0A02A8A36203AB87
:10FE30008DF80A108DF808708DF8096014901293EF
:10FE4000002A00F0C38012AB13AA14A9E66820466A
:10FE5000B0479DF80D309DF80C009DF80E1094F8F9
:10FE600037201B0243EA00430B431B1142F01002F0
:10FE700001200C21A36284F837200D23CDE9001066
:10FE8000362220460721FFF79BFEA36994F837200E
:10FE900023F00F03D006A36118D462690A4B134004
:10FEA00043F0030320226361E262236A23F4BF3339
:10FEB00023F4807343F4853323622BB0F0BD00BF7D
:10FEC0001C04002010000E00F0FF0F00190CA268A7
:10FED0008DF832300CA81B0A8DF830100DA9229530
:10FEE0008DF8313023902191002A6FD0E66821AB44
:10FEF00022AA23A92046B0479DF835209DF83470EA
:10FF000061699DF83660324B94F83700120242EA7C
:10FF100007420B4032432021121143F00303E162F8
:10FF2000C106A2626361C0D5A2688DF83A301E0C8A
:10FF30000EA81B0A0FA925958DF838608DF8393069
:10FF400026902491002A41D0E56824AB25AA26A951
:10FF50002046A8479DF83D209DF83C50236A9DF817
:10FF60003E0094F83710120242EA054223F4BF33F0
:10FF70000243121123F4807343F48533A262CA064C
:10FF800023629AD5190CA2688DF8423010AD1B0A75
:10FF900003208DF8401011A9CDE928058DF84130D6
:10FFA00027919AB127AB28AA29A9E5682046A84736
:10FFB0009DF845309DF844109DF846201B0243EA09
:10FFC000014313431B11A3622BB0F0BD04F09BFF50
:10FFD000F0FF0F00F0B50F2987B0A8BF0F2102294D
:10FFE0000446B8BF02219DF930009DF934C084F861
:10FFF000342003F00F060D0245EA064500F00F0617
:020000040802F0
:1000000045EA06550CF0070645EA0665334F666B70
:10001000DFF8D0E02F4006EA0E0E47EA0E07352A39
:10002000676304DC232A2DDD4FF4803601E04FF4B2
:10003000C0360C28A8BF0C20082B0546A8BF0823F3
:10004000A769274A6FF0020E184675458CF3020324
:10005000B8BF75463A400128B8BF012042EAC32222
:10006000033542EA01030138EDB2C2B243EAC513D7
:1000700043EA021394F837203343D206A36107D42E
:1000800007B0F0BD172AD4BF00220122D603D0E763
:10009000190CA2688DF8063001AD1B0A03208DF8FB
:1000A000041002A9CDE904058DF8053003919AB139
:1000B00003AB04AA05A9E5682046A8479DF80930C6
:1000C0009DF808109DF80A201B0243EA01431343E0
:1000D0001B11A36207B0F0BD04F015FF001FFF075E
:1000E0000020FEFFFFE000F830B5836987B00446CA
:1000F00041B194F8372043F40053D206A36108D4E9
:1001000007B030BD94F8372023F40053D206A36122
:10011000F6D5190CA2688DF8063001AD1B0A032034
:100120008DF8041002A9CDE904058DF8053003917E
:100130009AB103AB04AA05A9E5682046A8479DF833
:1001400009309DF808109DF80A201B0243EA01437C
:1001500013431B11A36207B030BD04F0D4FE00BFEF
:10016000F0B587B0B1F5F07F9DF830609DF8347040
:1001700090F8375028BF4FF4F071B2F5F07F28BFE8
:100180004FF4F072032B28BF0323032E28BF03264E
:10019000012F4FEA511128BF012715F0080F80F8F1
:1001A000381008BF002141EAC73141EA46315209FF
:1001B00041EA431343EA022343F42023EA06C361DE
:1001C00001D407B0F0BD8DF8063082681B0A0A26FC
:1001D00001AD8DF80530032102ABCDE904150446CD
:1001E0008DF80460039392B103AB04AA05A9C56816
:1001F000A8479DF809309DF808109DF80A201B02B9
:1002000043EA014313431B11A36207B0F0BD04F09E
:100210007AFE00BF30B5C36923F00F0387B00446F0
:10022000C36119B190F838201343C36194F8373093
:1002300061F3C30384F83730DB0601D407B030BD67
:10024000E369A2688DF80630190C01AD1B0A032082
:100250008DF8041002A9CDE904058DF8053003914D
:100260009AB103AB04AA05A9E5682046A8479DF802
:1002700009309DF808109DF80A201B0243EA01434B
:1002800013431B11A36207B030BD04F03CFE00BF56
:1002900030B5836923F00F0387B00446836131B121
:1002A00090F8352042F3040252B21343836194F86C
:1002B0003730DB0601D407B030BDA369A2688DF8E2
:1002C0000630190C01AD1B0A03208DF8041002A999
:1002D000CDE904058DF8053003919AB103AB04AA6A
:1002E00005A9E5682046A8479DF809309DF8081043
:1002F0009DF80A201B0243EA014313431B11A3622A
:1003000007B030BD04F0FFFD30B5426A01298BB063
:10031000044622F030034FD0032908BF43F02003E6
:1003200043629A4224D1190CA2688DF80A3002ADBA
:100330001B0A03208DF8081003A9CDE908058DF8E4
:1003400009300791002A3BD007AB08AA09A9E56844
:100350002046A8479DF80D309DF80C109DF80E2002
:100360001B0243EA014313431B11A3620BB030BDD0
:10037000190CA2688DF8023003201B0A8DF80010BA
:1003800001A9CDE904108DF80130CDF818D0BAB12B
:1003900004AB05AA06A9E5682046A8479DF80520F4
:1003A0009DF804009DF80610636A120242EA0042BA
:1003B0000A431211A262B6E743F010034362B0E7AA
:1003C00004F0A1FD10B590F83730DB06044620D4C8
:1003D0009FED197A636A9FED196ADFED197AD4ED02
:1003E000046A9FED180A13F0400F08BFF0EE467A3A
:1003F00067EE877AF8EE666A87EEA67A27EE007ACD
:1004000027EE000A06F068F8FCEEC07A17EE900AB4
:1004100010BD0321FFF778FFA36A9FED077AC3F3AE
:10042000842307EE903AF8EE677AF7EE006A77EEEB
:10043000A67A27EE877ACDE70000003D52B89E3EAF
:10044000C3F5283E00007A4438B504460D46002125
:10045000FFF75AFF94F83730226BC3F30011DB0625
:1004600065D52046FFF7C0F9C00760D5D10764D431
:100470002B6894F8392063499B6828469847226B7B
:1004800094F8371042F00102C1F3001122630029F1
:1004900056D122F002032363002000296ED123F0FD
:1004A00004032363002900F08380A26AD1067ED56D
:1004B000180700F197802B6853499B6894F83920FE
:1004C00028469847236B94F8371043F00803C1F38C
:1004D000001123630120002971D0A26A91066DD515
:1004E000D80600F184802B6848499B6894F839202D
:1004F00028469847236B94F8371043F01003C1F354
:1005000000112363012000295ED0A26A51065BD549
:100510009A0607D42B6894F839209B683C492846F2
:100520009847236B43F020032363012038BD22F05A
:10053000010222630029ACD002E042F001022263F2
:100540002046FFF751F9830756D5900712D42B6840
:1005500030499B6894F8392028469847236B94F8D3
:10056000371043F00203C1F3001123630120002977
:1005700095D003E042F0020323630120A26A110731
:1005800026D5580729D42B6823499B6894F839202D
:1005900028469847236B94F8371043F00403C1F3BF
:1005A00000112363012000297FF47FAF00E00121C7
:1005B00023F00803236300298FD100E0012123F0F9
:1005C000100323630029A0D123F02003236338BD47
:1005D00023F004030121236364E743F0040323634E
:1005E000012063E743F008032363012076E743F02B
:1005F00010032363012089E722F002030121236312
:1006000000204AE7648E0308E48E0308108F030875
:10061000408F0308908E0308B88E03080000000086
:100620002DE9F04F0C4687B00546002A00F0E48023
:100630000B6890F839209B685D4920469847214611
:100640002846FFF701FF95F83730AA6ADF0613D571
:10065000D60709D5236857499B682046984795F8DF
:100660003730AA6AD80607D5110605D5236852493E
:100670009B6820469847AA6A236850499B68920A5B
:100680002046984795F83730DA0640F1F481012189
:100690002846FFF739FEAA6A920A236848499B68F0
:1006A00020469847286A236800F01F009B6804933F
:1006B00005F0F6F8824628698B4605F0F1F86B6A7A
:1006C0005B0606460F4600F1BF810FF2DC09D9E94F
:1006D00000893C4B50465946002204F0A5FF3A4B96
:1006E000002205F057F942464B4605F053F93246D1
:1006F0003B4605F079FA354B002205F04BF9334BB8
:10070000002205F047F905F0DFFB3149049B024662
:1007100020469847236828469E68FFF753FE2D49D8
:1007200002462046B0472368EA6A9B682A49204669
:100730009847236829499B68204698476B69226837
:100740002749966820461A46B047AB692268254972
:10075000966820461A46B047EB6922682249966897
:1007600020461A46B0472B6A2268204996682046E0
:100770001A46B0476B6A22681D49966820461A4699
:10078000B047D5E908102368EA690092CDE9011065
:1007900018499E682046D5E90523B04707B0BDE853
:1007A000F08F00BFAFF30080000000400AD7D33FB6
:1007B000708F0308948F0308B88F0308D88F03083D
:1007C000F88F03080000F03F0000A03F00408F407A
:1007D00010900308289003084090030854900308E1
:1007E000649003088C900308B4900308D890030821
:1007F0000491030830910308A74E3368DB689B68B7
:100800001B6893F839209707C2F3400140F1258116
:1008100090F837202168D2068F6840F12F8101219E
:10082000FFF772FD3368AA6ADB689B681B68920A4F
:10083000DB6A059228460493FFF7C4FD049B0090F1
:10084000059A96492046B84732682368D2689B6863
:1008500092689349126892F8392012F0010F14BF80
:100860004FF0FF32012220469847286A236800F0A3
:100870001F009B68049305F013F8824628698B4695
:1008800005F00EF86B6A5E068046894600F1E1804D
:100890007DA7D7E90067834B00225046594604F0F4
:1008A000C3FE814B002205F075F832463B4605F049
:1008B00071F842464B4605F097F97C4B002205F053
:1008C00069F80022794B05F065F8EB6A059305F0AD
:1008D000FBFA059B7649049E02462046B0472B6AE8
:1008E0002268744996685804C3F3062248BF62F030
:1008F0003F0243F300432046B04795F8373013F0EA
:10090000080F236814BF6C496C499B6820469847C0
:10091000EB69206895F838206949C3F3C036029620
:10092000C3F34137C3F34116CDE90067DB0886689E
:1009300003F4F07352012046B04795F83730D906DA
:100940005FD5AB6A9A065AD523685E499B682046F4
:10095000984795F83730DE065CD423685A499B687F
:100960002046984795F83730DA065FD52846FEF7D7
:100970003BFF00285AD0236801280CBF5349544933
:100980009B6820469847AB6913F00F0F23680CBF94
:10099000504951499B6820469847AA6923684F49A6
:1009A0009B68C2F380322046984795F8352021682D
:1009B00095F934308E684A4942F3040252B2204617
:1009C000B047AB695B0412D495F8373095F8362000
:1009D0002068444943F302035BB2009342F30313DC
:1009E00042F3030285685BB252B22046A8472368EF
:1009F0003D499B68204607B0BDE8F04F18471F07E8
:100A000033D4236839499B682046984795F8373096
:100A1000DE06A2D5AB6A58060ED5236834499B681A
:100A20002046984795F83730DA069FD42368314935
:100A30009B6820469847A6E7D9068ED523682E499D
:100A40009B68204698478DE70FF24409D9E9008951
:100A50003FE60FA7D7E900671DE7FFF755FC2368BE
:100A600026499B6820469847EEE6236824499B6800
:100A700020469847CAE74FF0FF320EE64FF0FF32AC
:100A8000D6E600BFAFF30080000000400AD7D33F96
:100A900000000060B81EC53F1C04002070910308D0
:100AA000889103080000F03F0000A03F00408F4005
:100AB000909103089C910308A8910308B091030842
:100AC000B8910308D4910308E8910308F091030852
:100AD000F4910308F8910308FC91030800920308BD
:100AE0000892030814920308687E0308DC91030847
:100AF000E0910308EC910308E49103088491030852
:100B0000D8910308024B1B685968FFF79DBC00BFD2
:100B10001C040020F0B5052A9BB00E4605460DD8F2
:100B2000002A00F0F180941E0968032C00F20F8166
:100B3000DFE814F0D800E100C600CF00FF2A40F043
:100B4000E38043698DF82630190C82688DF82410F3
:100B50001B0A09A98DF8253003240AABCDE9173407
:100B60001991002A00F0F180C76817AB18AA19A9DB
:100B7000B8479DF829309DF828709DF82A00A9698A
:100B8000AA6815941B0243EA074303431B114FEA6B
:100B9000114C0F0A07A8AB6208AB8DF81E108DF838
:100BA0001CC08DF81D7016901493002A00F0CD80A3
:100BB000EF6814AB15AA16A92846B8479DF821304E
:100BC0009DF820709DF82200E969AA6812941B0222
:100BD00043EA074303431B114FEA114C0F0A05A8D0
:100BE000AB6206AB8DF816108DF814C08DF8157039
:100BF00013901193002A00F0A880EF6811AB12AA9D
:100C000013A92846B8479DF819309DF818709DF82B
:100C10001A00296AAA680F941B0243EA0743034398
:100C20001B114FEA114C0F0A03A8AB6204AB8DF8FD
:100C30000E108DF80CC08DF80D7010900E93002AD8
:100C400000F08380EF680EAB0FAA10A92846B847C2
:100C50009DF811309DF810709DF81200696AAA681D
:100C60000C941B0243EA074303431B114FEA114C48
:100C70000F0A01AC02A8AB628DF806108DF804C013
:100C80008DF805700D940B90002A5ED0EC680BABCC
:100C90000CAA0DA92846A0479DF809309DF80840E8
:100CA0009DF80A0032682E4992681B0243EA044309
:100CB00003431B11AB623046904701201BB0F0BDCF
:100CC00003621A4630468B682649984701201BB0BC
:100CD000F0BD43621A4630468B682349984701208D
:100CE0001BB0F0BD83611A4630468B681F49984798
:100CF00001201BB0F0BDC3611A4630468B681C4909
:100D0000984701201BB0F0BD33681A499B683046F4
:100D10009847336818499B683046984733681749A5
:100D20009B6830469847336815499B68304698471A
:100D3000336814499B6830469847336812499B686A
:100D40003046984700201BB0F0BD04F0DCF843614A
:100D50001A4630468B680D4998470120B7E700BF17
:100D600024920308AC920308D89203086092030807
:100D70008892030804930308209303083C93030814
:100D800054930308789303089C930308389203084C
:100D90008B68002B00F07D83F0B50D1D074683B0F6
:100DA0000E461A462846117C4E298ABF1046D26844
:100DB0009268002AF7D1854202D0027C4F2A10D9CE
:100DC00018462946027C502A8ABF0146C0688068BE
:100DD0000028F7D18D4200F05A830A7C512A00F294
:100DE000568328461A46117C4E298ABF1046D2687F
:100DF0009268002AF7D1854200F0E581027C4F2AF3
:100E000000F2E18128461A46117C4E298ABF10461D
:100E1000D2689268002AF7D1A84200F03E83027C93
:100E20004F2A00F23A8390F914102C461A46107C8F
:100E300050288ABF1446D2689268002AF7D1A5428A
:100E400000F0BD81227C512A00F2B98128461A7C2B
:100E5000502A8ABF1846DB689B68002BF7D1854271
:100E600000F01B83037C512B00F2178390F91420B0
:100E70003846FEF781FDB368002B00F00C831C465A
:100E8000012029461A7C472A8ABF1946DB689B68DD
:100E9000002BF7D18D4200F090810B7C482B00F2A3
:100EA0008C81294623461A7C482A8ABF1946DB686A
:100EB0009B68002BF7D18D4200F07F810B7C492B82
:100EC00000F27B81294623461A7C492A8ABF1946AB
:100ED000DB689B68002BF7D18D4200F06E810B7CA4
:100EE0004A2B00F26A81294623461A7C4A2A8ABF85
:100EF0001946DB689B68002BF7D18D4200F05D81BD
:100F00000B7C4B2B00F25981294623461A7C4B2A35
:100F10008ABF1946DB689B68002BF7D18D4200F031
:100F20004C810B7C4C2B00F24881294623461A7CCD
:100F3000472A8ABF1946DB689B68002BF7D18D4290
:100F400000F0AB820B7C482B00F2A782496928464F
:100F500023461A7C482A8ABF1846DB689B68002B08
:100F6000F7D1854200F09982037C492B00F29582EB
:100F70004269AC462346187C49288ABF9C46DB68F8
:100F80009B68002BF7D1654500F087829CF81030F4
:100F90004A2B00F282829CF81430AE46204690F82C
:100FA00010C0BCF14A0F8ABF8646C068806800281E
:100FB000F5D1754500F071829EF810004B2800F2C3
:100FC0006C829EF814E0AC46207C4B288ABFA44675
:100FD000E468A468002CF7D1654500F05E829CF8B7
:100FE00010004C2800F259829CF81400CDE900E072
:100FF0003846FFF7B5F8B468002C00F04C8226465E
:1010000001202A46237C522B8ABF2246E468A4682A
:10101000002CF7D1954200F0CE80137C532B00F2C8
:10102000CA80294633461A7C522A8ABF1946DB6891
:101030009B68002BF7D18D4200F02F820B7C532B45
:1010400000F22B824B69002B40F0C68029463346C4
:101050001A7C542A8ABF1946DB689B68002BF7D19B
:101060008D4200F0A8800B7C552B00F2A48029460D
:1010700033461A7C552A8ABF1946DB689B68002BC9
:10108000F7D18D4200F097800B7C562B00F29380B5
:10109000294633461A7C562A8ABF1946DB689B6864
:1010A000002BF7D18D4200F086800B7C572B00F28D
:1010B0008280294633461A7C572A8ABF1946DB6844
:1010C0009B68002BF7D18D4275D00B7C582B72D8C2
:1010D000294633461A7C582A8ABF1946DB689B6822
:1010E000002BF7D18D4266D00B7C592B63D8294653
:1010F00033461A7C542A8ABF1946DB689B68002B4A
:10110000F7D18D4200F0C9810B7C552B00F2C581CF
:1011100091F91410284633461A7C552A8ABF18467E
:10112000DB689B68002BF7D1854200F0B681037C19
:10113000562B00F2B28190F914202C463346187CCD
:1011400056288ABF1C46DB689B68002BF7D1A54256
:1011500000F0A381237C572B00F29F8194F9143077
:10116000AC463046047C572C8ABF8446C0688068F1
:101170000028F7D1654500F090819CF810005828B0
:1011800000F28B819CF914C02C46307C58288ABF11
:101190003446F668B668002EF7D1A54200F07D818E
:1011A000207C592800F27981207DCDE900C03846A5
:1011B000FEF706FD012003B0F0BD264621E77A8C3C
:1011C00042F3000254E63A6AC2F3062152047FF564
:1011D0002CAE61F03F0128E6012B40F0B18029469A
:1011E00033461A7C542A8ABF1946DB689B68002B59
:1011F000F7D18D42DFD00B7C552BDCD82946334606
:101200001A7C552A8ABF1946DB689B68002BF7D1E8
:101210008D42D0D00B7C562BCDD8294633461A7C34
:10122000562A8ABF1946DB689B68002BF7D18D428E
:10123000C1D00B7C572BBED8294633461A7C572A7F
:101240008ABF1946DB689B68002BF7D18D42B2D06C
:101250000B7C582BAFD8294633461A7C582A8ABFB4
:101260001946DB689B68002BF7D18D42A3D00B7C1D
:10127000592BA0D8294633461A7C542A8ABF1946CE
:10128000DB689B68002BF7D18D4200F006810B7C58
:10129000552B00F2028191F91410284633461A7C2E
:1012A000552A8ABF1846DB689B68002BF7D1854218
:1012B00000F0F380037C562B00F2EF8090F91420AD
:1012C0002C463346187C56288ABF1C46DB689B6830
:1012D000002BF7D1A54200F0E080237C572B00F2D1
:1012E000DC8094F91430AC463046047C572C8ABF1D
:1012F0008446C06880680028F7D1654500F0CD803D
:101300009CF81000582800F2C8809CF914C02C46A4
:10131000307C58288ABF3446F668B668002EF7D16C
:10132000A54200F0BA80207C592800F2B68094F9DA
:101330001400CDE900C03846FEF74CFE01203AE724
:10134000022B32D0032B56D0042B7AD0052B7FF4FE
:1013500032AF294633461A7C592A8ABF1946DB68C0
:101360009B68002BF7D18D423FF425AF0B7C5A2BA5
:101370003FF621AF2A46337C592B8ABF3246F668A6
:10138000B668002EF7D1954200F08780137C5A2B67
:1013900000F283805169A1F10101B1FA81F138466F
:1013A0004909FEF737FF012005E7294633461A7C35
:1013B000592A8ABF1946DB689B68002BF7D18D42FA
:1013C0003FF4F9AE0B7C5A2B3FF6F5AE2A46337C40
:1013D000592B8ABF3246F668B668002EF7D195427F
:1013E0005BD0137C5A2B58D8384692F91410FEF76C
:1013F0007BFE0120DFE6294633461A7C592A8ABF44
:101400001946DB689B68002BF7D18D423FF4D3AEC1
:101410000B7C5A2B3FF6CFAE2A46337C592B8ABF22
:101420003246F668B668002EF7D1954235D0137C67
:101430005A2B32D8384692F91410FEF785FB01205A
:10144000B9E6294633461A7C592A8ABF1946DB6811
:101450009B68002BF7D18D423FF4ADAE0B7C5A2B2D
:101460003FF6A9AE2A46337C592B8ABF3246F6682E
:10147000B668002EF7D195420FD0137C5A2B0CD8AA
:10148000384692F91410FEF723FB012093E61C4620
:10149000F7E41846704701208DE6014803F014FD7B
:1014A000B893030870B58B68044600201646A06107
:1014B00043B10D46022204F110009847D5E90232EB
:1014C000C4E906321423054984F82960002284F80F
:1014D000283021626262204670BD00BFCDCC4C3DF9
:1014E00030B587B083698DF8041001AD022402A9DC
:1014F000CDE903548DF8052005916BB1C46905ABA6
:1015000004AA03A91030A0479DF808009DF80930EF
:1015100043EA002007B030BD03F0F5FC07EE901A57
:101520009FED527ADFED524AD0ED086ADFED515A55
:10153000F8EE677A10B587EE876A90F8283082B0A7
:10154000044607EE903AF8EEE77AB0EE065A67EEF8
:10155000A47A67EEA67A67EE867A87EE857AB4EE8D
:10156000E57AF1EE10FA11DC1FE007EE903AF8EEA2
:10157000E77A67EEA47A67EEA67A67EE867A87EE58
:10158000857AB4EEE57AF1EE10FA0CDD5B08042BF7
:10159000EBD80522FF2384F82820A37063786FF32B
:1015A000010363702BE084F82830F7EE005AB4EEA4
:1015B000E57AF1EE10FA52D5DFED2D4AB0EE065A7B
:1015C00010E007EE903AF8EEE77A67EEA47A67EE5D
:1015D000A67A67EE867A87EE857AB4EEE57AF1EE42
:1015E00010FA1DD55B00DBB2282BEAD92822012393
:1015F00084F82820A370637843F003036370218884
:101600002046CAB2C1F30621FFF76AFF618820466F
:10161000CAB2C1F3062102B0BDE81040FFF760BFB7
:10162000FCEEC77A84F82830CDED017A9DF80420CD
:10163000A270142B05D16378022262F30103637058
:10164000DDE709D8052BA9D00A2BD8D16378012270
:1016500062F301036370D2E7282BCCD0CFE7FCEE16
:10166000C77ACDED017A9DF80420E1E700007A44C5
:101670000000804300007F43FF2910B503781FDC82
:101680007F2910DC3F2928DC1F2920DC0F292ADCD8
:10169000072934DC03292CDC012936DC6FF3C6036F
:1016A0000370012404E0072262F3C6030370802460
:1016B0000188CAB2C1F30621FFF712FF204610BD10
:1016C000082262F3C60303704FF48074F0E705222A
:1016D00062F3C60303702024EAE7062262F3C6031E
:1016E00003704024E4E7042262F3C603037010246D
:1016F000DEE7022262F3C60303700424D8E7032264
:1017000062F3C60303700824D2E7012262F3C60322
:1017100003700224CCE700BF027861F3000202707C
:101720000188CAB2C1F30621FFF7DABE10B54178CD
:101730000278044601F07F01FFF7D2FEE178A2783B
:1017400001F077012046FFF7CBFE6179227901F0A5
:1017500071012046FFF7C4FEE179A27901F0710121
:101760002046FFF7BDFE617A227A01F0770120461C
:10177000FFF7B6FEE17AA27A01F07F012046FFF77B
:10178000AFFE617B227B01F07F012046FFF7A8FEC0
:10179000E17BA27B204601F07001BDE81040FFF71D
:1017A0009FBE00BF30B51B4D83B02B68019104462E
:1017B0000A46586946F284314FF46873E0F72EFF09
:1017C0001421E1F70BF9E1F727F9FCEEC07A29685B
:1017D000019A17EE903A84F82830486948F2FD33B0
:1017E00046F28431E0F71AFF9FED0B0AE1F702F9A8
:1017F000E1F712F909480A490A4A0B4B84ED080A35
:10180000C4E900012046C4E9022303B0BDE830402A
:10181000FFF78CBF1C040020CDCC4C3D200E0111E5
:10182000322000311045025900600070072A10B5BF
:101830000C460AD8002A55D0023A0146052A7BD820
:10184000DFE802F0242F3A450E19FF2A4AD1FFF7AC
:101850006DFF23683E499B6820469847012010BDD4
:101860004A8922F47F62C3F30B0322F00F021A436A
:101870004A81012010BD8A8922F47F6222F00F0282
:10188000C3F30B0313438B81012010BD4A8822F45C
:101890007F62C3F30B0322F00F021A434A80012038
:1018A00010BD8A8822F47F62C3F30B0322F00F027B
:1018B0001A438A80012010BDCA8822F47F62C3F3D4
:1018C0000B0322F00F021A43CA80012010BD0A89BF
:1018D00022F47F62C3F30B0322F00F021A430A8142
:1018E000012010BD23681B499B6820469847236848
:1018F00019499B6820469847236818499B682046E9
:101900009847236816499B682046984723681549DD
:101910009B6820469847236813499B682046984750
:10192000236812499B6820469847236810499B68A2
:1019300020469847002010BD0A8822F47F62C3F336
:101940000B0322F00F021A430A80012010BD00BFD2
:1019500024920308C0930308D4930308E893030870
:10196000FC93030810940308249403083894030894
:101970004C9403082DE9F0470B6890F829209B68E8
:101980000C46054686B0C14920469847697801F063
:10199000700141F0800100222846FFF7A1FD226876
:1019A0002B889768BA490646C0F30B02C3F30B03B2
:1019B0002046B84706F00107C6F340002368CDE98A
:1019C0000307C6F38001C6F3C012C6F3C308029131
:1019D0000092CDF804809F68AE49C6F30123C6F398
:1019E00081222046B8472B7820686A78AA49C3F339
:1019F000400EC3F3800C03F00109C3F3C307CDE924
:101A000003E9CDE9017CDB090093876802F0030359
:101A10002046C2F38102B847E97801F0700141F035
:101A2000800100222846FFF75BFD22686B88D2F810
:101A300008909A490746C0F30B02C3F30B032046F4
:101A4000C84723689649D3F808A05FFA87F9C7F317
:101A500002224B462046D0472168EA78AB788F684F
:101A6000904902F007022046B847697901F07001F9
:101A700041F0800100222846FFF732FD2268AB8842
:101A8000D2F808A088490746C0F30B02C3F30B0342
:101A90002046D04723688549D3F808A0C7F3002221
:101AA000FBB22046D04721686A792B798F6880493C
:101AB00002F001022046B847E97901F0700141F0D7
:101AC000800100222846FFF70BFD2268EB88D2F840
:101AD00008A078490746C0F30B02C3F30B03204666
:101AE000D04723687449D3F808A0C7F30022FBB29B
:101AF0002046D0472168EA79AB798F686F4902F0B8
:101B000001022046B847697A01F0700141F0800176
:101B100000222846FFF7E4FC22682B89D2F808A0AF
:101B200067490746C0F30B02C3F30B032046D047B7
:101B300023686449D3F808A0C7F30222FBB2204609
:101B4000D04721686A7A2B7A8F685F4902F00702D2
:101B50002046B847E97A01F0700141F08001002287
:101B60002846FFF7BDFC22686B89D2F808A05749C8
:101B70000746C0F30B02C3F30B032046D04723688C
:101B80005349FAB20092D3F808A0C7F38122C7F3F1
:101B900001232046D0472368EA7AA97A00919F68FA
:101BA0004C4902F003032046C2F38102B847697B27
:101BB00001F0700141F0800100222846FFF790FCFF
:101BC0002268AB89D2F808A043490746C0F30B024C
:101BD000C3F30B032046D04707F0030CC7F3810083
:101BE000C7F30111C7F381122368CDE9020CCDE9D7
:101BF00000212046D3F808A03849C7F30123C7F3D2
:101C00008122D0472B7B20686A7B354903F0030E85
:101C1000C3F3810CC3F301179B09CDE902CECDE9D3
:101C2000003702F003038768C2F381022046B847F9
:101C3000E97B01F0700141F0800100222846FFF7A6
:101C40004FFC236827499B680746C2B22046984745
:101C500007F001030593C7F3400EC7F3800CC7F3E9
:101C6000C000C7F300112368CDE90110CDE903CE10
:101C7000C7F340120092D3F808A01B49C7F38013A2
:101C8000C7F3C0122046D04736E000BF6C9403086B
:101C90008C940308A0940308F0940308409503086B
:101CA000589503087495030890950308A4950308B4
:101CB000C0950308DC950308F49503080C96030807
:101CC000249603083C960308589603087496030864
:101CD0008C960308B0960308D4960308EC96030884
:101CE0003C9703088C9703089C9703080000A045C5
:101CF000000020460000A04416F4407FC6F30123F4
:101D00000AD0012B53D01FED077A5FED077A022B23
:101D100018BFB0EE677A01E01FED0A7AD5ED086AC8
:101D200007EE909AF8EEE77AB0EE066A67EE867AEA
:101D300027EE267AC7EE877A17EE900A03F0D2FDD7
:101D4000024620680B4687681A492046B84716F0B5
:101D5000780F236818499B681DBF022208F1FF38DD
:101D600002FA08F2012220469847AA896B892E8937
:101D7000E888A9882768C2F30B02C3F30B03CDE9F7
:101D80000332C6F30B06C0F30B006B882A88CDE93B
:101D90000106C1F30B010091BD6808492046C3F359
:101DA0000B03C2F30B02A84706B0BDE8F0879FED16
:101DB000047AB3E7EC970308FC970308109803082C
:101DC0000000204538B5C17B01F07001002241F0D0
:101DD00080010446FFF784FBC5B210F00100636A7E
:101DE00040D0D90763D543F0010363620120AA07FD
:101DF00034D5990750D543F00203636201206A0786
:101E000028D559073DD543F00403636201202A0712
:101E10001CD518072AD543F0080363620120E906A0
:101E200010D5DA0609D4274B94F829201B682649D7
:101E3000586803689B689847636A43F010036362BD
:101E4000012038BD23F01003636238BD23F008037E
:101E50006362E4E723F004036362D8E723F002033C
:101E60006362CCE723F001036362C0E7154B94F88B
:101E700029201B681549586803689B689847636A5E
:101E8000C9E7104B94F829201B681149586803686A
:101E90009B689847636AB6E70A4B94F829201B6849
:101EA0000C49586803689B689847636AA3E7054B29
:101EB00094F829201B680849586803689B6898476C
:101EC000636A90E71C040020FC980308D498030878
:101ED000A89803087C98030854980308064A4BF610
:101EE000EF60CDF6AD6001466B4633F00703E2E8E4
:101EF00002019A42FBD370477808002030B52D4884
:101F00002D4A0021121A87B007F0DCF9FFF7E6FF2F
:101F10002A4A2B482B4B22F01F021A6003680168E3
:101F2000C3F30723013BC1F307218B4238BF836012
:101F3000234B196811F47F4F18BFDA60204B1A68E1
:101F400012F47F4F1CBF09221A611D4B1A6812F44C
:101F50007F4F05D005225A60BFF34F8FBFF36F8FBD
:101F600000F0B0FE184D194C00F09AFA1848002104
:101F70002A1A07F0A7F917480021221A07F0A2F938
:101F8000154A521B294692B26846E1F785FC134A6E
:101F900003AD121B214692B22846E1F77DFC104AA0
:101FA000104BC2F800D01D6006F046FFDEF75AFA6B
:101FB00001F008FDC003002074080020FF73012019
:101FC00090ED00E0540500200080012000C00120B9
:101FD0000080012000C0012000C00120000002207C
:101FE0001404002018040020022801DC012070479E
:101FF00002F0B6B808B5012001F0E4FC08B5FFF71F
:10200000F9FF0000EFF3058303B100BE704700BF86
:10201000704700BF0A4A13681844EFF308818842EA
:1020200003D208490968884206D3074B0C221A607C
:102030004FF0FF331846704710601846704700BFD6
:10204000CC0100205405002070080020EFF3058328
:1020500003B100BE06F0A2BFEFF3058303B100BEDB
:1020600006F0A4BF01EB001000B2704738B5D0E90C
:102070000241144B0568B0F91A201D605C600569C7
:102080004469996001324FF00001C3E9035499613A
:102090000BD0B0F918200B4801320CBF04220C22DF
:1020A0005A6101F04FFA38B938BD082205485A6123
:1020B00001F048FA0028F7D0BDE83840024801F0A6
:1020C0006FBC00BF800700202499030870B5104D35
:1020D000104E55F821303060CBB1026852060C46E4
:1020E00008D50D4A184601211368984730686FF0EB
:1020F0004003036003689B0609D5074B55F824008D
:102100001B680021984733686FF020021A6070BD89
:102110005C050020800700205805002001480021B0
:10212000FFF7D4BF0010014001480121FFF7CEBFE7
:102130000044004001480221FFF7C8BF00480040AA
:1021400001480321FFF7C2BF004C004001480421B1
:10215000FFF7BCBF0050004001480521FFF7B6BFA4
:1021600000140140F0B5044687B008460E465A49AF
:10217000154601F071FC59490746284601F06CFCF0
:102180000146384601F046FC554B2060984200F06D
:1021900084804FD8A3F50063984200F08D8003F54A
:1021A0008063984233D14F4B002203921A6C42F461
:1021B00000221A641B6C03F400230393039A032385
:1021C00063604549304601F003FC4449284601F06C
:1021D000FFFB721C03D00121304600F067FC6B1C32
:1021E00003D00121284600F061FC00234FF4165271
:1021F000C4E90223C4E90433268365832046FFF73C
:1022000035FF394B22689A422AD007B0F0BDA3F5BA
:1022100000639842D5D1334B002201921A6C42F4EC
:1022200000321A641B6C03F4003301930123019AFA
:102230006360C6E72D4B984221D003F58063984236
:10224000BFD1284B002205925A6C42F020025A64FA
:102250005B6C03F020030593059B05236360B0E7E7
:1022600023486168A268E368224D01260660206861
:102270000FC520696169A26907C507B0F0BD194B98
:10228000002100915A6C42F010025A645B6C61604C
:1022900003F010030093009B93E7124B002204927B
:1022A0001A6C42F480121A641B6C03F480130493BA
:1022B0000423049A636084E70A4B002202921A6C9A
:1022C00042F480221A641B6C03F4802302930223DD
:1022D000029A636075E700BF889F0308F89E0308B1
:1022E000005000400038024000440040001001400F
:1022F0007C050020C00700208160FFF7B7BE00BF4B
:1023000009290CBF4FF480510021032AC1600DD868
:10231000012A10D80CD14FF4C0624261022B0CBFCD
:102320004FF4005300230361FFF7A0BE042AF2D04C
:1023300000224261F2E74FF480624261EEE700BFA3
:1023400010B44068034C044B44F8202019605DF839
:10235000044B70475C050020580500200368344892
:1023600030B4344C834223605CD040D8A0F5006088
:1023700083425AD000F58060834218D12E4C34201D
:10238000EAB1DA68002943D042F04002DA602B4B10
:102390002B4A9B6800F1100500F0170143F8254017
:1023A000400901238B4042F8203030BC7047A0F533
:1023B0000060834230D1234C2620002AE1D1DA6824
:1023C000F9B922F02002DA60DB681A06EDD443097D
:1023D0001B492033012200F0170002FA00F041F8F7
:1023E0002300BFF34F8FBFF36F8F30BC7047164889
:1023F000834214D000F5806083420DD1134C4720F6
:10240000BEE722F08002DA60DB689B06DFD5CCE70E
:1024100042F02002DA60BAE700242046B0E70C4C14
:102420002520ADE70B4C3520AAE70B4C2720A7E76A
:1024300000500040800700204121020800ED00E02C
:1024400000E100E0292102080010014059210208A2
:102450001D2102084D210208352102080268136877
:102460009B06FCD5024B50681A60C0F30800704709
:1024700080070020026813681B06FCD5024BC1F3DD
:10248000080151601A607047800700200368034A02
:1024900018681360C0F34010704700BF8007002029
:1024A00008B500F0D7FBBDE8084001F0EDB800BF6B
:1024B0000C4B186810B560B10B490C4C0A88606A67
:1024C0000B8892B29BB29342F8D180B240EA0340AB
:1024D00010BD074A0549116001221A6000F032FB65
:1024E000EAE700BFBC050020000600200004004011
:1024F0008005002030B5254B02681A60B5EEC00A91
:10250000F1EE10FA89B0044623D4F7EE007AB4EE67
:10251000670AF1EE10FAC8BFB0EE670AD4ED027A8E
:10252000227CF8EE677A511E27EE800A0020FCEE2E
:10253000C07A602517EE903A0329CDE90153CDE921
:102540000300CDE90500C4ED037A079004D909B072
:1025500030BD9FED0F0AE1E76FF0030505EB820543
:102560000A482A4601A900F013FE58B9637C0748BF
:1025700029461BB101F000FA09B030BD00F0C2FCE1
:1025800009B030BD034801F00BFAEFE7C0050020A9
:10259000000000003C99030870B52DED028B504CF3
:1025A00082680368236086B006460D46002A77D10C
:1025B0009FED4C8A196A41F21112114205D1196A34
:1025C00040F24442114200F08180694601A801F0C6
:1025D00009F83368444A934258D044D8A2F574426B
:1025E000934203D032D9414A934225D100F0DAFF19
:1025F000049A0090691E0346E1603D48002A63D1B9
:10260000A0FB03239B0C0022013B35486360226141
:10261000A26000F01DFD00285DD1B0EE480A3046F2
:10262000FFF768FF2268B560136843F00103136089
:1026300006B0BDEC028B70BDA2F5006223F480638E
:102640009342D3D006B0BDEC028B70BDA2F5806280
:102650009342CBD023F48063B3F1804FC6D006B051
:10266000BDEC028B70BD234A93420FD006D9224A9B
:1026700093420BD006B0BDEC028B70BDA2F5804238
:10268000934203D002F570529342D1D100F09AFFE9
:10269000059A0090691E0346E1601548A2B9AFE7AC
:1026A00007EE902A90ED037AF8EE677AB8EE477A53
:1026B000F7EE006A87EE278AB4EE668AF1EE10FA2A
:1026C000C8BFB0EE668A75E75B0099E71A6822F02A
:1026D00001021A6079E7094801F062F99DE700BF3D
:1026E000C005002000000000000001400020004064
:1026F00083DE1B4300440140004801403C9903082D
:1027000030B504468DB00D4608466D4901F0A4F978
:102710006B492060284601F0CBF92368694AC0F371
:10272000C3219342C0F3C0302174607400F0A980CB
:10273000B3F1804F39D1644A00210191116C41F00D
:1027400001011164126C02F001020192019A5F4AC8
:10275000934239D15C4A00210591516C41F002014C
:102760005164526C02F002020592059A584A934253
:1027700039D1554B00220A921A6C42F080021A6439
:102780001B6C03F080030A930A9B4D49284601F015
:102790001FF90023204644F62061C4E90233A580D6
:1027A0000DB0BDE83040FFF7F7BE4A4A93422AD148
:1027B000454A00210291116C41F002011164126C32
:1027C00002F002020292029A434A93422AD13E4AFE
:1027D00000210691516C41F480315164526C02F435
:1027E00080320692069A3D4A9342CED1364B002261
:1027F0000B921A6C42F480721A641B6C03F480739F
:102800000B930B9BC1E7364A93421BD12E4A002102
:102810000391116C41F004011164126C02F0040286
:102820000392039A2F4A934239D1274B00220792F1
:102830005A6C42F400325A645B6C03F40033079321
:10284000079BA2E7284A934281D11F4A00210491A5
:10285000116C41F008011164126C02F0080204923C
:10286000049A224A934281D1174B002209921A6C92
:1028700042F040021A641B6C03F040030993099B69
:1028800083E702F59C3200210091516C41F0010177
:102890005164526C02F001020092009A57E7144A08
:1028A0009342DED1084B002208925A6C42F48022F7
:1028B0005A645B6C03F480230893089B65E700BFB0
:1028C000389B03080000014000380240000401402A
:1028D000001C004000040040004001400020004077
:1028E0000008004000440140000C00400018004077
:1028F0000048014000B58BB0082800F29780DFE85F
:1029000000F0152535455565758505004A4B4B4842
:10291000002209921A6B42F480721A631B6B03F453
:1029200080730993099B0BB05DF804FB424B44484C
:10293000002201921A6B42F001021A631B6B03F032
:1029400001030193019B0BB05DF804FB3A4B3D483A
:10295000002202921A6B42F002021A631B6B03F010
:1029600002030293029B0BB05DF804FB324B364826
:10297000002203921A6B42F004021A631B6B03F0ED
:1029800004030393039B0BB05DF804FB2A4B2F4811
:10299000002204921A6B42F008021A631B6B03F0C8
:1029A00008030493049B0BB05DF804FB224B2848FA
:1029B000002205921A6B42F010021A631B6B03F09F
:1029C00010030593059B0BB05DF804FB1A4B2148DF
:1029D000002206921A6B42F020021A631B6B03F06E
:1029E00020030693069B0BB05DF804FB124B1A48BC
:1029F000002207921A6B42F040021A631B6B03F02D
:102A000040030793079B0BB05DF804FB0A4B134888
:102A1000002208921A6B42F080021A631B6B03F0CB
:102A200080030893089B0BB05DF804FB0C4800F092
:102A3000B7FF002077E700BF0038024000200240C7
:102A4000000002400004024000080240000C024066
:102A5000001002400014024000180240001C024016
:102A60005499030870B50C4686B00546C0F30310B0
:102A7000FFF740FF04F00F010B4A012352F82160D9
:102A800005F00F05C4F3021203FA05F5C4F3C314ED
:102A9000032301A9CDE90262CDE90434019500F0D8
:102AA0002DFE06B070BD00BF7899030838B5034607
:102AB000C0F303100D4603F00F04FFF71BFF022DB8
:102AC000C2684FEA44034FF0030198BF9D4001FAEA
:102AD00003F322EA0303C360C16888BF00250D43E6
:102AE000C56038BD70B5144C2368DA68D00707D5C7
:102AF00012496FF001021A610A88013292B20A800B
:102B0000DA68910744BF6FF002021A61DA6852076F
:102B100009D50B4E6FF004021A615D6A3368EB1A37
:102B2000B3F57A7F00D270BD00F0C8FD2368356030
:102B300005F57A759D6370BDDC0700200006002056
:102B4000FC05002070B582B0254A264C264B27484C
:102B5000274E00250195116C256141F00201116499
:102B6000116CA56001F0020101910199116A656182
:102B700041F002011162116A21F0020111621B6829
:102B80002660A0FB0323DB0C013B4FF6FF722046BF
:102B90006360E26000F040FA164A174B92681749EA
:102BA000C2F8B4104FF000521A602946204600F0D7
:102BB00083F92046042100F07FF9236810495A6AFE
:102BC0000A6002F57A729A63DA6842F00402DA6007
:102BD000DA68284642F00102DA6002B070BD00BF38
:102BE00000380240DC070020D001002083DE1B43B8
:102BF0000004004000ED00E000E100E0E52A0208EA
:102C0000FC0500201049114BD1F8882042F47002D5
:102C100010B4C1F888201A680D4C002042F001025F
:102C20001A6098601A6822F0847222F480321A6066
:102C30005C601A684FF0005422F480221A60D86059
:102C40008C605DF8044B704700ED00E000380240F6
:102C500010300024164A936803F00C03042B0CD0A8
:102C6000082B0CD0134B124A134892681349C2F335
:102C70000312825CD3400B607047114BF3E750683E
:102C8000516852684302C2F388124CBF0C4B094B87
:102C900001F03F01B3FBF1F303FB02F3044A526876
:102CA000C2F3014201325200B3FBF2F3DBE700BF93
:102CB000003802400024F40018A00308D0010020CE
:102CC00040787D0182B000232F4A0093019313685E
:102CD00043F48033136041F2883102E0009B8B4261
:102CE00009D0136803F400330193009B0133009370
:102CF000019B002BF2D0244B1B6813F4003318BF48
:102D000001230193019B012B01D002B070471E4BA0
:102D10001E491A6C1E4842F080521A640A6842F436
:102D200080420A609A689A609A6842F400429A6007
:102D30009A6842F4A0529A6058601A6842F0807211
:102D40001A601A689201FCD5124AC3F884201968E7
:102D50000D4A41F08061196013681B01FCD50E4BD0
:102D6000094940F205701860936823F003039360EB
:102D7000936843F0020393608B6803F00C03082B05
:102D8000FAD102B0704700BF003802400070004026
:102D900019544007C0430020003C0240036A23F05E
:102DA00001030362F0B4036A134C476882698E68BA
:102DB0000D6823F0020322F07302A04243EA0603E7
:102DC00042EA05020AD004F58064A04206D04968B0
:102DD00047608261F0BC416303627047D1E90556E8
:102DE000CC6823F00803234327F4407745EA060420
:102DF00023F004032743EAE700000140036A23F4B9
:102E000080730362F0B4036A144C4768C2698E6829
:102E10000D6823F4007322F07302A04243EA0623F4
:102E200042EA05020AD004F58064A04206D049684F
:102E30004760C261F0BCC16303627047D1E90556C7
:102E4000CC6823F4006343EA042327F4405745EA9F
:102E5000060423F4806347EA0417E8E70000014012
:102E6000036A23F480530362F0B4036A0F4F466889
:102E7000C2698D680C6823F4005322F4E642B8421C
:102E800043EA053342EA042209D0094CA04206D0A5
:102E900049684660C261F0BC0164036270474C69D6
:102EA00026F4804646EA8416F2E700BF000001409F
:102EB00000040140704700BF03680122186A02FA4B
:102EC00001F120EA010010B418621A6A0A4C114399
:102ED000A34219620AD0094A934207D01A685DF8E2
:102EE000044B42F0010200201A6070475A6C42F411
:102EF00000425A64F2E700BF0000014000040140B4
:102F0000704700BFFFF7D8BF704700BFC1B10429A9
:102F100020D003681A6A22F001021A621A6A42F08B
:102F200001021A621A6A22F010021A621A6A42F048
:102F300010021A621A6842F001021A6000207047FB
:102F400003681A6A22F001021A621A6A42F0010248
:102F50001A62EFE70368E5E72E4A0368904230B44F
:102F600044D0B0F1804F30D0A2F57C4290422CD0BA
:102F700002F58062904228D002F58062904224D00F
:102F800002F57842904231D002F57052904220D042
:102F900002F5806290421CD002F58062904218D007
:102FA000A2F59832904214D002F58062904210D07F
:102FB00002F5806290420CD08C680A68036001239D
:102FC000C462826230BC436170474A6823F0700378
:102FD0001343D1E9024523F440732B430A6803608D
:102FE0000123C462826230BC436170474C68CA6886
:102FF00023F07003234323F44073134303608B686F
:10300000C3620B6883620B690363012330BC4361B5
:10301000704700BF00000140C0B110B590F83930D2
:10302000044603F0FF0263B10223214684F83930DD
:1030300051F8040BFFF790FF012384F8393000208A
:1030400010BD80F83820FFF735FFEDE7012070470D
:10305000C0B110B590F83930044603F0FF0263B1F7
:103060000223214684F8393051F8040BFFF774FF2E
:10307000012384F83930002010BD80F83820FFF794
:103080003FFFEDE70120704700284DD0F0B590F8E4
:10309000393083B00C46054603F0FF02002B3ED0CA
:1030A0002946022385F8393051F8040B836823F050
:1030B00007038360FFF750FF2968236988688E69DA
:1030C000A769A268D4F800C026F4407EE6691B0117
:1030D00043EA0623266A0196E6683343019E2EF0F2
:1030E000030E42EA072242EA0E020F6A43EA06335F
:1030F0006669646822F47C4244EA061440EA0C00E3
:1031000022F0FC0227F0AA0788602743134301241A
:1031100000208B610F6285F8394003B0F0BD80F864
:103120003820FFF7F1FEBBE701207047036A23F068
:1031300010030362F0B4036A144C476882698E6816
:103140000D6823F0200322F4E642A04243EA06136E
:1031500042EA05220AD004F58064A04206D04968FC
:1031600047608261F0BC816303627047D1E9055614
:10317000CC6823F0800343EA041327F4406745EA50
:10318000060423F0400347EA8407E8E70000014013
:1031900038B590F83830012B74D00D460223012148
:1031A000044680F8381080F839300C2A19D8DFE846
:1031B00002F00718181838181818511818181F0096
:1031C00000682946FFF7EAFD23682869996941F0FC
:1031D00008019961996921F0040199619A69024392
:1031E0009A610123002084F8393084F8380038BD12
:1031F00000682946FFF734FE23682869D96941F43D
:103200000061D961D96921F48061D961DA6942EA42
:103210000022DA610020012384F8393084F8380074
:10322000E5E700682946FFF781FF23682869996967
:1032300041F400619961996921F4806199619A6909
:1032400042EA00229A610020012384F8393084F890
:103250003800CCE700682946FFF7D0FD23682869CD
:10326000D96941F00801D961D96921F00401D96116
:10327000DA690243DA610020012384F8393084F8E6
:103280003800B4E7022038BD026811692DE9F8431F
:10329000C568836821F440510446294300691161DF
:1032A000D16865690343E06921F416412B4321F09D
:1032B0000C0103430B43D3605369A16923F44073AA
:1032C0000B43B0F5004F53619B4B00F09A809A423C
:1032D00059D003F580639A4255D000F063F9974FB7
:1032E000636800EB800000EB80009B00B0FBF3F311
:1032F000A7FB03235B091D0100F054F9666800EB8E
:10330000800000EB8000B600B0FBF6F600F04AF952
:10331000636800EB800000EB80009B00B0FBF3F3E0
:10332000A7FB03235B094FF0640909FB13631B012F
:103330003233A7FB03235B0903F0F00600F032F9F8
:10334000626800EB800000EB80009300B0FBF3F8B4
:1033500000F028F9D4E9002300EB800000EB8000A6
:103360009B00B0FBF3F3A7FB03135B0909FB13837B
:103370001B013233A7FB0313C3F3431333432B4423
:103380009360BDE8F88300F01DF96C4F636800EBB3
:10339000800000EB80009B00B0FBF3F3A7FB03234E
:1033A0005B091D0100F00EF9666800EB800000EB80
:1033B0008000B600B0FBF6F600F004F9636800EB9D
:1033C000800000EB80009B00B0FBF3F3A7FB03231E
:1033D0004FF064095B0909FB13631B013233A7FB40
:1033E00003235B0903F0F00600F0ECF8626800EBE1
:1033F0008000930000EB8000B0FBF3F800F0E2F8EF
:10340000A8E79A4259D003F580639A4255D000F05C
:10341000C9F84A4F636800EB800000EB80005B0056
:10342000B0FBF3F3A7FB03235B091E0100F0BAF81E
:10343000656800EB800000EB80006D00B0FBF5F5E7
:1034400000F0B0F8636800EB800000EB80005B00E8
:10345000B0FBF3F3A7FB03235B094FF0640909FBFF
:103460001353DB003233A7FB03231B0903F4F87566
:1034700000F098F8626800EB800000EB80005300D9
:10348000B0FBF3F800F08EF8D4E9002300EB8000E5
:1034900000EB80005B00B0FBF3F3A7FB03135B09B9
:1034A00009FB1383DB003233A7FB0313C3F342137F
:1034B00033442B449360BDE8F88300F083F81F4F3A
:1034C000636800EB800000EB80005B00B0FBF3F36F
:1034D000A7FB03235B091E0100F074F8656800EB8D
:1034E000800000EB80006D00B0FBF5F500F06AF89D
:1034F000636800EB800000EB80005B00B0FBF3F33F
:10350000A7FB03234FF064095B0909FB1353DB009E
:103510003233A7FB03231B0903F4F87500F052F8BC
:10352000626800EB8000530000EB8000B0FBF3F812
:1035300000F048F8A8E700BF001001401F85EB51DC
:10354000704700BF60B338B590F83930044603F0D7
:10355000FF0203B32268242384F83930D36823F4AC
:103560000053D3602046FFF78FFE23681A6922F4C8
:1035700090421A615A6922F02A025A61DA680025DB
:10358000202142F40052DA60E56384F8391084F8AF
:103590003A10284638BD80F83820FFF7D1FFD9E728
:1035A00001207047044B054A9B680549C3F38223F9
:1035B0000868D35CD84070470038024028A0030850
:1035C000D0010020044B054A9B680549C3F34233F0
:1035D0000868D35CD84070470038024028A0030830
:1035E000D00100200E4B0F2202609A6802F0030205
:1035F00042609A6802F0F00282609A6802F4E05237
:10360000C2609B68DB0810B403F4E053054C03610F
:1036100023685DF8044B03F00F030B60704700BF95
:1036200000380240003C0240704700BF80B138B50E
:103630000446FFF7F9FFD4E901502369E2682168E5
:103640002B43034342F080020A6000204B6038BDE8
:1036500001207047034600201A68DB68136070473A
:10366000704700BF08B503685A68910502D59A688B
:10367000D20700D408BD6FF001029A60FFF7F0FF97
:1036800008BD00BF704700BF08B50B4B1A6842F475
:1036900000721A601A6842F480621A601A6842F472
:1036A00080721A60032000F015F80F20FFF74AFA25
:1036B000FFF7E8FF002008BD003C0240034A044B2E
:1036C00011681B780B441360704700BF1808002076
:1036D000D40100200849CA6810B400024FF6FF0464
:1036E000224000F4E063134343F0BF6343F400332C
:1036F0005DF8044BCB60704700ED00E02DE9F04F22
:1037000000230E68DFF83882DFF838E283B003E088
:103710000133102B00F0A18001229A4032EA060406
:1037200002EA060CF4D14D6825F0100ABAF1020F36
:1037300000F09680D0F800B04FEA4309032404FA61
:1037400009F405F003072BEA040B07FA09F70AF15D
:10375000FF3A47EA0B07BAF1010F6FEA040407606A
:1037600040F2A480C7688A683C4002FA09F222430A
:10377000EF00C260CCD500220192D8F8442042F478
:103780008042C8F84420D8F8442023F0030404F110
:10379000804402F4804204F59C34019203F0030754
:1037A000019AD4F80890BF000F22BA4029EA020A11
:1037B0005D4A904224D002F58062904200F08980F8
:1037C0005A4A904200F08C80594A904200F08F8013
:1037D000584A904200F09280574A904200F09580FB
:1037E000564A904200F09880DFF85C9148450CBF43
:1037F0004FF007094FF0080909FA07F74AEA070AE4
:10380000C4F808A0DEF800206FEA0C07EC0354BFF0
:103810003A404CEA0202CEF80020DEF80440AA0347
:1038200054BF3C404CEA0404CEF80440DEF80840A3
:10383000EA0254BF3C404CEA0404CEF80840DEF8EB
:103840000C20AC0203F1010354BF3A404CEA0202DF
:10385000102BCEF80C207FF45FAF03B0BDE8F08FE3
:103860004FEAD30900EB890903F00707D9F8204094
:10387000BF004FF00F0B0BFA07FB24EA0B0A0C6991
:10388000BC4044EA0A04C9F82040D0F800A04FEA3E
:103890004309032404FA09F405F003072AEA040A99
:1038A00007FA09F747EA0A07E4430760876807EA67
:1038B000040ACF6807FA09F747EA0A078760D0F8D1
:1038C00004A0C5F300172AEA02029F40174347608D
:1038D00048E74FF0010909FA07F74AEA070A8FE7B4
:1038E0004FF0020909FA07F74AEA070A88E74FF09A
:1038F000030909FA07F74AEA070A81E74FF00409C2
:1039000009FA07F74AEA070A7AE74FF0050909FAC0
:1039100007F74AEA070A73E74FF0060909FA07F7BB
:103920004AEA070A6CE700BF0000024000080240B4
:10393000000C024000100240001402400018024037
:1039400000380240003C0140001C02400368042291
:10395000186A02FA01F120EA010018621A6A11439A
:1039600019625A6C42F400425A641A6842F0010229
:103970001A600020704700BFFFF7E8BF38B5054662
:10398000FEF796FD0446FEF793FD031BAB42FAD308
:1039900038BD00BF4FF47A7303FB00F0FFF7EEBFB2
:1039A0000FB400B5064B83B004AA1B6852F8041B81
:1039B000D868019205F036FF012000F003F800BF3F
:1039C000D801002000B9FEE708B501F07BF8FEE75A
:1039D000431C1BD0B1F9003010B50446581C04D16B
:1039E0000FE031F90C3F5A1C0BD09C42F9D1204614
:1039F0008968FFF737F820460021BDE81040FFF73F
:103A000055B8BDE810400248FFF7CABF704700BF75
:103A100030A00308884203D0421C09D0013100D1F4
:103A2000704708B50348FFF7BBFF4FF0FF3008BDF4
:103A30000846704744A00308B1F900305A1C04D16D
:103A400007E031F90C3F5A1C03D09842F9D148687D
:103A500070471846704700BF421C15D008B5B1F931
:103A600000305A1C04D109E031F90C3F5A1C05D032
:103A70009842F9D14868411C00D008BD0348FFF7BF
:103A80008FFF4FF0FF3008BD704700BF58A00308FC
:103A9000B1F900305A1C04D107E031F90C3F5A1C2F
:103AA00003D09842F9D1886870471846704700BF24
:103AB000421C15D008B5B1F900305A1C04D109E0F8
:103AC00031F90C3F5A1C05D09842F9D18868411C45
:103AD00000D008BD0348FFF763FF4FF0FF3008BD7B
:103AE000704700BF78A00308DFF830D0002103E062
:103AF0000B4B5B58435004310A480B4B42189A4217
:103B0000F6D30A4A02E0002342F8043B084B9A42EB
:103B1000F9D3FFF777F8FEF7F1F97047008001203D
:103B2000D8AC030888010020C0030020C003002097
:103B300074080020FEE70000C1EBC10100EB81002A
:103B4000343000F08BB800BF1830FEF787BC00BFE0
:103B500010B518300C46FEF78DFC204610BD00BF96
:103B600010B5054B03F108023C330446C0E90023BD
:103B700000F0F0F8204610BD98A00308074B10B5E0
:103B8000044603F108023C3340F8042C44F804399D
:103B9000204600F0DFF8204610BD00BF98A00308C3
:103BA00010B5074B03F108023C330446C0E900237B
:103BB00000F0D0F820466C2100F08FFF204610BDA9
:103BC00098A0030810B5084B041F03F108023C330A
:103BD00040E90123204600F0BDF820466C2100F0AA
:103BE0007CFF204610BD00BF98A0030870B582B0CE
:103BF0000D4619460446019200F08AF80F4B03F176
:103C000008013C33C4E9001304F13400002100F042
:103C100021F804F1180604F15000002100F01AF810
:103C2000019A29463046FEF79DFA3046044922465D
:103C3000FEF786FB204602B070BD00BF98A00308C7
:103C4000393B02081830FEF757BB00BF1830FEF7AB
:103C50001DBC00BF0022C0E9001270470368014686
:103C600003B11847406810B18B6908311847704795
:103C700010B5044600F0C0FD024B034AA2601C6070
:103C8000204610BD04060020A086010010B581600A
:103C9000044600F01BFD014B1C6010BD0406002013
:103CA00000F05ABD00F038BD00F04EBD0020704756
:103CB000F8B50F4605468E180C4606E02B6814F83A
:103CC000011B5B6A9847013004D0B4422846F5D105
:103CD000F01BF8BD2646F01BF8BD00BFF8B58E18E6
:103CE000B1420F460ED005460C4603E004F8010B26
:103CF000A64205D02B6828469B6A9847431CF5D1FD
:103D0000E01BF8BD0C46FBE7002070470020704721
:103D100010B584B0044600F045FB0B4B0B4903F192
:103D200008023C33C4E9002301A8224607F04AFAFE
:103D3000074901A804F0FCFB0021606107F0D8F8F6
:103D4000204604B010BD00BFE4A00308DCA00308B7
:103D5000E0A0030810B5074B03F108023C33C0E9AB
:103D600000230446406904F087F8204600F02EFB4B
:103D7000204610BDE4A0030838B504460D4640694E
:103D800004F076F961692846BDE8384004F02EBC9D
:103D900010B50446406904F06BF96069BDE8104055
:103DA00004F0AEB94FF0FF30704700BF4FF0FF3066
:103DB000704700BF002070474FF0FF30704700BFD2
:103DC00028B108B503689B699847002008BD00200A
:103DD000704700BF406870474160704700234360F0
:103DE000704700BF704700BF10B54FF4887104469C
:103DF00000F073FE204610BD10B50446406800F088
:103E00007FF888B163680133636000F089F804F1DA
:103E100008030146FF22184607F07EFD01220346F3
:103E200084F80C21184610BD0346184610BD00BF8B
:103E300008B54FF4887000F063FE024A0260002269
:103E4000426008BD30A1030883684BB1064A13687D
:103E5000834206D01A465B688342FBD143685360B5
:103E6000704743681360704708060020836810B5E8
:103E700004464BB10B4A136898420BD01A465B6854
:103E80009C42FBD1636853602046102100F025FE60
:103E9000204610BD436813602046102100F01DFE2F
:103EA000204610BD08060020054B816002730360A8
:103EB00021B1044B1A684260186070474160704736
:103EC00054A1030808060020F8B50C4B1C6894B1F7
:103ED00007460E46A56832463946284645B107F0E2
:103EE000C9FC034628461BB907F02AFCB04202D0A1
:103EF0006468002CEED12046F8BD00BF0806002003
:103F0000064B1B6843B138B1002201E0904203D058
:103F10005B680132002BF9D1184670470806002073
:103F200080687047007B7047036870B51B69012289
:103F3000002104469847054601300DD0236802222F
:103F40001B690021204698472268034616692946C6
:103F5000204600221D46B047284670BD08B50948D6
:103F600003220221FEF7FEF8064801230821002261
:103F7000FEF7C6F9BDE8084002484FF41651FEF7B7
:103F8000BBB900BFC0070020074B10B403F5807118
:103F9000002453F8042F824208BF1C608B42F8D1E2
:103FA0005DF8044B704700BF080600202DE9F04182
:103FB0000E4684B03649054607F036FA00283FD051
:103FC0003449284607F030FA002832D032492846D2
:103FD00007F02AFA00284FD0304F00243B4602E079
:103FE0000134402C4DD053F8042B002AF8D12B7803
:103FF0003A2B3AD0294602A800F088F902A800F02E
:10400000BDF940BB02A800F0AFF90546002838D042
:10401000036802A8D3F8088000F0A4F932460146EC
:104020002846C04768B347F82400E01C04B0BDE848
:10403000F0811B4B1B6893B1012004B0BDE8F081F7
:10404000174B1B68002BF1D10190FFF787FF0198F8
:1040500004B0BDE8F08102A800F098F9E2E7FFF7AC
:104060007DFF012004B0BDE8F0810E49284602AA78
:1040700007F0CAF80298D5E7094B1B6823B1022064
:10408000D4E74FF0FF30D1E7FFF768FF0220CDE71C
:1040900090A1030898A1030888A103080C0600203A
:1040A0007C050020DCA0030802280ADD074AC31EA5
:1040B000002152F8230042F8231020B103685B6806
:1040C0001847002070474FF0FF3070470C06002063
:1040D000022815DC124B1B682DE9F0410C461646F0
:1040E000B3B156B1751E0F4F2544013C14F8011FA2
:1040F0003846FEF7BFF9AC42F8D13046BDE8F08152
:10410000094B033853F8200038B103681B6818477F
:10411000FFF724FF002EE5D1EFE74FF0FF307047A7
:104120007C050020C00700200C060020022807DDC7
:10413000094B033853F8200050B103689B681847B7
:1041400010B506480C46FEF789F92070012010BD15
:104150004FF0FF30704700BF0C060020C007002062
:10416000022807DD064B033853F8200020B103680E
:10417000DB681847012070474FF0FF30704700BFE1
:104180000C060020022807DD064B033853F82000F8
:1041900020B103681B691847002070474FF0FF30BB
:1041A000704700BF0C060020022808B504D84FF461
:1041B00000534B60002008BD03F002FE092303609A
:1041C0004FF0FF3008BD00BF30B583B001466846F0
:1041D00000F09CF8684600F0C7F840B10368044658
:1041E0006846DD6800F0BEF8054B9D4203D14FF0F4
:1041F000FF3003B030BD01462046A84703B030BDB4
:10420000A53D020870B584B00C460146684600F032
:104210007DF8214602A800F079F8684600F0A4F87D
:10422000C0B1684600F0A0F8044602A800F09CF86F
:1042300084420FD1684600F097F804466846236828
:104240001E6900F08FF8054602A800F08BF8064BB7
:104250009E4203D14FF0FF3004B070BD02462946A4
:104260002046B04704B070BDAD3D020830B50378BC
:104270002F2B83B0014601D1437893B1684600F0FB
:1042800045F8684600F070F8044638B1036868469F
:104290005D6900F067F8074B9D4206D1002003B02E
:1042A00030BDFFF7C5FD03B030BD01462046A8472D
:1042B00003B030BDB53D020803685B68184700BF16
:1042C00003681B68184700BF70B5034682B00D46EF
:1042D0006846194600F01AF8684600F045F840B103
:1042E0000368044668469E6900F03CF8064B9E420F
:1042F00003D14FF0FF3002B070BD01462A46204680
:10430000B04702B070BD00BFB93D020830B50A78B1
:1043100000232F2AC0E9003383B004461BD14A781A
:10432000CAB14D1C05604A782F2A19462B4606D182
:1043300014E023601A782F2A01F101010ED0013315
:10434000002AF6D128460191FFF7BEFD01992846C3
:10435000FFF7BAFD6060204603B030BD0133236033
:10436000F0E700BF0068704710B504464068FFF7EB
:10437000D9FD01280CBF6068002010BD08B5406859
:10438000FFF7D0FDB0FA80F0400908BD10B5044633
:104390004068FFF7C7FD18B9606800B1043810BD68
:1043A000002010BD10B5074B0446002240F8043B26
:1043B000FFF77AFD044B03F108023433C4E900230C
:1043C000204610BD64A10308A0A1030810B5074B47
:1043D00003F1080234330446026040F8043FFFF75B
:1043E00033FD2046FFF7D0FD204610BDA0A10308F5
:1043F00010B5044682B0D4E90A12043000230190BB
:1044000000F026F90198216B00F04EF9014B1C6079
:1044100002B010BD0C07002010B5084B1B68984275
:1044200082B0044603D00191FFF7E2FF0199201DFD
:1044300002B0BDE8104000F039B900BF0C07002001
:1044400030B50E4D85B0044640F8045B4FF0FF35A3
:104450000095039000F062F8094B236308210023C4
:10446000C4E90A1303981A4600F0F2F80398216B86
:1044700000F01AF9204605B030BD00BFE4A10308E2
:1044800040420F0030B4054C0025C0E90A122560F7
:1044900010B130BCFFF7ACBF30BC70470C07002038
:1044A000064A016310B40024146018B15DF8044B8F
:1044B000FFF79EBF5DF8044B704700BF0C0700205C
:1044C000036881691A6870B5124C0569236022F08F
:1044D00040021A60D0E9023642696560E161072551
:1044E0004168236120460023C4E908336661E56220
:1044F000E160A261A360A36200F026FA28B92268F5
:10450000136843F04003136070BD0348FFF748FA97
:10451000F5E700BF10070020F0A103082DE9F04FD8
:1045200087B004460E4608464249BDF9408017460A
:104530001D46FFF791FA404981463846FFF78CFA4D
:104540003E49034628460193FFF786FA3C498246D6
:104550004046FFF781FA019B834619464846FFF71C
:1045600059FA594681465046FFF754FA01464846E3
:10457000FFF750FA334B206098424CD0324B9842B0
:104580002FD1324B002204921A6C42F480421A64FA
:104590001B6C03F480430493049B26493046FFF7C9
:1045A00017FA25493846FFF713FA24492846FFF73A
:1045B0000FFA00233822B8F1FF3FC4E90133A78383
:1045C000E6832584A4F82280E360A2611AD04046E5
:1045D0001B49FFF7FDF9204607B0BDE8F04FFFF794
:1045E0006FBF03F580639842D7D1184B0022059224
:1045F0001A6C42F400421A641B6C03F400430593E6
:10460000059BCAE74FF400732046636107B0BDE81D
:10461000F04FFFF755BF03F58433002203925A6C25
:1046200042F480525A645B6C03F480530393039BFF
:10463000B3E700BF2C9E0308E49D0308749E0308A3
:10464000BC9E0308003001400038004000380240A2
:1046500010290CBF4FF400610021012A416018D0DD
:10466000022A1DD0CAB102210122C0E90212426908
:10467000B2F5007F05D0002B14BF00224FF480223A
:104680004261002B14BF00234FF482730361FFF7D4
:1046900017BF0021C0E90212E9E7C0E90222E6E7FC
:1046A0000021C0E90221E2E7FFF70ABF03689A6828
:1046B0009007FCD5044A89B2D96013609A68D20782
:1046C000FCD5D868704700BF1007002070B5114DA9
:1046D00004682C60064648F2010301E0013B02D069
:1046E000A2699207FAD400234FF480420948AB60D4
:1046F000C5E90423C5E90733EB60AB61696000F0ED
:104700006BF9736823B12A68136843F480631360FC
:1047100070BD00BF1C08002001680A4A6FF4806366
:104720004B610B68116043F480730B6041F201032D
:1047300001E0013B04D04A69D207FAD50020704756
:10474000012070471C080020034600201A681368E7
:1047500043F40073136070470268084BC9B21B68CA
:10476000116141F2010004E05A69520704D4013892
:1047700003D05A691106F7D5012070471C080020A4
:10478000194B196848F2010301E0013B02D08A6924
:104790009207FAD40368154A93421AD0144A9342F6
:1047A00009D1144B1A6A42F480021A621A6A22F47E
:1047B00080021A62704702F58062934213D10D4B5A
:1047C0001A6A42F400021A621A6A22F400021A6299
:1047D0007047084B1A6A42F400121A621A6A22F4ED
:1047E00000121A62704770471C08002000540040F5
:1047F0000058004000380240F0B5044685B0084635
:104800000E4646491546FFF727F94549074628460B
:10481000FFF722F901463846FFF7FCF8414B2060CC
:10482000984239D0404B984210D0404B984203D127
:104830003F4B1A68002A52D02046FFF7A1FF3D499E
:10484000FFF744FF0023636005B0F0BD3A4B1A68E0
:10485000002AF1D10292394A01211960136C2F49C3
:1048600043F480031364136C03F480030293304613
:10487000029BFFF7ADF82A492846FFF7A9F8032164
:104880003046FEF713F928460321FEF70FF920689A
:10489000264B9842CCD0CFE7294B1A68002ACBD1BF
:1048A0000192264A01211960136C1C4943F400133C
:1048B0001364136C03F4001301933046019BFFF75C
:1048C00087F817492846FFF783F803213046FEF79B
:1048D000EDF828460321FEF7E9F82068A2E70392E5
:1048E000164A01211960136C0C4943F40003136448
:1048F000136C03F4000303933046039BFFF768F83F
:1049000028460749FFF764F830460321FEF7CEF842
:1049100028460321FEF7CAF88EE700BFD89A03089D
:10492000789A03080054004000580040005C0040A2
:1049300070070020A08601006C07002000380240AC
:1049400068070020704700BF002840D0F8B590F8F5
:104950005130044603F0FF02002B33D0D4E9013676
:10496000D4E9035033436269E169A66A2B430343E8
:104970001343206A2268A5690B43022184F8511071
:1049800017680343290C606A334305F400752B4311
:10499000B6F5005F27F0400701F00401176041EA17
:1049A0000001136008BFE36A516008BF1361D36957
:1049B000002123F400630125D361616584F851501F
:1049C0000846F8BD80F85020FFF7BCFFC6E701207D
:1049D000704700BF704700BF00286BD070B590F8DB
:1049E0003D30044603F0FF02002B4ED02268324DCA
:1049F000242384F83D30136823F001031360FEF78D
:104A0000D1FDD4E900212D4BA3FB00639B0CA942EF
:104A1000536025D840F6FC7549000133B0FBF1F036
:104A20002842136208BF0420D4E90735D4E90361A2
:104A3000D06143EA0500D4E9053531432B431060CA
:104A40009160D3601168002341F0010120251160BD
:104A5000236484F83D50236384F83E30184670BDCB
:104A60004FF49675164E05FB03F3A6FB03539B0903
:104A7000A568013313626DB901EB4101B0FBF1F0A0
:104A8000C0F30B039BB90120CEE780F83C20FFF771
:104A9000A1FFABE701EB810101EB8101B0FBF1F07C
:104AA000C0F30B03002BEED040F44040BCE740F4D1
:104AB0000040B9E701207047A086010083DE1B4358
:104AC000D34D621008B572B69620FEF763FFFBE780
:104AD0000B460146184603F065B9DFF711B8DFF75A
:104AE0000FB80368DB0706D4437803B1FFDE012368
:104AF00043701846704700207047012303607047D9
:104B0000012838BF012010B504462046FDF79EFA63
:104B100030B900F07BFD08B9FDF76CFA8047F4E787
:104B200010BDFFF7EDBF08B5F0EEE07A2DED028B7A
:104B3000B0EEC08A38EE278AB5EE408AF1EE10FA60
:104B40000BD0C0EE087A80EE880A20EE000AA7EEAD
:104B5000A70A01F013FE28EE008AB0EE480ABDEC69
:104B6000028B08BDC3689A68C26010B502B150607C
:104B700042685A600C68844203D10B6098604360BD
:104B800010BD916881420CBF9360D360F6E78368E3
:104B9000DA68826010B502B1506042685A600C68F1
:104BA000844203D10B60D860436010BDD16881425C
:104BB0000CBFD3609360F6E7037833B943685B6852
:104BC000834202D1DB6818467047826822B11346DF
:104BD000D268002AFBD1F6E743689A688242F2D194
:104BE00018465B68F9E7C36823B118469B68002B39
:104BF000FBD170474368DA68824202D118465B688D
:104C0000F9E7C268934218BF18467047C36823B1DA
:104C100018469B68002BFBD170474368DA688242D4
:104C200002D118465B68F9E7C268934218BF18467C
:104C30007047FFF7C1BF2DE9F8431E4603F1040892
:104C40000023C1E902330C464A600B7000B3964260
:104C5000916018D17160F46001274FF0000973680A
:104C6000A3423FD060680278002A3CD14568AB6817
:104C7000984223D1EB6883B11A7872B907701F701C
:104C80002A702C46EBE7B3689342E5D1B160E3E7C5
:104C9000D160F3689342DFD1DDE7C368A34203D15B
:104CA0004146FFF75FFF0446636841461F70284690
:104CB00085F80090FFF76BFF2546E2E713B11A78FD
:104CC000002ADBD08368A34203D14146FFF75FFF90
:104CD0000446636841461F70284685F80090FFF738
:104CE00041FFE9E7234601221A70BDE8F8832DE968
:104CF000F7430F46D0E902610446002E3ED000295A
:104D00003DD00A4613469268002AFBD1A342DA68D6
:104D10004BD0994273609E6027D05D6802B15560A8
:104D200058688260D960E1684B607968A1421ED101
:104D30007B60616820785960197818701646217078
:104D4000237873B1391D4FF000084FF001097B68DB
:104D5000B3427BD0002E3FD03378012B3CD00123CF
:104D60003370204603B0BDE8F0831D46DDE761687F
:104D70008868A0420CBF8B60CB60DAE70E4665689E
:104D800006B175607B68A34211D17E60BB68A34207
:104D900003D1E36893B96368BB60FB68A342CFD1DA
:104DA000A36893B96368FB60CAE71646E7E76368E0
:104DB0009A68A2420CBF9E60DE60E7E733461A465F
:104DC0009B68002BFBD1BA60E7E733461A46DB68E5
:104DD000002BFBD1FA60B3E7A868B04239D1E8688C
:104DE000037843B980F8009028462B700191FFF7B3
:104DF000B9FEE8680199D0E9022322B192F800C017
:104E0000BCF1010F0BD123B193F800C0BCF1010F2D
:104E100005D16B6880F800802E461D4697E713B1D8
:104E20001B78012B08D1012313700023037001911B
:104E3000FFF7ADFEE86801992B780370C368012283
:104E40002A7003B11A702846FFF78CFE002E86D117
:104E500087E7037843B980F8009028462B700191CA
:104E6000FFF795FEA8680199D0E9023222B192F8C5
:104E700000C0BCF1010F06D1002BCAD093F800C0CE
:104E8000BCF1010FC5D013B11B78012B08D1012350
:104E90001370002303700191FFF764FEA868019965
:104EA0002B780370836801222A7003B11A70284698
:104EB000FFF76DFECAE708B5FDF79CF808B5FDF7EA
:104EC00099F808B5FDF796F808B5FDF793F80FB413
:104ED00080B584B000AF07F1180454F8042B7A6051
:104EE000104606F02DFC00F2072323F00703ADEB7C
:104EF000030D00F500717A68FC602346684600F0F7
:104F000057F8FDF777F808B5FDF774F880B59CB051
:104F1000064600AF0C46A41B0E496922381D04F05A
:104F2000CFF804F1700323F00703ADEB030D6D46DA
:104F30006822391D284604F0C3F82246314605F19F
:104F400068002C4404F0BCF8002384F8683028463C
:104F5000FFF7B4FF06A203082DE9F04100AF84B0CB
:104F60006D4605F10C04DFF8448023464FF00A0C2F
:104F7000B2FBFCF60CFB162E18F80EE003F801ED60
:104F80009646BEF1090F3246F2D8E41A8C4209D88F
:104F9000C4F10C012246294404F092F82046BD4693
:104FA000BDE8F0814FF0FF34F8E700BF6FA20308BF
:104FB00001392DE9F0410746154600EB010804468A
:104FC0002A7862B344452ED2252A07D16A78732AFB
:104FD00009D07A2A12D0252A00D1013515F8012BE3
:104FE00004F8012BECE753F8042B013A12F8011FE7
:104FF000E9B1444517D004F8011BF7E7AA78752AF0
:10500000ECD11E46A8EB040156F8042B2046FFF70E
:10501000A3FF002807DD044403353346D0E72270A0
:10502000E01BBDE8F08121463846FFF76FFF0235EF
:10503000C6E70AB104F014B81046704713460A4692
:1050400011B1197803F0BCBF084670470AB104F0EB
:1050500037B8704708B50B68B3F1804F02D30D48DD
:10506000FFF72FFF93420BD9B3EB420F4FEA4200F9
:1050700006D2B0F1804F2ABF6FF0404308600B604A
:105080000868013001D5FFF716FFBDE80840FFF7BB
:1050900037BD00BF7AA2030850F8083B834202D014
:1050A0001846DEF72DBD704708B5034608465B6815
:1050B0009842114603D902460148FFF708FF08BD90
:1050C00092A20308406801F180410139091A914216
:1050D00008B502D21846FFF7F4FE08BD03688B42FC
:1050E00006D840681844814294BF002001207047D0
:1050F00001207047012A10B502D10A78027010BD54
:10510000FFF7A4FFFBE7012A30B403D10B7803704B
:1051100030BC7047002AFBD030BC04F06BB80B46A3
:10512000012B10B41146044603D122705DF8044BE4
:105130007047002BFAD05DF8044B1A4604F0C2B851
:1051400037B50F2904460191154606D9002201A959
:10515000FFF780FF019B2060A360019919B12068CF
:105160002A46FFF7DCFF019B226863600021D154CF
:1051700003B030BD8842F7B504460E461ED0034644
:105180004D6853F8082B9A4214BF82680F22AA4236
:105190000AD201A90195FFF75DFF07462046FFF7F8
:1051A0007BFF019B2760A36025B1316820682A46F8
:1051B000FFF7A0FF2368656000225A5503B0F0BDD9
:1051C0002DE9F3470A9E1F46436801EB0208B21A15
:1051D0001A44A3EB08090346019253F8082B9A429C
:1051E00018BF82680D4608BF0F2201A90446FFF7C9
:1051F00031FF82461DB121682A46FFF77BFF37B198
:105200002EB1324639460AEB0500FFF773FFB9F1BC
:10521000000F07D0216835444A4641440AEB050097
:10522000FFF768FF2046FFF737FF019BC4F800A097
:10523000A36002B0BDE8F08737B5054643689942E0
:105240002CBF0191019355F8081B8D4218BF82684D
:105250000446019808BF0F22904212D001D80F28AF
:1052600011D901A92046FFF7F5FE626821680132D5
:105270000546FFF73FFF2046FFF70EFF019B256025
:10528000A36003B030BD8D42FBD05A1C2846FFF707
:1052900031FF2068DEF734FC2560F2E72DE9F341A9
:1052A00016461D4604461C4B2A460F463146FFF75C
:1052B00009FF2346626853F8080B984218BFA36899
:1052C000A5EB0608904408BF0F2343451BD3F319F1
:1052D000D21A06D0AE4204D0384481192844FFF7D0
:1052E00012FF35B120689DF8202029463844FFF789
:1052F00016FF2368C4F804800022204603F8082023
:1053000002B0BDE8F08100950023324639462046C0
:10531000FFF756FFE5E700BFC9A203082DE9F74FE5
:105320000C9D144680462A4689461F462146394B25
:10533000FFF7C8FE4246D8F8043052F8086B964290
:1053400018BFD8F80820A5EB040B03EB0B0A08BF25
:105350000F22524551D34E443946A1444046A3EB57
:105360000909FFF7BBFE80B1B9F1000F06D0AC42CE
:1053700004D04A4631197019FFF7C5FE15B32A4605
:1053800039463046FFF7B6FE1CE035B1AC423CD39F
:105390002A4639463046FFF7B6FEB9F1000F11D064
:1053A000AC420FD04A4631197019FFF7ACFEAC423F
:1053B00008D234447B199C420FD32A4639463046E2
:1053C000FFF7A1FED8F80030C8F804A0002240463C
:1053D00003F80A2003B0BDE8F08FBC4203D82A4688
:1053E00007EB0B01CDE7E41B224639463046FFF7B9
:1053F0008AFE2A1B71193019C4E700953B462246E4
:1054000049464046FFF7DCFEDCE7B9F1000FD0D09B
:10541000C8E700BFE6A2030873B504462346406808
:1054200053F8086B9E4218BFA36800EB020508BF43
:105430000F239D420AD812B13044FFF75BFE236868
:105440006560002220465A5502B070BD00920B469E
:10545000002201462046FFF7B3FEF0E72DE9F743AF
:105460000E461D46416823B9914221D24FF0FF32CA
:105470001EE09142FAD9D0F8008033788DF80730D9
:1054800008EB010708EB0200891AC5F10109A942DE
:10549000ECD30DF107024944FFF7D0FD0446002884
:1054A000E4D02A463146FFF7C4FD28B9A4EB080230
:1054B000104603B0BDE8F083601C391AE7E7436883
:1054C00010B57BB1013B9A4228BF1A46531C05D048
:1054D00003689B5C8B4202F1FF3401D1104610BD82
:1054E0002246F3E74FF0FF32F8E7F8B505460F46DE
:1054F0001E4614465EB16B689C4208D22A6831464B
:1055000022443846FFF79AFD18B90134F2E74FF00C
:10551000FF342046F8BDF8B544680F461E467CB1FE
:1055200073B1013C9442056828BF14462A193146DC
:105530003846FFF783FD08B9013CF7D22046F8BD95
:105540004FF0FF34FAE72DE9F041D0F8048005462A
:105550000E461F461446444508D22A68394622445E
:105560003046FFF76BFD18B10134F4E74FF0FF341C
:105570002046BDE8F08173B54668019105460846AE
:1055800006F0DEF8864204463246019928BF0246FC
:105590002868FFF74EFD00B9301B02B070BD000057
:1055A0002DE9F0410D461746984600F108030446E0
:1055B000036039460A4A2846FFF776FD2E686A6876
:1055C0003118D21B20464FF00003424594BF8A1881
:1055D00001EB0802DBF76EF82046BDE8F08100BF62
:1055E000FFA2030837B50D46044611462846064A71
:1055F0000193FFF759FD019B024629462046FFF71C
:10560000CFFF204603B030BD1AA30308024B186831
:10561000BFF35B8F704700BF7407002081F000412B
:1056200002E000BF83F0004330B54FEA41044FEA87
:10563000430594EA050F08BF90EA020F1FBF54EA22
:10564000000C55EA020C7FEA645C7FEA655C00F0BE
:10565000E2804FEA5454D4EB5555B8BF6D420CDD8F
:105660002C4480EA020281EA030382EA000083EA12
:10567000010180EA020281EA0303362D88BF30BDB2
:1056800011F0004F4FEA01314FF4801C4CEA113108
:1056900002D0404261EB410113F0004F4FEA033367
:1056A0004CEA133302D0524263EB430394EA050FF2
:1056B00000F0A780A4F10104D5F1200E0DDB02FA61
:1056C0000EFC22FA05F2801841F1000103FA0EF2F5
:1056D000801843FA05F359410EE0A5F120050EF1BB
:1056E000200E012A03FA0EFC28BF4CF0020C43FAEC
:1056F00005F3C01851EBE37101F0004507D54FF0F9
:10570000000EDCF1000C7EEB00006EEB0101B1F548
:10571000801F1BD3B1F5001F0CD349085FEA30008E
:105720004FEA3C0C04F101044FEA445212F5800F99
:1057300080F09A80BCF1004F08BF5FEA500C50F136
:10574000000041EB045141EA050130BD5FEA4C0C19
:10575000404141EB0101013C28BFB1F5801FE9D276
:1057600091F0000F04BF01460020B1FA81F308BF99
:105770002033A3F10B03B3F120020CDA0C3208DD65
:1057800002F1140CC2F10C0201FA0CF021FA02F140
:105790000CE002F11402D8BFC2F1200C01FA02F1B0
:1057A00020FA0CFCDCBF41EA0C019040E41AA2BFD5
:1057B00001EB0451294330BD6FEA04041F3C1CDA9D
:1057C0000C340EDC04F11404C4F1200220FA04F0BD
:1057D00001FA02F340EA030021FA04F345EA030167
:1057E00030BDC4F10C04C4F1200220FA02F001FA29
:1057F00004F340EA0300294630BD21FA04F02946AB
:1058000030BD94F0000F83F4801306BF81F4801143
:105810000134013D4EE77FEA645C18BF7FEA655CB6
:1058200029D094EA050F08BF90EA020F05D054EA88
:10583000000C04BF1946104630BD91EA030F1EBF8D
:105840000021002030BD5FEA545C05D14000494191
:1058500028BF41F0004130BD14F580043CBF01F584
:10586000801130BD01F0004545F0FE4141F470016A
:105870004FF0000030BD7FEA645C1ABF1946104645
:105880007FEA655C1CBF0B46024650EA013406BF46
:1058900052EA033591EA030F41F4002130BD00BF05
:1058A00090F0000F04BF0021704730B54FF48064C2
:1058B00004F132044FF000054FF0000150E700BF43
:1058C00090F0000F04BF0021704730B54FF48064A2
:1058D00004F1320410F0004548BF40424FF000018F
:1058E0003EE700BF42004FEAE2014FEA31014FEAD2
:1058F00002701FBF12F07F4393F07F4F81F0605121
:10590000704732F07F4208BF704793F07F4F04BF6B
:1059100041F40021704730B54FF4607401F0004548
:1059200021F000411CE700BF50EA010208BF7047A8
:1059300030B54FF000050AE050EA010208BF704799
:1059400030B511F0004502D5404261EB41014FF402
:10595000806404F132045FEA915C3FF4D8AE4FF00A
:1059600003025FEADC0C18BF03325FEADC0C18BFED
:10597000033202EBDC02C2F1200300FA03FC20FA3E
:1059800002F001FA03FE40EA0E0021FA02F114448B
:10599000BDE600BF70B54FF0FF0C4CF4E06C1CEAA4
:1059A00011541DBF1CEA135594EA0C0F95EA0C0F15
:1059B00000F0DEF82C4481EA030621EA4C5123EA88
:1059C0004C5350EA013518BF52EA033541F48011B7
:1059D00043F4801338D0A0FB02CE4FF00005E1FB6A
:1059E00002E506F00042E0FB03E54FF00006E1FBB4
:1059F00003569CF0000F18BF4EF0010EA4F1FF04F7
:105A0000B6F5007F64F5407404D25FEA4E0E6D4136
:105A100046EB060642EAC62141EA55514FEAC52047
:105A200040EA5E504FEACE2EB4F1FD0C88BFBCF5C3
:105A3000E06F1ED8BEF1004F08BF5FEA500E50F174
:105A4000000041EB045170BD06F0004646EA01013A
:105A500040EA020081EA0301B4EB5C04C2BFD4EB6C
:105A60000C0541EA045170BD41F480114FF0000E65
:105A7000013C00F3AB8014F1360FDEBF002001F0D3
:105A8000004170BDC4F10004203C35DA0C341BDC4D
:105A900004F11404C4F1200500FA05F320FA04F01F
:105AA00001FA05F240EA020001F0004221F0004153
:105AB00010EBD37021FA04F642EB06015EEA430EC6
:105AC00008BF20EAD37070BDC4F10C04C4F12005F6
:105AD00000FA04F320FA05F001FA04F240EA0200A9
:105AE00001F0004110EBD37041F100015EEA430E7A
:105AF00008BF20EAD37070BDC4F1200500FA05F29A
:105B00004EEA020E20FA04F301FA05F243EA020318
:105B100021FA04F001F0004121FA04F220EA020027
:105B200000EBD3705EEA430E08BF20EAD37070BD6D
:105B300094F0000F0FD101F00046400041EB01014D
:105B400011F4801F08BF013CF7D041EA060195F02F
:105B5000000F18BF704703F00046520043EB0303E9
:105B600013F4801F08BF013DF7D043EA06037047D6
:105B700094EA0C0F0CEA135518BF95EA0C0F0CD0E1
:105B800050EA410618BF52EA4306D1D181EA030127
:105B900001F000414FF0000070BD50EA410606BF21
:105BA0001046194652EA430619D094EA0C0F02D166
:105BB00050EA013613D195EA0C0F05D152EA0336AB
:105BC0001CBF104619460AD181EA030101F00041C9
:105BD00041F0FE4141F470014FF0000070BD41F012
:105BE000FE4141F4780170BD70B54FF0FF0C4CF4EC
:105BF000E06C1CEA11541DBF1CEA135594EA0C0F0B
:105C000095EA0C0F00F0A7F8A4EB050481EA030E57
:105C100052EA03354FEA013100F088804FEA03333E
:105C20004FF0805545EA131343EA12634FEA02220C
:105C300045EA111545EA10654FEA00260EF00041CD
:105C40009D4208BF964244F1FD0404F5407402D21F
:105C50005B084FEA3202B61A65EB03055B084FEAB0
:105C600032024FF480104FF4002CB6EB020E75EBAD
:105C7000030E22BFB61A754640EA0C005B084FEAD5
:105C80003202B6EB020E75EB030E22BFB61A754652
:105C900040EA5C005B084FEA3202B6EB020E75EB9D
:105CA000030E22BFB61A754640EA9C005B084FEA15
:105CB0003202B6EB020E75EB030E22BFB61A754622
:105CC00040EADC0055EA060E18D04FEA051545EA11
:105CD00016754FEA06164FEAC30343EA52734FEABA
:105CE000C2025FEA1C1CC0D111F4801F0BD141EA33
:105CF00000014FF000004FF0004CB6E711F4801F98
:105D000004BF01430020B4F1FD0C88BFBCF5E06F77
:105D10003FF6AFAEB5EB030C04BFB6EB020C5FEA87
:105D2000500C50F1000041EB045170BD0EF0004EDC
:105D30004EEA113114EB5C04C2BFD4EB0C0541EA0E
:105D4000045170BD41F480114FF0000E013C90E60B
:105D500045EA060E8DE60CEA135594EA0C0F08BFCF
:105D600095EA0C0F3FF43BAF94EA0C0F0AD150EACE
:105D700001347FF434AF95EA0C0F7FF425AF104661
:105D800019462CE795EA0C0F06D152EA03353FF489
:105D9000FDAE1046194622E750EA410618BF52EA06
:105DA00043067FF4C5AE50EA41047FF40DAF52EADA
:105DB00043057FF4EBAE12E74FF0FF3C06E000BF77
:105DC0004FF0010C02E000BF4FF0010C4DF804CD84
:105DD0004FEA410C7FEA6C5C4FEA430C18BF7FEA44
:105DE0006C5C1BD001B050EA410C0CBF52EA430C72
:105DF00091EA030F02BF90EA020F0020704710F1F2
:105E0000000F91EA030F58BF994208BF90422CBF80
:105E1000D8176FEAE37040F0010070474FEA410C79
:105E20007FEA6C5C02D150EA013C07D14FEA430C97
:105E30007FEA6C5CD6D152EA033CD3D05DF8040B08
:105E4000704700BF8446104662468C46194663463A
:105E500000E000BF01B5FFF7B7FF002848BF10F111
:105E6000000F01BD4DF808EDFFF7F4FF0CBF012056
:105E700000205DF808FB00BF4DF808EDFFF7EAFFD2
:105E800034BF012000205DF808FB00BF4DF808ED8D
:105E9000FFF7E0FF94BF012000205DF808FB00BF82
:105EA0004DF808EDFFF7CEFF94BF012000205DF80C
:105EB00008FB00BF4DF808EDFFF7C4FF34BF012019
:105EC00000205DF808FB00BF4A0011D212F5001255
:105ED00011D20DD56FF47873B3EB62520ED44FEA42
:105EE000C12343F0004343EA505323FA02F07047C2
:105EF0004FF00000704750EA013002D14FF0FF3000
:105F000070474FF0000070474FEA4102B2F1E043A2
:105F100024BFB3F5001CDCF1FE5C0DD901F0004C90
:105F20004FEAC0024CEA5070B2F1004F40EB8300E0
:105F300008BF20F00100704711F0804F21D113F10C
:105F40003872BCBF01F00040704741F480114FEA45
:105F50005252C2F11802C2F1200C10FA0CF320FACE
:105F600002F018BF40F001004FEAC1234FEAD323EB
:105F700003FA0CFC40EA0C0023FA02F34FEA430355
:105F8000CCE77FEA625307D150EA01331EBF4FF0DE
:105F9000FE4040F44000704701F0004040F0FE40F9
:105FA00040F40000704700BF07EE900AF5EEC07A9B
:105FB000F1EE10FA01D400F023B8F1EE677A08B5DB
:105FC00017EE900A00F01CF8404261EB410108BD59
:105FD00038B50022002304460D46FFF74DFF28B9CF
:105FE00020462946BDE8384000F02AB8204605F191
:105FF000004100F025F8404261EB410138BD00BF8F
:10600000D0B5FFF76FFC0C4B002206460F46FFF79A
:10601000C1FCFFF759FF0446FFF742FC074B002283
:10602000FFF7B8FC02460B4630463946FFF7FAFA4E
:10603000FFF74AFF2146D0BD0000F03D0000F041CF
:10604000D0B50C4B002206460F46FFF7A3FCFFF726
:106050003BFF0446FFF724FC074B0022FFF79AFCA6
:1060600002460B4630463946FFF7DCFAFFF72CFFB5
:106070002146D0BD0000F03D0000F04153EC102B54
:1060800070B5C3F30A55A5F2FF311329184610EE77
:10609000104A21DC002908DB1F4D0D4105EA0306EB
:1060A000344310D143EC102B70BD03F0004001319C
:1060B00004BF40F07F5040F44010002403462246C5
:1060C00043EC102B70BD4FF4002343FA01F1084458
:1060D00020EA05000024F1E733290ADDB1F5806FDD
:1060E000E0D110EE100A1946FFF79EFA41EC100BB2
:1060F00070BDA5F213454FF0FF3626FA05F52A428A
:10610000D0D00123C1F1330103FA01F1641828BF93
:10611000C01824EA0504D1E7FFFF0F0038B510EEE0
:10612000105A25F00044B4F1A14FF0EE407A0BDB99
:10613000B4F1FF4F56DCDFED4E7A9FED4E0A002D95
:10614000C8BFB0EE670A38BD4B4B9C425CDCB4F173
:10615000445F4ADB4FF0FF3267EEA76ADFED471A74
:10616000DFED472A9FED472A9FED473ADFED473A9B
:106170009FED474ADFED474A9FED475ADFED475A0B
:106180009FED470A9FED476A26EEA67A531CE7EE7D
:10619000212AA7EE023AE2EE873AA3EE074AE3EE9F
:1061A000874AA4EE075AE4EE875AA5EE070AA5EE41
:1061B000876A20EE070AA6EE260A20EE270A20D0DC
:1061C000394B03EB8203D3ED046A93ED007A30EE92
:1061D000660A002D70EE677A37EE670AB3DAB1EE21
:1061E000400A38BD30EE000A38BD9FED307A30EEFF
:1061F000077AF7EE006AB4EEE67AF1EE10FAA9DD5E
:1062000038BD37EEC00A38BD00F0E2F8284B9C429A
:106210000FDCA3F5D0039C4220DCF0EE007ABFEE49
:10622000007AA0EE277A002230EE270AC7EE007A25
:1062300092E7204B9C420BDCF7EE087AB7EE007A2F
:10624000A0EE277A022230EE670AC0EE077A83E7D3
:10625000BFEE007AC7EE007A03227DE7F7EE007A00
:1062600030EE677A30EE270A0122C7EE007A73E734
:10627000DB0FC93FDB0FC9BFFFFFDF3ED769853C9E
:1062800059DA4B3D21A215BD6BF16EBD356B883DD2
:1062900095879DBD6E2EBA3D388EE3BD2549123ED1
:1062A000CDCC4CBEABAAAA3E30A30308CAF24971BA
:1062B000FFFF973FFFFF1B4010EE102A22F0004126
:1062C000CB0D7F3B162B2FDC002B18DB1949194116
:1062D0000A4228D0DFED187A70EE277AF5EEC07A00
:1062E000F1EE10FA1FDD002A04DD4FF4000040FA41
:1062F00003F31A4422EA010300EE103A7047DFED7F
:106300000E7A70EE277AF5EEC07AF1EE10FA0ADD19
:10631000002A06DB0029F7EE007A18BFB0EE670A04
:1063200070479FED060A7047B1F1FF4FFBD330EE87
:10633000000A7047FFFF7F00CAF249710000008029
:1063400000B510EE103A204A23F00043934283B088
:1063500019DDB3F1FF4F04DB30EE400A03B05DF806
:1063600004FB684600F0F4FE00F00300012811D0A1
:1063700002281FD0B8B10120DDED010A9DED000A11
:1063800001F0EAFBEAE7DFED110A01F031F803B0B2
:106390005DF804FBDDED010A9DED000A01F0DCFB78
:1063A000B1EE400ADAE7DDED010A9DED000A01F0E9
:1063B0001FF8D3E7DDED010A9DED000A01F018F8A2
:1063C000B1EE400ACAE700BFD80F493F0000000005
:1063D00010EE103A23F0004300EE103A704700BF71
:1063E00010EE102A22F00041CB0D7F3B162B28DC4B
:1063F000002B18DB194919410A4221D0DFED187A28
:1064000070EE277AF5EEC07AF1EE10FA18DD002A68
:1064100004DA4FF4000040FA03F31A4422EA0103BD
:1064200000EE103A7047DFED0E7A70EE277AF5EE47
:10643000C07AF1EE10FA03DD002A08DB9FED090AAD
:106440007047B1F1FF4FFBD330EE000A70470029CF
:10645000FFEE007A18BFB0EE670A7047FFFF7F00BB
:10646000CAF24971000000009FED010A704700BFA9
:106470000000807F82B08DED010A019BC3F3C752FB
:10648000002BA2F17F01B4BF4FF0FF3001201E2985
:106490000DDC00291BDBC3F31603162943F40003AC
:1064A0000DDD963A934003FB00F002B07047DDED3E
:1064B000017AFDEEE77A17EE900A02B070474FF4CA
:1064C00080020A411344C1F11701CB40EBE70131CF
:1064D00018BF002002B0704782B08DED010A01990B
:1064E000C1F3C753A3F17F02162A16DC002A0DDB85
:1064F00010481041084212D04FF4800313410B445E
:1065000023EA000300EE103A02B07047013201F0B6
:106510000043F7D143F07E53F4E7802A03D09DED8A
:10652000010A02B07047DDED017A37EEA70A02B02A
:10653000704700BFFFFF7F0000B510EE103A214A00
:1065400023F00043934283B01ADDB3F1FF4F04DB25
:1065500030EE400A03B05DF804FB684600F0F8FD39
:1065600000F00300012813D0022820D0B8B1DDEDDF
:10657000010A9DED000A00F03BFFB1EE400AE9E799
:106580000020DFED110A01F0E7FA03B05DF804FB2B
:10659000DDED010A9DED000A00F02AFFDAE7012097
:1065A000DDED010A9DED000A01F0D6FAD2E70120E7
:1065B000DDED010A9DED000A01F0CEFAB1EE400AD0
:1065C000C8E700BFD80F493F0000000000F0FEB848
:1065D00008B52DED028BB0EE408A00F0B5F9144BF2
:1065E00093F90030013314D0B4EE488AF1EE10FA7A
:1065F0000FD6B5EEC08AF1EE10FA0ADCB5EE408A8D
:10660000F1EE10FA08D101F0DBFB22239FED090A1D
:106610000360BDEC028B08BD01F0D2FBBDEC028B28
:10662000212303600448BDE8084001F0E7BA00BF39
:10663000D5010020000080FF0C4F030808B52DEDA8
:10664000048BF0EE408AB0EE608A00F077FA474B98
:1066500093F900300133B0EE409A1FD0B4EE488A6F
:10666000F1EE10FA1AD6F4EE688AF1EE10FA59D665
:10667000DFED3F9AF4EE698AF1EE10FA13D1B4EE31
:10668000698AF1EE10FA29D0B0EE480A01F0ACFAAE
:1066900020B1B4EEE98AF1EE10FA4DD4B0EE490A19
:1066A000BDEC048B08BD01F09FFAF0B1B5EE409A45
:1066B000F1EE10FAF2D1B0EE680A01F095FA002876
:1066C000ECD0B0EE480A01F08FFA0028E6D001F0D5
:1066D00077FB222303609FED269ADFE7B7EE009A4F
:1066E000B0EE490ABDEC048B08BDB0EE680A01F0BB
:1066F0007BFA0028DAD0B0EE480A01F075FA0028DB
:10670000D4D0B4EE499AF1EE10FA28D601F058FB35
:10671000F5EEC08A2223F1EE10FA036013D49FED48
:10672000159ABBE7B5EE408AF1EE10FAF7EE007A63
:1067300008BFB0EE679AB1E701F042FB2123036086
:106740009FED0D9AAAE7B0EE480A01F05DFAB4EEAB
:10675000480AF1EE10FAE2D09FED079A9EE701F0A9
:106760002FFB212389EEA99A036097E7D50100202A
:10677000000000000000807F000080FF08B52DEDC4
:10678000028BB0EE408A00F02FFE0E4B93F90030E2
:1067900001330BD0B4EE488AF1EE10FA06D6DFEDE5
:1067A0000A8AB4EEE88AF1EE10FA02D4BDEC028B4C
:1067B00008BD01F005FB88EEA80ABDEC028B212381
:1067C000036008BDD50100200000000010B582B0B4
:1067D000CDED010A019B23F00042B2F1FF4FF0EE34
:1067E000407A19DC10EE100A20F00041B1F1FF4FA1
:1067F00012DCB3F17E5F51D09C1704F0020444EA2E
:10680000D07479B9022C36D09FED440A032C18BFFE
:10681000B0EE670A02B010BD9DED017A37EE270A8F
:1068200002B010BDF2B1B2F1FF4F27D0B1F1FF4F6E
:1068300052D08A1AD2153C2A35DC002B43DA3C327E
:1068400041DA9FED370A012C58D0022C4DD0002C94
:10685000E6D0DFED347A9FED347A70EE277A37EEAA
:10686000C70ADDE79FED310ADFED317A0028B8BFB6
:10687000B0EE670AD4E79FED2C0AD1E7B1F1FF4FE4
:1068800014D0022CF7D0032C3FD0DFED2A7A9FEDF5
:10689000240A012C08BFB0EE670AC1E702B0BDE8C8
:1068A0001040FFF73BBC9FED210ACCE7022C32D011
:1068B000032C2DD0DFED207A9FED200A012C08BF9C
:1068C000B0EE670AACE79DED010A87EE800AFFF79C
:1068D0007FFDFFF723FCB6E7DFED147A9FED140A86
:1068E0000028A8BFB0EE670A9AE7DFED0E7A9FEDA9
:1068F0000E7A70EE277A37EE670A91E710EE103ABB
:1069000003F1004300EE103A8AE79FED040A87E79F
:106910009FED0B0A84E79FED0B0A81E7DB0F49C06F
:10692000000000002EBDBB33DB0F4940DB0FC93F29
:10693000DB0FC9BF00000080DB0F49BFDB0F493F01
:10694000E4CB16C0E4CB164010EE103A33F0004210
:106950002DD0002B32DBB3F1FF4F3FDAB3F5000F40
:1069600030B432DB0025654A6549C3F3160422447E
:1069700002F40002DB1582F07E507F3B20432B4463
:1069800000EE100A04F10F05B7EE007A294003EB80
:10699000D25330EE477A21BBB5EE407AF1EE10FAD1
:1069A00062D1002B40F08D809FED560A69E09FED8B
:1069B000567ADFED547A87EE270A704770EE407AF8
:1069C0009FED507A87EE870A7047DFED507A60EED0
:1069D000277A6FF0180517EE903AC4E730EE000AF8
:1069E0007047F0EE007A77EE277A9FED493ADFEDB7
:1069F000494ADFED495ADFED493A9FED495A9FED8B
:106A0000490ADFED496A494987EE274AC4F557121A
:106A1000214402F522720A43002A07EE903A24EE3E
:106A2000046AF8EEE72A66EE067AE7EE834AA7EEF6
:106A3000A35AE4EEA75AE5EE276AA5EEA70A20EED0
:106A4000060AA6EEA70A1EDDF6EE007A67EE277AA2
:106A500067EE877A30EE270A20EE040A23BB37EE72
:106A6000C00A37EE400A0CE0DFED317AB6EE000ADC
:106A7000A7EE670A67EE077A20EE270A73BB37EEA8
:106A8000400A30BC704737EE400A20EE040A002B63
:106A9000F5D0DFED286ADFED287AA2EEE60A30EEC7
:106AA000470A92EEA70AECE79FED226ADFED226A21
:106AB000A2EE860A37EEC00A30EE470A92EEA60A28
:106AC000DFE707EE903A9FED1B0A9FED1B7AF8EE89
:106AD000E77A27EE800AA7EE870AD2E707EE903A18
:106AE0009FED146ADFED146AF8EEE77AA7EEC60AA6
:106AF00030EE470A97EEA60AC3E700BF20FB4A0024
:106B0000F0FF7F0000000000000000CC0000004CFF
:106B10009788173E25333A3E2549923E4FD01C3E7A
:106B2000298E633EABAA2A3FCDCCCC3E305CCFFF52
:106B3000ABAAAA3ED1F717378071313F2DE9F04754
:106B40002DED028B82B0CDED000A009C8DED010A87
:106B500034F0004714D0DDF8048028F00046B6F188
:106B6000FF4F07DDBD4802B0BDEC028BBDE8F0472A
:106B700001F044B8B7F1FF4F09DDB6F17E5FF1D106
:106B8000B7EE000A02B0BDEC028BBDE8F087B8F1A9
:106B9000000FC0F2F9804FF00009B7F1FF4F00F08D
:106BA0000681B7F17E5F00F02C81B4F1804F00F0D8
:106BB0004181019DDDF800A0B4F17C5F00EE105A28
:106BC00040F00281B8F1000F80F23981FFF700FC3C
:106BD000B6F1FF4F00F00A81002E00F00381B6F1FC
:106BE0007E5F00F0F9804FEAD873013B59EA030257
:106BF00000F02C81B7F19A4F40F35281984A9642A7
:106C000040F36382974A964200F30081F7EE007AE0
:106C100030EE670ADFED946ADFED947A9FED945AC7
:106C20009FED946AF1EE405AB5EE007AE5EE876A80
:106C3000B6EE007AA6EEC07A60EE006A27EE267AFB
:106C400067EEC77AE0EE057AF0EE676AE0EE066A74
:106C500016EE902A22F47F6222F00F0207EE102A2D
:106C6000A5EE867A06EE902A77EEC77A24F47F6442
:106C700024F00F0407EE10AA06EE104A67EE877A9A
:106C800037EE466A07EE104AE6EE267A09F1FF393A
:106C900059EA030326EE877AB7EE000A77EE876A91
:106CA000BFEE006A16EE902A0CBFB0EE468AB0EE38
:106CB000408A002A22F0004340F3BD81B3F1864FA1
:106CC00000F3FC8100F0EF81B3F17C5F00F3BF8142
:106CD0000021084622F47F6323F00F0306EE103AEA
:106CE000DFED656ADFED655A9FED653ADFED653AE8
:106CF0009FED652A9FED654ADFED654A9FED655A78
:106D000036EE477AF0EE002A77EEC77A26EE267A3C
:106D1000A7EEA57AF7EE005AF0EE477AA6EE037AD0
:106D200067EE076AF0EE471AE6EE431AB0EE636AC2
:106D3000A6EE826A77EEE17AA6EE264AE7EE277A99
:106D4000E4EE264AA4EEA65AB0EE456AB0EE475AE3
:106D5000A6EE665AF0EE456A36EEE26A27EE055A6E
:106D6000C5EE066A76EEE77A37EEC77A35EEC70AE1
:106D700010EE103A0B44B3F5000FC0F2BE8100EEE6
:106D8000103A20EE080AFDE6B7F1974F19DAB7F18D
:106D90007E5F09DBFB15C3F1960347FA03F202FAA3
:106DA00003F3BB4200F042814FF00009F9E6B6F16F
:106DB0007E5F3FF4E5AE2FDD002C2ADB9DED000A5F
:106DC000E0E64FF00209E8E6FFF702FBB6F1FF4FFD
:106DD00002D0002E7FF403AF002CBCBFF7EE007A88
:106DE00087EE800AB8F1000FBFF6CCAEA6F17E5652
:106DF00056EA090340F0138170EE407A87EEA70A45
:106E0000C0E6002C0FDB9DED010ABBE6002C00F371
:106E10005F819FED210AB5E6002CFADADDED007AFC
:106E2000B1EE670AAEE69DED017AF7EE007A87EEE5
:106E3000870AA7E6DDED017A27EEA70AA2E602B0EF
:106E4000BDEC028BBDE8F04700F0CEBA07EE905AD9
:106E500077EEE77A87EEA70A94E600BF0C4F0308A7
:106E6000F7FF7F3F0700803FABAAAA3E3BAAB83F8F
:106E700070A5EC3600AAB83F8CBEBF351872313F02
:106E80000072313F0EEADDB54CBB313355B38A3861
:106E9000610B36BBABAA2A3E000000000000804B0D
:106EA00018F0FF4F40F0FD805FED047A60EE277A26
:106EB0006FF0170217EE906A9148F115C6F31606A7
:106EC0007F398642114446F07E5240F3E2808D487D
:106ED000864240F302819FED8C5A0131A2F50002F7
:106EE000F0EE453A0020B7EE006A06EE902A76EE04
:106EF000867AB7EE007A87EE278A521042F0005267
:106F000002F58022024436EEC67A07EE902A27EE7A
:106F1000084A77EEC65ADFED7D8A9FED7D0A7D4AED
:106F2000DFED7D1ADFED7D0A9FED7D1A9FED7D2A55
:106F3000DFED7D2A9FED7D3A24EE046A14EE100AFF
:106F4000A6EE280A104076EEE56AF0EE615A04EEED
:106F5000900AE0EE065AF1EE641AA1EEA77AF0EE7E
:106F6000607AE5EE867AA1EEA67AF0EE415AE7EE77
:106F7000865A67EE086AB0EE427AA5EE867A74EE1B
:106F8000247A26EE066A67EEA67AF0EE085AE6EE56
:106F9000077AB0EE657AA4EEA47A9FED652A37EE03
:106FA000276A07EE101A16EE101A114006EE101A94
:106FB00076EE655AB8EEC77AE1EEA45A77EEE57A36
:106FC00067EE847AE6EE867AF0EE675AE4EE865A49
:106FD00015EE901A114006EE901AE1EE866A05EE63
:106FE000901A77EEE67A67EEA27AE5EE837A77EE8C
:106FF000A37AF0EE676AE5EE826A76EE856A76EE4F
:10700000876A16EE901A114006EE901A36EEC77A8D
:1070100037EE457AA5EEC27A77EEC77A26E6B9F161
:10702000010F7FF4AFADB1EE400AABE502F0010213
:10703000C2F10209B5E53F498B4257DC7FF444AE0B
:1070400076EEC76AF4EEE76AF1EE10FA4EDADB1577
:107050004FF400017E3B41FA03F31344C3F3C751DD
:10706000354C7F390C41C3F3160023EA040306EEC6
:10707000903A37EE667AC1F1170140F400000841FA
:10708000002A77EE876AB8BF4042C10516EE902A03
:1070900020E69FED1D5A0020F0EE453AB7EE006A5B
:1070A00023E7002208E79FED256A76EEC76A37EEF0
:1070B000866AB4EEE66AF1EE10FAC8DDDFED207AFA
:1070C00028EE270A20EE270A5CE5002CBFF6A1AEC9
:1070D0009FED1B0A20EE000A54E59FED1A5ADFEDE2
:1070E0001A3A4FF40010B7EE086AFEE6DFED177AA1
:1070F00028EE270A20EE270A44E500F0E1FD40E6ED
:1071000071C41C00D6B35D000000000042F1533E84
:1071100055326C3E00F0FFFF05A38B3EABAAAA3EA2
:10712000B76DDB3E9A99193F4F38763FA0C39D3625
:107130000038763F00001643FFFF7F003CAA38333B
:10714000CAF2497100C0153FDCCFD1356042A20DB3
:1071500070B510EE103A964A23F00044944286B07F
:10716000054668DD934A944210EE106A1ADC002B43
:1071700024F00F04DFED907A904A40F3F2809442BD
:1071800070EE677A66D09FED8E7A77EEC76A01203F
:1071900077EEE67AC5ED006A77EEC77AC5ED017A3B
:1071A00006B070BD874A944267DDB4F1FF4F49DAFB
:1071B000E215863AA4EBC25307EE903ABDEEE77AA9
:1071C000DFED816AB8EEC77A77EEC77A8DED037A84
:1071D00067EEA67ABDEEE77AB8EEC77A77EEC77AA1
:1071E0008DED047A67EEA67AF5EE407AF1EE10FAAC
:1071F000CDED057A40F0A280B5EE407AF1EE10FABE
:1072000014BF02230123714901910221009103A8B7
:10721000294600F06FF9002EC2DA95ED007AD5ED1F
:10722000017AB1EE477AF1EE677A404285ED007A55
:10723000C5ED017AB4E7002285ED000A4260002026
:1072400006B070BD70EE407A0020C5ED017AC5ED44
:10725000007AA5E7DFED5E6A9FED5E7A77EEE67A6B
:10726000012077EEC76A77EEE67AC5ED006A77EE21
:10727000C77AC5ED017A06B070BDFFF7A9F8DFED5A
:10728000566ADFED4D5A9FED4E7AF6EE007AE0EE4B
:10729000267AFDEEE77A17EE900AF8EEE76A1F28E5
:1072A000B1EE666AA6EE250A66EE877A1EDC421EFD
:1072B0004A4B53F8223024F0FF029A4230EE677AAC
:1072C00016D085ED007A30EE470A002E30EE670AC0
:1072D00085ED010ABFF664AFB1EE477AB1EE400A20
:1072E00085ED007A85ED010A404259E730EE677A74
:1072F00017EE103AE415C3F3C753E31A082BE0DD89
:10730000DFED337A9FED337AF0EE405AE6EE275AFE
:1073100030EE650AA6EE270AF0EE407AD6EE877ABE
:1073200035EEE77A17EE103AC3F3C753E41A192C77
:1073300006DC85ED007AB0EE650AC4E7032362E758
:107340009FED277A9FED275AB0EE650AA6EE070A51
:1073500075EEC07AE6EE077AD6EE857A30EE677A79
:10736000AFE7944270EE277A0ED09FED157A77EE54
:10737000876A4FF0FF3077EEE67AC5ED006A77EE68
:10738000877AC5ED017A0BE7DFED116A9FED117A7F
:1073900077EEA67A4FF0FF3077EE876A77EEE67ADF
:1073A000C5ED006A77EE877AC5ED017AF8E600BF91
:1073B000D80F493FE3CB1640800FC93FD00FC93FDC
:1073C00043443537800F494300008043D0A303086E
:1073D0000044353708A3852E84F9223F50A30308C3
:1073E00000A3852E32318D24B1EEC00A704700BF54
:1073F00010EE103A23F00043B3F1485F2CDAFDEEB3
:10740000C07A17EE903A002B60D020EE007ADFEDC4
:10741000314A9FED315ADFED315A9FED316ADFED90
:10742000317ADFED316AA7EE245AE7EE055AA7EE6E
:10743000256AE7EE067AE7EE276A66EE876A60EE6F
:10744000C00AB6EE006AE7EE260AF7EE007AD7EE3B
:10745000060A37EEE00A704720EE007ADFED1D4A9B
:107460009FED1D5ADFED1D5A9FED1D6ADFED1D7A60
:10747000DFED1D6A1D4AA7EE245A9342E5EE075A36
:10748000A5EE876AE6EE077AE7EE876A66EE876A18
:10749000D5DD174A934214DC03F17F4307EE903A9F
:1074A000B7EE006A36EE676A60EEC00AF6EE005A82
:1074B000E7EE260AD7EE257A77EEE07A36EE670A0F
:1074C0007047B6EE076AF5EE027AEDE7B7EE000A0E
:1074D000704700BF4ED747ADF6740F317CF293B4BE
:1074E000010DD037610BB6BAABAA2A3D9999993EE6
:1074F0000000483F2DE9F04F2DED048BDBB0D64C5A
:10750000689D0791111D54F82550049309928146F6
:1075100003F1FF38C0F25782D31E44BF1346043331
:10752000DB1003930133DB000893DDE908239B1A8A
:107530000693039B15EB0801A3EB080316D4013156
:107540009FEDC67A699819441EAA002BA4BF50F873
:10755000234007EE904A03F10103ACBFF8EEE77A4F
:10756000F0EE477A8B42E2EC017AEED1049B002DDB
:107570004FEA830C4FEA850A1DDB1EAB03EB0C04BC
:1075800047AB09EB0C0103EB0A0646A8B8F1000F64
:10759000DFEDB27A09DB22464B46F3EC016A32EDAD
:1075A000017A8B42E6EE877AF7D1E0EC017AB042BD
:1075B00004F10404EAD1AAF108030AAFFB18059309
:1075C000AB4609AB01959FEDA79ADFEDA58A069D15
:1075D00009EB0C049A4446AE4FEA8B015AAB0B44BC
:1075E000BBF1000F13ED140A16DD06EB8B033A46D0
:1075F00060EE097AB0EE407AFDEEE77A73ED016A4B
:10760000F8EEE77AB342A7EEE87A37EEA60ABDEEC7
:10761000C77AA2EC017AEBD12846029100F050FB28
:10762000B0EE408AB4EE000A28EE000AFEF7D8FE5B
:10763000F2EE007AA0EE678A002D0299FDEEC89A5C
:10764000F8EEE97A38EE678A75DD0BF1FF3CC5F19B
:10765000080357F82C2042FA03F000FA03F3D31A78
:1076600047F82C30C5F1070219EE90CA43FA02F22E
:107670008444002A09EE90CA66DCB5EE408AF1EE39
:1076800010FA40F0A380019B0BF1FF3C63450EDC38
:107690000BF18041013907EB8101002051F80439D9
:1076A000514540EA0300F9D1002840F0EE80019BEB
:1076B000013B57F82330002B40F0E280059B01206E
:1076C00053F804290130002AFAD00BF10103584481
:1076D0009C46039A03EB020E049A1EA95A440EF12B
:1076E000804E01EB820269990EF1FF3E01EB8E0E96
:1076F00006EB830B5EF8043F9FED587A07EE903A55
:10770000F8EEE77A1146B8F1000FE1EC017A09DBF7
:107710004B4601E072ED017AF3EC016AA342A6EE5A
:10772000A77AF7D10CF1010C8445ABEC017A0A463B
:10773000E0DD834650E740F099800BF1FF3357F8C6
:1077400023201212002A98DD19EE903ABBF1000FA7
:1077500003F1010309EE903A40F3C4813868002830
:1077600061D1BBF1010F0BD0BE464FF0010C5EF8AA
:10777000040F0CF10103002858D19B459C46F6D11B
:10778000002D0CDD012D00F01581022D07D10BF12C
:10779000FF3157F8213003F03F0347F82130022A28
:1077A0007FF46BAFB7EE000A30EE488A00283FF452
:1077B00064AF2846029200F083FA38EE408A029ABB
:1077C000B5EE408AF1EE10FA3FF45DAF9046DDE988
:1077D0000832B0EE480A981A019D00F071FA9FED48
:1077E000207AB4EEC70AF1EE10FAC0F27D81DFED27
:1077F0001D7A069B60EE277A0833FDEEE77A069342
:10780000F8EEE77A0BF10103A7EEC70AFDEEE77A7F
:10781000BDEEC00A10EE102A47F82B2017EE902A72
:1078200047F8232046E001234FF0000CC0F580709C
:107830009B4547F82C000CDD57F82300394407EB33
:10784000830300E01868C0F1FF0043F8040B8B428B
:10785000F8D1012094E700BFE8A60308000000006B
:10786000000080430000803B0000C93FF6EE007A34
:10787000B4EEE78AF1EE10FA80F2AA800022FCE66C
:107880000BF101039C46184623E70699019D90469B
:1078900057F82C200839634606915AB90BF18042FB
:1078A000023A07EB820252F80409013B083900282A
:1078B000F9D0069106980193B7EE000A00F000FA9D
:1078C000019B002BC0F22F819E0046AA06F1040CFA
:1078D0001FED1C7A1644311D07EB0C0272ED017A84
:1078E000F8EEE77ABA4267EE807A20EE070A61ED99
:1078F000017AF3D10DF1C80E002D77464FF0000448
:107900001FED276A1DDB9248DFED927A3146B0EE1B
:10791000467A002203E0A24208DCB0EC017AF1ECE6
:10792000016A01329542E6EE877AF4DA9C42E7EC8E
:10793000017AA6F1040604F101020CD0002D1446D0
:10794000E1DADFED847A9C42E7EC017AA6F10406E5
:1079500004F10102F2D1689A032A22D8DFE802F08A
:10796000B19F9F4ADFED7B7A9DED327A424637EE3A
:10797000677A002A40F0C080079A002BC2ED007A97
:107980000CDD33A90122F1EC017A0132934237EE8A
:10799000277AF8DA43460BB1B1EE477A079B83EDBD
:1079A000017A19EE903A03F007005BB0BDEC048B4E
:1079B000BDE8F08F0BF1FF3157F8213003F07F0362
:1079C00047F82130EBE60823089300230393ACE546
:1079D00019EE903ABBF1000F03F1010309EE903A62
:1079E000C8BF02223FF7BAAEF7EE007A37EEC88A78
:1079F000022242E6002B40F3A88099005AAA0A44CA
:107A00000DF1C80E52ED286A0EEB830272ED017A79
:107A100037EEA67A964577EEC77A82ED007A77EE52
:107A2000A67AF0EE476AC2ED017AEFD1012B40F35E
:107A30008C8003F18043013B5AAA9B0011441A1D1C
:107A400051ED286A724433A972ED017A37EEA67AB5
:107A5000914277EEC77A82ED007A77EEA67AF0EE61
:107A6000476AC2ED017AEFD10833DFED3A7A734409
:107A70000EF1080E33ED017A9E4577EE877AF9D143
:107A80004346DDED326A9DED337A002B3DD1079BF5
:107A9000C3ED006A83ED017AC3ED027A81E7DFED81
:107AA0002D7AF4443CED017AE64577EE877AF9D1F8
:107AB0009DED327A424637EE677A002A3FF45CAF9A
:107AC0001AE0DFED247AF4443CED017AE64577EEE6
:107AD000877AF9D143460BB1F1EE677A079BC3ED84
:107AE000007A5EE700204BE6BDEEC00A5B4610EE72
:107AF000102A47F82B20DDE6079AF1EE677A002B73
:107B0000C2ED007A3FF73DAF46E7079BF1EE666AAC
:107B1000B1EE477AF1EE677AC3ED006A83ED017A40
:107B2000C3ED027A3DE7689A032A3FF63AAF01A116
:107B300051F822F0457B0208657902086579020850
:107B4000F5790208DFED037AC4E7DFED027A97E703
:107B5000F8A603080000000010EE103A23F00043DE
:107B6000B3F1485F04DAFDEEC07A17EE903A5BB3EA
:107B700060EE007A9FED155ADFED155A9FED156AFC
:107B8000DFED156A9FED157AE7EE855A20EE275A4C
:107B9000A5EEA76AE6EE276AA6EEA77A30B9DFED72
:107BA000106AE7EE876AA6EE850A704727EE457AE7
:107BB000F6EE006AA0EEA67ADFED0A6AD7EE270A93
:107BC000E5EE260A30EE600A704700BFD3C92E2FBB
:107BD000342FD7B21BEF3836010D50B98988083CD5
:107BE000ABAA2ABEABAA2A3E10EE103A23F0004000
:107BF000B0F1FF4FACBF0020012070479FED010A9C
:107C0000704700BF0000C07F10EE101A21F0004046
:107C1000C30DA3F17F02162A27DC28B310B4002A73
:107C200083B04FEAD17426DB234B1341194217D09E
:107C30005808014207D04FF4001321EA0001134114
:107C40000B4300EE103A1D4B03EB8404D4ED007A95
:107C500037EE800A8DED010A9DED010A30EE670ACC
:107C600003B05DF8044B70477047B0F1FF4FFBD392
:107C700030EE000A7047C1F316035B420F4A5B0AFD
:107C8000090D03F480030905194302EB8402D2EDC8
:107C9000006A07EE901A36EEA77A8DED017ADDEDD7
:107CA000017A77EEE67A17EE903A23F0004343EA42
:107CB000C47300EE103AD3E7FFFF7F0020A703084C
:107CC00082B08DED010A019B33F000422AD0B2F15F
:107CD000FF4F23D213F0FF4F28D19DED017ADFED46
:107CE0002A7A2A4B67EE277A9842CDED017A37DB64
:107CF000019BC3F3C752193A0244FE2A1ADD9FEDD5
:107D0000240A9FED247A019B002BF0EE407AB8BF45
:107D1000B0EE470A20EE270A02B0704730EE000AA4
:107D200002B070479DED010A02B07047D20D0244C7
:107D3000FE2AE4DC002A0BDC12F1160F17DA4CF2F3
:107D400050339842DBDC9FED140A9FED147ADAE79A
:107D500023F0FF4343EAC25300EE103A02B07047EB
:107D60009FED0D0ADDED017A27EE800AD8E7193282
:107D700023F0FF4343EAC253DFED097A07EE103ADE
:107D800027EE270ACCE700BF0000004CB03CFFFF05
:107D9000CAF24971CAF249F16042A20D6042A28D55
:107DA0000000003310B5054C34B113460A460146B5
:107DB0000220AFF3008010BD204610BD000000007F
:107DC000014B1868704700BFD801002070B500292A
:107DD0003DD005460C4610B18369002B3CD0234BA7
:107DE0009C4237D0224B9C4239D0224B9C4208BF48
:107DF000EC68B4F90C3053B32146284600F072F811
:107E0000236B064633B1216A284698470028B8BF3D
:107E10004FF0FF36A3891B0623D4616B41B104F1F7
:107E20004403994202D0284601F09CFA0023636380
:107E3000A16C21B1284601F095FA0023A36400F05B
:107E400015FB0023A38100F013FB304670BD002614
:107E5000304670BD6C68CCE700F004FBBFE7AC684F
:107E6000C7E72169284601F07DFAD6E768A703082D
:107E700048A7030828A70308024B01461868FFF724
:107E8000A5BF00BFD801002038B5124B1D680446BD
:107E90000DB1AB696BB1104B9C4210D00F4B9C42A3
:107EA00012D00F4B9C4208BFEC68A089C0F3401071
:107EB00038BD284600F0D6FA074B9C42EED16C68DC
:107EC000A089C0F3401038BDAC68A089C0F3401051
:107ED00038BD00BFD801002068A7030848A70308E1
:107EE00028A703088B891A072DE9F0410C46804624
:107EF00041D44A68002A59DDE66A002E53D0002298
:107F0000D8F80050216AC8F8002013F4805251D1EB
:107F100001234046B047431C5FD0A389E66A216A2B
:107F20005F0705D56268636B801A0BB1236CC01ABA
:107F3000024600234046B047461C45D1D8F80030E1
:107F4000B4F90C20002B55D01D2B01D0162B5AD183
:107F500023690022C4E90032616BC8F8005011B3F4
:107F600004F14403994202D0404601F0FBF900209D
:107F70006063BDE8F0810E69AEB10D680E609907CF
:107F80000CBF63690023AD1BA3600AE02B46324699
:107F9000A76A216A4046B8470028A5EB00050644B9
:107FA0000ADD002DF2DC0020BDE8F0810A6C002A19
:107FB000A2DCF8E7606DB3E7A38943F04003A38137
:107FC0004FF0FF30BDE8F0812269A38922600022D2
:107FD0006260DA04C0D56065BEE7D8F80030002BD7
:107FE0009BD01D2B0CD0162B0AD0A38943F0400345
:107FF000A381D9E72169C4E90013D304ACD5EAE72A
:10800000C8F80050CFE742F04002A281CCE700BFA1
:108010000B6923B310B5044682B008B18369BBB1C4
:10802000104B994212D0104B994216D00F4B9942E7
:1080300008BFE168B1F90C302BB1204602B0BDE8B1
:108040001040FFF74FBF002002B010BD6168F1E79C
:10805000019100F007FA0199E2E7A168EAE7002040
:10806000704700BF68A7030848A7030828A70308AC
:1080700020B1054B01461868FFF7CABF034B0449FE
:10808000186800F03FBE00BFD801002088A7030891
:108090001180020810B5044682B008B18369A3B10B
:1080A000144B994218D0144B994221D0134B99424A
:1080B00008BFE1684B68013B002B4B6012DB0B688B
:1080C0005A1C0A60187802B010BD019100F0CAF97C
:1080D0000199084B9942E6D161684B68013B002B3E
:1080E0004B60ECDA204602B0BDE8104002F07EBEE4
:1080F000A168DFE768A7030848A7030828A70308C3
:1081000038B5174B1D6804460DB1AB699BB1154BD3
:108110009C4216D0144B9C421FD0144B9C4208BF6B
:10812000EC686368013B002B636010DB23685A1C1A
:108130002260187838BD284600F094F9094B9C421B
:10814000E8D16C686368013B002B6360EEDA21467E
:108150002846BDE8384002F049BEAC68E1E700BF00
:10816000D801002068A7030848A7030828A7030828
:1081700010B5144600F030FD2060A0F1FF30B0FAD9
:1081800080F0400910BD00BF064B10B50C460146FB
:10819000186800F021FD2060A0F1FF30B0FA80F0F7
:1081A000400910BDD8010020012A5EDD2DE9F0470D
:1081B00016468A461D46814608B183697BB32C4B1F
:1081C0009D4231D02B4B9D4249D02B4B9D4208BF45
:1081D000D9F80C50013ED04617E02F68B44228BFB2
:1081E000344622460A21384600F0EAFE2246394645
:1081F00028BBD5E9003723443F1B4046C5E900377B
:1082000000F05EFF361BA04413D06C68002CE4D154
:108210002946484602F052FD48B96C68DDE700F097
:1082200021F9134B9D42CDD1D9F80450D2E7D04566
:1082300018D0002388F800305046BDE8F0876B68FE
:108240000130C41B1B1B28606B602246404600F0B7
:1082500037FF002308F804305046BDE8F087D9F80E
:108260000850B7E70020BDE8F0870020704700BF46
:1082700068A7030848A7030828A7030810B4044CFC
:1082800013460A46014620685DF8044BFFF78CBF91
:10829000D801002000207047014900F033BD00BF25
:1082A000118002080020704770B54A1E682505FB42
:1082B00002F50E4605F1740101F0AAF8044640B13A
:1082C00000210C30666005F168022160A06000F0BA
:1082D000F9FF204670BD00BF1E4B70B51D68AB692D
:1082E000064643B34835D5E90134013B05D51EE0C8
:1082F000013B5A1C04F1680419D0B4F90C20002A7F
:10830000F6D10025144B6566C4E90055A560C4E9A3
:108310000455A5612946E360082204F15C0000F0E1
:10832000D1FFC4E90D55C4E91255204670BD2C6833
:108330002CB12546D7E7284600F010F8D2E70421F3
:108340003046FFF7B1FF044628600028F1D10C2326
:108350003360EAE788A703080100FFFF2DE9F84F23
:10836000334B34491A68816290424FF00003C0E9F0
:108370001233036504BF012383610546FFF7ACFF99
:1083800068602846FFF7A8FFA8602846FFF7A4FF0B
:108390006E68E86000240423F3607466C6E9004454
:1083A000B460C6E90444B461214606F15C000822C9
:1083B00000F088FFDFF888B0AF68DFF888A0DFF84A
:1083C0008890DFF888801C4BC6F83080C6E9086BBF
:1083D000C6E90AA92146FB6008227C66C7E9004479
:1083E000BC60C7E90444BC6107F15C0000F06AFFAF
:1083F000EE68124BC7F83080C7E9087BC7E90AA9C5
:108400002146F3607466C6E90044B460C6E90444DA
:10841000B46106F15C00082200F054FF0123C6E9B4
:10842000086BC6E90AA9C6F83080AB61BDE8F88FD1
:1084300088A70308998202080900010012000200BF
:10844000B5B20208DDB202081DB302083DB302084E
:10845000024B0349186800F055BC00BF88A7030809
:1084600011800208836903B978E77047704700BF3D
:10847000704700BF704700BF704700BF024B034901
:10848000186800F019BC00BFD801002095820208CE
:10849000024B0349186800F00FBC00BFD801002050
:1084A000A5820208F0B5134683B00F4601AA19460B
:1084B000064605F083FEF0B105463046FFF70CFF97
:1084C0000446C0B139464FF4DB73019A304602F0DE
:1084D000A7FA00281CDB124B1249134AE081C4E9B9
:1084E0000843124B2363EB05A581C4E90A1206D4A5
:1084F000204603B0F0BD0024204603B0F0BD304656
:1085000002230022214600F0B5FA204603B0F0BD58
:108510000025FFF7ABFFA581FFF7AAFF2C46E7E791
:10852000B5B20208DDB202081DB302083DB302086D
:10853000024B0A4601461868FFF7B4BFD801002075
:108540000CB400B583B004AB53F8042B019301F0D5
:1085500007F803B05DF804EB02B070470EB410B535
:1085600083B005AB064C53F8042B019301462068F9
:1085700000F0F6FF03B0BDE8104003B0704700BF45
:10858000D801002010B5044682B008B183697BB1E0
:10859000134B9A4215D0134B9A4219D0124B9A4260
:1085A00008BFE268204602B0BDE8104002F082BA7F
:1085B000CDE90012FFF756FFDDE90012084B9A42A1
:1085C000E9D16268204602B0BDE8104002F072BAFC
:1085D000A268204602B0BDE8104002F06BBA00BFAE
:1085E00068A7030848A7030828A70308174B70B516
:1085F0001D6806460C460DB1AB6983B1144B9C4215
:1086000013D0144B9C4218D0134B9C4208BFEC680B
:10861000314622462846BDE8704002F04BBA284653
:10862000FFF720FF0A4B9C42EBD16C683146224693
:108630002846BDE8704002F03DBAAC68314622469B
:108640002846BDE8704002F035BA00BFD8010020CE
:1086500068A7030848A7030828A703082DE9F041E5
:108660000E461446804608B183695BB3234B9C4297
:108670002DD0234B9C4236D0224B9C4208BFD8F8C9
:108680000C40A3891B0727D523692BB3013E16F89D
:10869000015FA5B1A368013B002BA36007DAA769BE
:1086A000BB4222462946404620DB0A2D1ED02368C5
:1086B0005A1C22601D7016F8015F002DEAD1284671
:1086C000BDE8F081FFF7CEFE0C4B9C42D1D1D8F82B
:1086D0000440A3891B07D7D42146404604F0DCFCA4
:1086E0000028D3D006E0D8F80840CAE704F05EFCC2
:1086F0000130CCD14FF0FF30BDE8F08168A703080E
:1087000048A7030828A70308024B0A460146186831
:10871000FFF7A4BFD80100202DE9F04F83B002FB82
:1087200003F7009299460C9C002F42D00D46064656
:1087300010B18369002B7BD05B4B9C4276D05B4BA6
:108740009C4200F0A8805A4B9C4208BFF468D4F8C1
:108750000480B8F1000F30DBA289D4F800C0920782
:10876000434633D43246BB464646634690460EE007
:1087700000F0A6FC2368334423602146404635447C
:1087800002F09CFA002847D1D4E90036D3465E4572
:10879000324619462846ABEB060AE9D35A4600F0A2
:1087A0008FFCD4E90032A2EB0B025B44C4E9003237
:1087B0004F46384603B0BDE8F08F00221346626092
:1087C0009046A289D4F800C09207CBD5BB4228BFFF
:1087D0003B461A4661462846019300F071FCD4E9F5
:1087E0000002019B616B00EB0308D21AC4E900820E
:1087F000A7EB030B11B3BBF1000F50D004F1440001
:10880000814206D03046019300F0ACFDD4F80080E0
:10881000019B0021616314E03744009BA7EB0B0729
:10882000B7FBF3F7384603B0BDE8F08F74688EE706
:10883000FFF718FE1C4B9C4281D1F7E7BBF1000FFC
:108840002DD0D4E904A2CDF804901D44B946574672
:10885000B2464646904601E08B46F1B1C4E9045B5E
:1088600025602146504602F029FA636826600022FE
:10887000C4E904781D446260ABEB03010028EBD02F
:108880004F461F44009BA7EB0B07B7FBF3F7384697
:1088900003B0BDE8F08FB46859E7DDF804904F46A7
:1088A000384603B0BDE8F08F68A7030848A703085F
:1088B00028A7030810B5054C82B0009313460A465A
:1088C00001462068FFF728FF02B010BDD801002044
:1088D0002DE9F0430F4683B016461C46054610B1FD
:1088E0008369002B6CD0564B9C426ED0554B9C42FA
:1088F0006DD0554B9C4208BFEC68314601AA284612
:1089000005F05CFC0646002800F08980B4F90C30C4
:10891000002B5ED12023A381002F63D1236B002B7A
:108920006ED0216A28469847A3894FF0090803F0C2
:1089300080034FF0FF371BB12169284600F012FD7C
:10894000616B0023C4E901332360C4E90433A361EC
:1089500041B104F14403994202D0284600F002FDDF
:1089600000236363A16C4FF00009C4F8389021B173
:10897000284600F0F7FCC4F84890A289636E4FF0D7
:10898000000922F4005223F40053A2816366C4F864
:108990004C904946082204F15C0000F093FC4F45DE
:1089A00043DB2A482A492B4A2B4BA681C4E90840BD
:1089B000C4E90A12E7812363204603B0BDE8F083CF
:1089C000FFF750FD1E4B9C4290D16C6895E7AC6858
:1089D00093E71B0719D4236BF3B1216A002FA1D0B1
:1089E0002846984739464FF4DB73019A284602F02F
:1089F00017F8A389D5F80080074603F080039AE7AB
:108A00004FF009084FF0FF379AE721462846FFF755
:108A1000FFFA236B002BE0D1002F85D0E2E721463F
:108A20002846FFF7D3F93446C6E7FFF71FFDA4F841
:108A30000C90C5F80080FFF71BFD4C46BCE700BF5B
:108A400068A7030848A7030828A70308B5B20208C7
:108A5000DDB202081DB302083DB3020810B4044C95
:108A600013460A46014620685DF8044BFFF730BF05
:108A7000D801002000F00CB810B4044C13460A468C
:108A8000014620685DF8044B00F002B8D8010020D0
:108A90002DE9F8430C4691461D46064608B1836908
:108AA00003B3384B9C4222D0374B9C422BD0374BE0
:108AB0009C4208BFF468A38903F48473B3F5847FF0
:108AC0001CD0D4F82C80B8F1000F56D0012D1CD04A
:108AD000022D22D00DB3162333604FF0FF373846F6
:108AE000BDE8F883FFF7BEFC264B9C42DCD17468DE
:108AF000A38903F48473B3F5847FE2D12146304621
:108B0000FFF786FADDE7B468D5E72146304600F086
:108B10006DF8431CE1D081440025236943B321460D
:108B20003046FFF775FA07460028D6D12B464A464D
:108B3000216A3046C0470130CFD0616B41B104F1AA
:108B40004403994202D0304600F00CFC00236363DA
:108B5000A3892269226023F402630021A38161605A
:108B600004F15C00082200F0ADFB3846BDE8F88354
:108B70002146304600F0C8F9D1E71D2333604FF09D
:108B8000FF37ACE768A7030848A7030828A703082E
:108B900010B4044C13460A46014620685DF8044BA5
:108BA000FFF776BFD801002008B512680023FFF751
:108BB00061FF003018BF012008BD00BF10B5054C93
:108BC0000A68002301462068FFF754FF003018BFF1
:108BD000012010BDD801002000F008B8024B01466A
:108BE000186800F003B800BFD801002070B50C462B
:108BF000054608B18369F3B1284B9C4220D0284B2D
:108C00009C421FD0274B9C4208BFEC68E66A002EAE
:108C10003ED0A38903F00C02082A26D013F4805218
:108C20001BD0606D5A070FD56268636B801A0BB159
:108C3000236CC01A70BDFFF715FC184B9C42DED1A7
:108C40006C68E3E7AC68E1E71B07F3D52368002B0A
:108C5000F0D022699B1A184470BD216A284601236E
:108C6000B047411C11D0A389DCE72268002AD5D087
:108C70002169521A002AD1DDDA05CFD52846022310
:108C80000022216AB047451CEDD14FF0FF3070BD86
:108C90001D232B604FF0FF3070BD00BF68A7030895
:108CA00048A7030828A70308024B01461868FFF7E6
:108CB0009DBF00BFD80100202DE9F04110F1480709
:108CC0001BD088460026D7E90154013D0FD4A38963
:108CD000012B05F1FF3506D9B4F90E3001332046DA
:108CE00001D0C04706436B1C04F16804EFD13F6814
:108CF000002FE8D13046BDE8F0813E463046BDE861
:108D0000F08100BF2DE9F84310F148071FD08846D5
:108D100006464FF00009D7E90154013D11D4A3895B
:108D2000012B05F1FF3508D9B4F90E300133214686
:108D3000304602D0C04749EA00096B1C04F16804C0
:108D4000EDD13F68002FE6D14846BDE8F883B9462B
:108D50004846BDE8F88300BF2DE9F84F0A9D9146CB
:108D600002FB03F80F46824610B18369002B34D012
:108D7000274B9D4236D0274B9D4241D0264B9D42EA
:108D800008BFDAF80C50AB891B0730D52B6973B3D9
:108D9000B8F1000F31D007F1FF3B002606E02A684A
:108DA000511C296013700136B0452CD0AC681BF8FB
:108DB000013F013C002CAC60F1DAAF69BC422A46AD
:108DC0001946504601DB0A2BE9D104F0EFF80130D7
:108DD000E9D1B6FBF9F0BDE8F88FFFF743FB0C4B88
:108DE0009D42C8D1DAF80450AB891B07CED429467E
:108DF000504604F051F90028CAD00020BDE8F88F91
:108E0000DAF80850BFE7B8FBF9F0BDE8F88F00BF0B
:108E100068A7030848A7030828A7030810B5054C4E
:108E200082B0009313460A4601462068FFF794FF7C
:108E300002B010BDD801002070B50D4E0D4D761B4F
:108E4000B61006D00024013455F8043B9847A642DA
:108E5000F9D1094E094D761B07F0D8F9B61006D0A6
:108E60000024013455F8043B9847A642F9D170BD5F
:108E7000AC030020AC030020BC030020AC030020A6
:108E8000024B1844407800F00300704770A80308B4
:108E9000054B1844407800F00300A0F10200B0FA3E
:108EA00080F04009704700BF70A8030870B50C46F9
:108EB000B1F90E10002996B016461D4613DB6A461E
:108EC00005F0B6F900280EDB019A02F47042A2F513
:108ED0000052B2FA82F252094FF4806300202A60F5
:108EE000336016B070BDA38900221B062A6004D52A
:108EF00040230020336016B070BD4FF48063002023
:108F0000336016B070BD00BF8A8992070B4606D544
:108F100001F1470201211A60C3E90421704770B5CD
:108F200082B001AB6A460C460646FFF7BFFF0099C8
:108F30000546304600F06CFAB4F90C3070B11649B1
:108F4000B162019A0099206043F08003A381C4E9D3
:108F500004018AB92B43A38102B070BD9A05FBD4EA
:108F600023F0030304F1470243F002030121A3812C
:108F70002260C4E90421EFE73046B4F90E1005F091
:108F8000D5FE10B9B4F90C30E4E7A38923F003034C
:108F900043F001031BB2DDE799820208024B014650
:108FA000186800F035BA00BFD8010020024B014616
:108FB000186800F0D7B900BFD801002000000000F9
:108FC00001F0FF01102A2BDB10F0070F08D010F87A
:108FD000013B013A8B422DD010F0070F42B3F6D17E
:108FE000F0B441EA012141EA014122F007047FF097
:108FF00000070023F0E80256083C85EA010586EAEE
:10900000010685FA47F5A3FA87F586FA47F6A5FA29
:1090100087F68EB9EED1F0BC01F0FF0102F0070235
:1090200032B110F8013B013A83EA010313B1F8D1E0
:109030000020704701387047002D06BF35460338C1
:10904000073815F0010F07D1013015F4807F02BFFA
:10905000013015F4C03F0130F0BC0138704700BF4B
:10906000032A70B412D940EA0105AD0704460B4645
:1090700020D11946204653F8045B54F8046BAE42E5
:1090800018D1043A032A20461946F2D8541E72B168
:1090900003780A789A4208BF241806D00CE010F82A
:1090A000013F11F8012F934206D1A042F7D10020D1
:1090B00070BC7047541EEBE7981A70BC704700BF35
:1090C000844641EA000313F003036DD1403A41D3D3
:1090D00051F8043B40F8043B51F8043B40F8043B92
:1090E00051F8043B40F8043B51F8043B40F8043B82
:1090F00051F8043B40F8043B51F8043B40F8043B72
:1091000051F8043B40F8043B51F8043B40F8043B61
:1091100051F8043B40F8043B51F8043B40F8043B51
:1091200051F8043B40F8043B51F8043B40F8043B41
:1091300051F8043B40F8043B51F8043B40F8043B31
:1091400051F8043B40F8043B51F8043B40F8043B21
:10915000403ABDD2303211D351F8043B40F8043BC1
:1091600051F8043B40F8043B51F8043B40F8043B01
:1091700051F8043B40F8043B103AEDD20C3205D3D1
:1091800051F8043B40F8043B043AF9D2043208D0C9
:10919000D2071CBF11F8013B00F8013B01D30B883B
:1091A00003806046704700BF082A13D38B078DD019
:1091B00010F003038AD0C3F10403D21ADB071CBFEB
:1091C00011F8013B00F8013B80D331F8023B20F855
:1091D000023B7BE7043AD9D3013A11F8013B00F88E
:1091E000013BF9D20B7803704B7843708B78837016
:1091F000604670478842F0B40DD98B1883420AD973
:10920000841832B1224613F8014D02F8014D9942FB
:10921000F9D1F0BC70470F2A0ED80346541E002A1D
:10922000F7D001340C44013B11F8012B03F8012F56
:10923000A142F9D1F0BC704740EA01039B073BD142
:10924000A2F110073F0901F1200606EB071601F114
:10925000100300F1100453F8105C44F8105C53F84C
:109260000C5C44F80C5C53F8085C44F8085C53F858
:10927000045C44F8045C1033B34204F11004EAD1F6
:109280007B1C1B0112F00C0F194402F00F05034464
:1092900015D0043DAD0803EB850C1C1F0E4656F897
:1092A000047B44F8047F6445F9D10135AD002B44BB
:1092B000294402F00302B1E7541E0346B1E72A46EF
:1092C000ACE700BFF0B4860746D0541E002A3CD05D
:1092D000CAB2034602E014F1FF3436D303F8012B7F
:1092E0009D07F8D1032C29D9CDB245EA05250F2CCD
:1092F00045EA054533D9A4F11006360903F12007E4
:1093000007EB061703F1100242E9045542E9025542
:109310001032BA42F8D1721C14F00C0F03EB021297
:1093200004F00F0613D0331F23F003030433134458
:1093300042F8045B9342FBD106F003042CB1C9B29E
:109340001C4403F8011B9C42FBD1F0BC704734461F
:109350001346002CF3D1F8E714460346C2E71A4639
:109360002646E0E700293CD038B551F8043C0C1FF4
:10937000002BB8BFE4180546F8F744FE234B1A68E3
:109380002AB1A2420DD921686018824223D06260BE
:1093900028461C60BDE83840F8F73ABEA34203D81F
:1093A0001A465368002BF9D111685018A04219D001
:1093B00024D821686018834206D063605460284630
:1093C000BDE83840F8F724BED3E9000301446360E8
:1093D00021605460F3E7D2E9000201446260216039
:1093E000D6E7704720680144501883421160E6D1E7
:1093F000D3E90003014453601160E0E70C232B60C4
:109400002846BDE83840F8F703BE00BF78070020C3
:10941000F8B5CD1C25F0030508350C2D38BF0C25FB
:10942000002D064633DBA94231D82A4FF8F7EAFD72
:109430003A6852B113685B1B04D43FE023685B1B9E
:1094400029D522465468002CF8D1796800293BD0F0
:109450002946304601F002FD431C28D0C41C24F0EC
:109460000304A04205D0211A304601F0F7FC013078
:109470001DD025603046F8F7CBFD04F10B0020F03D
:109480000700231DC21A01D01B1AA350F8BD0C22DD
:1094900032600020F8BD0B2B05D8A242636811D0C2
:1094A0005360E7E7144623601C442560E2E70C2381
:1094B00030463360F8F7ACFD0020F8BD0B2BF1D837
:1094C000536814463B60D5E7304601F0C7FC78602E
:1094D000BEE700BF780700209368013B002B936034
:1094E00011DA10B49469A34209DB0A2907D0136882
:1094F000581C1060197008465DF8044B70475DF801
:10950000044B03F053BD1368581C106019700846D3
:10951000704700BF9BB1F8B513440F4606465D1E69
:10952000541E01E0AC4208D03A4614F8011F304600
:10953000FFF7D2FF431CF5D1F8BD0020F8BD002095
:10954000704700BF936810B5144613B953601846AE
:1095500010BD04F081FE0023C4E9013310BD00BF3B
:109560002DE9F04F9FB08B4690461C46039018B1F2
:109570008369002B00F0B780A24B9B4500F0B980B7
:10958000A14B9B4500F0C780A04B9B4504BF039BAC
:10959000D3F80CB0BBF80C30180740F1B280DBF800
:1095A0001030002B00F0AD8030238DF8323098F869
:1095B00000300594002120220B918DF83120944E2B
:1095C0000127002B00F08780252B00F015814546F0
:1095D00003E0252B00F0A38025466B786C1C002B44
:1095E000F7D1B4EB080A76D0424653465946039861
:1095F000FFF790FF01306ED00B9B6A7853440B93BA
:10960000002A68D000234FF0FF3201340693CDE9E1
:1096100008338DF85B301C93079205E0069A07FA31
:1096200003F313432C4606932546052215F8011B28
:109630003046FFF7C5FCAA46831B0028EED1069BE7
:10964000D90644BF20228DF85B2021781A0744BF39
:109650002B228DF85B202A2966D1059A11680432E5
:1096600000290592C0F29D8009916178A51C2E29E0
:1096700073D0684C03222046FFF7A2FC002800F0BC
:109680008680001B069B402404FA00F003430693E7
:1096900005F10108297860488DF830100622FFF79F
:1096A0008FFC002800F083805C4B002B72D005AB50
:1096B00000935A465A4B039806A900F083F9814655
:1096C000B9F1FF3F07D00B9B4B440B9398F8003048
:1096D000002B7FF479AFBBF80C305B0618D40B98E5
:1096E0001FB0BDE8F08FFEF7BDFE464B9B457FF4F3
:1096F00047AF039BD3F804B0BBF80C3018073FF515
:109700004EAF5946039803F0C7FC00283FF44CAF16
:109710004FF0FF30E4E7039BD3F808B03AE7B4EB2F
:10972000080A3FF46FAF5FE7A1F13002092A88BF52
:10973000A2469CD8099B01E02C460135297803EB11
:10974000830302EB4303A1F13002092AAA46F3D9AD
:109750002E2904F1020509938BD19AF801102A29C8
:109760002FD1059B9AF802101A6807920433002A39
:1097700005930AF103050AF1020338DB254C0322A5
:1097800020469A46FFF71CFC00287FF47AAFA846D3
:1097900055467FE7059B073323F0070308330593FE
:1097A00091E7494243F00203099106935DE705AB57
:1097B00000935A461A4B039806A900F031FC8146E3
:1097C0007EE7A1F130020023092A079301D915E0B1
:1097D0005546697803EB830302EB4303A1F13002A2
:1097E000092A05F1010AF3D90235079341E74FF041
:1097F000FF329A4607923CE7444603E7AA46013502
:1098000037E700BF68A7030848A7030828A703088D
:109810008CA7030894A7030898A70308C599020812
:109820001595020810B4044C13460A4601462068F8
:109830005DF8044BFFF794BED80100202DE9F047F6
:1098400057EC106B84B0002F894692461946DDE92B
:109850000D545EDB0023662D0B7018D0462D16D0FC
:1098600025F02003452B36D003AA02ABCDE9003208
:1098700002210C9B4A4647EC106B03F033FD672D29
:10988000804636D11AF0010F35D1039B1CE003AAA4
:1098900002ABCDE9003203210C9B4A4647EC106B2A
:1098A00003F020FD804600EB090598F80030302BCE
:1098B00034D00C9B1B681D443046394600220023DF
:1098C000FCF7D0FAD0B12B46A3EB08034046236047
:1098D00004B0BDE8F08703A902AB09F10109CDE9A5
:1098E00000314A460C9B022147EC106B03F0FAFC56
:1098F0008046472DC6D008EB0905DDE7039B9D4256
:10990000E2D930215A1C03921970039BAB42F9D360
:10991000DAE707F100431F462D239CE700220023CE
:1099200030463946FCF79EFA0028C2D10C9AC9F19C
:1099300001031360BFE700BFF0B400290446BABFBB
:1099400049422D232B23092904F8022B82B04370AE
:109950002DDD0DF107063546194F01E01546194674
:1099600087FB0132CB17C3EBA20303EB8302A1EB0E
:1099700042023032632905F8012C05F1FF32EDDC9B
:109980003033A91EDBB28E4202F8013C0BD92146CE
:1099900001E012F8013B01F8013BB242F9D10DF1AF
:1099A00009035D1B2C44201A02B0F0BC7047303113
:1099B0003023041DC1708370201A02B0F0BC7047C0
:1099C000676666662DE9F04F8DB00C46DDF858806D
:1099D00016461F46054605F0BDF90368069318466E
:1099E00001F0AEFE00230A93D8F800300790073349
:1099F00023F0070393ED007B08338DED047BD4F84F
:109A000000B094F818A0C8F80030DDE9042323F072
:109A100000499046104684ED127B49464FF0FF32D4
:109A2000AF4B06F0B5FB40B9404649464FF0FF3218
:109A3000AB4BFCF72BFA00287BD0DDE90401024692
:109A40000B4606F0A5FB002840F035826168481CF3
:109A50004BF480622CD0BAF1670F64D0BAF1470F93
:109A600061D0002322600AA8039309AB02900093FF
:109A7000CDF804A00DF123039DED040B2846FFF75C
:109A8000DDFE8046BAF1650F099B33D8013B1946CC
:109A9000524604F150000993FFF74EFF0A9A13183B
:109AA000012A8146236140F37E810133236133E043
:109AB00006216160002322600AA8039309AB02908B
:109AC0000093CDF804A00DF123039DED040B28466F
:109AD000FFF7B4FE0AF0DF03472B8046D2D1099B83
:109AE000D91C80F2E280AAF1020A5FFA8AFABAF17E
:109AF000650FCBD9BAF1660F00F0DE800A9A9A4260
:109B000040F3E580002BD4BFC3F1020101210A44D8
:109B10002261A3654FF000099DF823300BB32D237C
:109B200084F843301DE0002940F013810121616079
:109B3000C0E7DDE9040100220023FCF79DF910B124
:109B40002D2384F84330674867492BF00402032330
:109B50002260BAF1470F94BF8046884623614FF0D8
:109B60000009009733460BAA2146284600F0C2F9A7
:109B7000013024D0236858052CD42369424631464D
:109B80002846B84701301AD022680B98E36892073C
:109B90001AD51A1A002A17DD04F119094FF0000826
:109BA00004E0E3680B981A1A42450DDD01234A468A
:109BB00031462846B847013008F10108F1D14FF08D
:109BC000FF300DB0BDE8F08F9842B8BF18460DB019
:109BD000BDE8F08FBAF1650F33D900220023D4E934
:109BE0001201FCF73FF9002800F0828001233F4A70
:109BF00031462846B8470130E1D0DDE909239A42D1
:109C000002DB2268D107C0D5DDE9062331462846AC
:109C1000B8470130D3D00A9B012BB5DD04F11A09F6
:109C20004FF0000803E00A9B013B4345ACDD0123F4
:109C30004A4631462846B847013008F10108F2D1BA
:109C4000BDE70A9A012A40F39A8001234246314631
:109C50002846B8470130B2D0DDE906233146284610
:109C6000B8470130ABD000220023D4E91201DDF85F
:109C700028A0FCF7F7F8002800F09080BAF1010F57
:109C800040F3888004F11A0A4FF0000803E00A9BB1
:109C9000013B43457EDD0123524631462846B84705
:109CA000013008F10108F2D189E7626893423FF779
:109CB0001AAF4FF0670A21E7002B626878DD236155
:109CC000002A00F0A68001321A44226121E72268AE
:109CD0002361D2077FF51DAF5A1C226119E700BF2F
:109CE000FFFFEF7FA0A70308A4A703089055030870
:109CF000099B002B63DD0A9BD4F858A05345A8BFED
:109D00005346002B9B4608DD424631462846B8475D
:109D100001303FF454AFD4F858A02BEAEB7BAAEB08
:109D20000B03002B40F3828004F11A034FF000096B
:109D30009A4604E0A36DA3EB0B024A4575DD0123AF
:109D4000524631462846B847013009F10109F1D1A0
:109D500035E7002322600AA8039309AB0290009321
:109D6000CDF804A00DF123039DED040B2846FFF769
:109D700065FD099BD91C8046FFF6B5AE95E7D9076E
:109D80003FF563AF4246012331462846B8470130CC
:109D90003FF415AF4B4604F15002F0E60AF1FF33F1
:109DA00008F10102F0E72268D2077FF5B5AE7CE644
:109DB000002A33D12168C90730D40122A8E6012343
:109DC000494A31462846B84701303FF4F8AEDDE94C
:109DD0000923134324D0DDE9062331462846B8473A
:109DE00001303FF4ECAE099B002B79DA04F11A0A3A
:109DF0004FF0000903E0099B5B424B4570DD0123F6
:109E0000524631462846B847013009F10109F2D1DE
:109E1000D5E62168C8077FF57CAE54E7023277E6C5
:109E20002268D3077FF5B1AED5E79A46DDE909216F
:109E30008A4202DB2368D80709D5DDE906233146CB
:109E40002846B84701303FF4BAAEDDE90921524552
:109E5000A1EB0203D4BFA1EB0A099946B9F1000FA7
:109E60000BDD08EB0A024B4631462846B847013065
:109E70003FF4A5AEDDE909239B1A29EAE979A3EBB2
:109E80000903002B7FF780AE04F11A0A4FF0000897
:109E900007E0DDE909239B1AA3EB090343457FF79C
:109EA00073AE0123524631462846B847013008F1C7
:109EB0000108EED183E6059B0C490D4A002BBCBF7F
:109EC0002D2384F843302BF0040323600323BAF1DD
:109ED000470F94BF8846904623614FF0000940E643
:109EE00042460A9B4BE600BF90550308A8A703080B
:109EF000ACA703082DE9F0470C4691460A6989682A
:109F0000DDF820808A42B8BF0A46C9F8002094F8DC
:109F1000431006461F4611B10132C9F800202368DC
:109F200099065CD5D9F800200232C9F800202368D0
:109F300013F0060F19461DD1E1688A1A002AD8BF0E
:109F4000194617DD04F1190A002505E0E368D9F880
:109F500000209B1AAB420CDD0123524639463046A5
:109F6000C047013005F10105F0D14FF0FF30BDE8E9
:109F7000F087216894F84330003318BF01238A0624
:109F80000AD5E1185A1C302081F84300224494F885
:109F9000451082F84310023304F14302394630463B
:109FA000C0470130E1D02368A268216903F00603AD
:109FB000042B1DD08A4226DD4FF00009521A91442D
:109FC0001A34002501E04D451DDA012322463946A9
:109FD0003046C047013005F10105F4D1C5E713F063
:109FE000060F13D094F84330003318BF0123D3E792
:109FF000D9F80000E3688A42A3EB000323EAE3797F
:10A00000DCDC002BDCDC0020BDE8F087E168D9F85F
:10A0100000208A1A002AD8BF194693DCAAE700BF9D
:10A020002DE9F0430C46097E85B06E290646174699
:10A030000C98984604F1430E6DD039D9732900F07D
:10A04000F68044D9752900F00481782940F0118107
:10A0500078232268DFF858C284F845300168150675
:10A0600051F8043B016040F1A180D10744BF42F0A8
:10A0700020022260002B00F093801022002184F83F
:10A0800043106068A0600028C0F2C880216821F0F9
:10A0900004012160002B40F0A380002840F0C08024
:10A0A0007546082A00F0AC80AEEB0503236141E061
:10A0B000632900F0E5801AD8002938D0582940F0EB
:10A0C000D88084F845102268DFF8E8C1C6E76F2918
:10A0D00000F0BF80702940F0CC802268DFF8D0C14A
:10A0E00042F020027823226084F84530B6E76429E4
:10A0F00002D0692940F0BD8022680368110603F18F
:10A10000040557D5196805600B46002959DBDFF8AF
:10A11000A4C10A22B5E70368226861691D1D0560B4
:10A1200015061B6802D4500600F1BD80196000239B
:10A1300075462361CDF800803B4603AA2146304690
:10A14000FFF7D8FE013020D02A4623693946304631
:10A15000C047013019D022680398E368920719D5E7
:10A160001A1A002A16DD04F11909002504E0E36833
:10A1700003981A1AAA420DDD01234A463946304691
:10A18000C047013005F10105F1D14FF0FF3005B0B6
:10A19000BDE8F0839842B8BF184605B0BDE8F0832B
:10A1A000226822F020022260102267E7500648BF92
:10A1B0009BB25AE75106A5D5B3F9003005601946A0
:10A1C000A3E76168A1602D200029C3F1000384F892
:10A1D000430002DB22F004022260DFF8D8C00A222A
:10A1E000754600E00B46B3FBF2F102FB11309342DF
:10A1F0001CF8000005F8010DF4D2082A7FF454AFD2
:10A200002368DB077FF550AF626823699A423FF706
:10A210004BAF302305F8013C013D45E7002BDFD172
:10A220009CF8003084F8423004F1420539E70368B5
:10A230006268191D01601D6800212846FEF7C0FEF6
:10A24000002832D0401B60602061002384F8433036
:10A2500070E72268036812F0800F03F104051AD03A
:10A260001B6805606F290CBF08220A22DFF844C072
:10A2700004E7012384F84210236104F14205E4E776
:10A2800003681A68191D0123016004F1420584F86E
:10A2900042202361D9E712F0400F0DBF1B68056013
:10A2A0001B880560DEE7198041E76068CCE700BFE6
:10A2B000C4A70308B0A703082DE9F04F2DED028BCA
:10A2C0000C46896887B00646481EB0F5AE7F154635
:10A2D000059340F274816FF4AE7740F25D13CA19B2
:10A2E0000492A3601946236827464FF0000B43F4FD
:10A2F000F06347F81C3BCDE902BBB846D946DA46C5
:10A30000CDF804B02B681A78A2F12B034E2B6ED82F
:10A31000DFE813F0CF006D00CF00C6006D004F00E6
:10A320005300530053005300530053005300530095
:10A3300053006D006D006D006D006D006D006D00CF
:10A3400041016D006D006D0025011E016D006D0065
:10A35000F6006D006D006D006D00E2006D006D0097
:10A360006D006D006D00DC006D006D006D006D0016
:10A37000D6006D006D006D006D006D006D006D000C
:10A3800041016D006D006D0025011E016D006D0025
:10A39000F6006D006D006D006D00E2006D006D0057
:10A3A0006D006D006D00DC006D006D006D006D00D6
:10A3B000D6002368D80500F1448119EB0B0F16D1A4
:10A3C000236823F4C073236008F8012BA1680139C6
:10A3D0006B682269A160013B0132002B22616B6036
:10A3E00040F3E0802B6801332B6000298AD1BAF159
:10A3F000000F40F0E78009F1FF39B9F1010F40F299
:10A4000091800BF1FF33062B1AD8BBF1020F40F2FB
:10A410004C81BBF1030F13D0ABF104095FFA89F94A
:10A420006FEA0909C144D4F87C3118F8011D2A46A5
:10A43000304698472369C84503F1FF332361F2D1C1
:10A440002368D8051A4620D5590500F140812269B4
:10A4500018F8011CD4F87C31013A6529226108F111
:10A46000FF390DD045290BD02A463046984722693E
:10A47000D4F87C3118F8021C013A2261A8F10209D3
:10A480002A46304698472268C84612F0100500F068
:10A49000B0800025284607B0BDEC028BBDE8F08FE8
:10A4A00023689905A3D523F420732360CDF804A075
:10A4B0008AE7236818069AD523F08003236083E790
:10A4C000BBF1070F93D14FF0080B7DE7BBF1060FEF
:10A4D0008DD14FF0070B77E7B9F1000F40F0828084
:10A4E000BAF1000F00F0BA80BBF1010F03D0BBF14D
:10A4F000040F7FF47CAF0BF1010B5FFA8BFB63E77A
:10A50000BBF1000F63D1BAF1000F5BD1236803F4F4
:10A51000E061B1F5E06F00F0068109F1FF39B9F1B2
:10A52000010F8ED847450CD2D4F87C3118F8011DA4
:10A530002A46304698472369B84503F1FF33236123
:10A54000F2D10125284607B0BDEC028BBDE8F08FA3
:10A55000BBF1020F7FF44BAF4FF0030B34E72368DE
:10A5600003F4A061B1F5806F06D058057FF53FAFC9
:10A57000BAF1000F3FF43FAF990504D40199AAEB5B
:10A580000101CDE9021823F4F06343F4C0732360A2
:10A590004FF0000A18E7B9F1010F7FF428AF4FF030
:10A5A000020911E7D4F8803129463046984700283F
:10A5B0007FF41DAFA16800297FF4A4AE17E7002344
:10A5C000049390E6236823F48073236013E7BBF1C0
:10A5D000030F90D0BBF1050F8DD0BAF1000F3FF4FF
:10A5E0000AAFEFE7B9F1020F7FF47EAF4FF0030936
:10A5F000EAE688F80050236803F4C063B3F5806F7F
:10A6000039D0029B002B40F083803946002230462F
:10A6100002F076F92368B0EE408AF0EE608A9A077D
:10A62000059938D50B681A1D0A601B6883ED000B6D
:10A63000E36828460133E36007B0BDEC028BBDE858
:10A64000F08F23F080032360049B0AF1010A002BA2
:10A650003FF4BDAE049B013B0493B9E6236803F4C9
:10A66000E061B1F5E06F7FF43FAF23F4F063236066
:10A670004FF00109A8E6019B5345A3EB0A02C4D0A1
:10A6800004F26F13984528BF04F5B77840462C496B
:10A6900000F098FDB9E70E685B0706F1040227D5C4
:10A6A0000A60336883ED000BC2E74745BFF449AF4A
:10A6B000D4F87C3118F8011D2A46304698472369A2
:10A6C000B84503F1FF332361F2D101253AE7B845DC
:10A6D0007FF637AFD4F87C3118F8011D2A46304692
:10A6E00098472369B84503F1FF332361F2D128E786
:10A6F000059B51EC100B1A6053EC102B366805F0DB
:10A7000047FDB0B951EC180BFBF7FEFB30608FE74B
:10A7100003990A232A460131304602F061FADDE945
:10A720000238C21AACE723F4F06323604FF0010B48
:10A730004AE60448FDF762FA86ED000A78E700BFB2
:10A74000D8A703080C4F03082DE9F8430D46896884
:10A7500080461446A86929B9002814BF4FF0FF327B
:10A760000122AA602A68D70603D41A68111D19604D
:10A770001668244F4FF00009F8B1012836D002289E
:10A7800024D123681A78D25D12071FD42A68D10613
:10A7900009F1010903D41B7806F8013B23686168BD
:10A7A000AA6801330139013AC4E90031AA606AB1EB
:10A7B000002904DDA8690028DFD12368E6E7D5F881
:10A7C00080312146404698470028F3D02B6813F08B
:10A7D000100305D1EA68A9690132EA6001B133705A
:10A7E0002B694B442B610020BDE8F88323686A691C
:10A7F0001978525C002AC9D1B9F1000FE6D1BDE841
:10A80000F88300BF71A803082DE9F04F0C46804F74
:10A81000DFF808927F4E87B08046154697E807001C
:10A82000A7680093A36907F1FF3C032B18BFB1464B
:10A8300003ABBCF5AE7FCDF8049083E8070040F28F
:10A84000A88040F25D126FF4AE7007EB000BA260BF
:10A85000A1469A4659F81C2B42F4506222604E469B
:10A8600000272B685AF8040B19780222FEF7A8FB80
:10A87000A8B1012F00F08280022F00F0A780A3680A
:10A880005A1EA2605BB12B685A1C2A601B7806F81E
:10A89000013B6B68013B002B6B6040F38D800137FF
:10A8A000032FDED16168002976D0C1F110015A4B27
:10A8B0006069194400F0E4FAA368002B00F0A58059
:10A8C000D5F800C062699CF80000175C3FB3002710
:10A8D00061460BE02B6801332B60A368013BA3604A
:10A8E000EBB1296862690878125CC2B1D4F800C083
:10A8F000302832462CF4106E52D0C4F800E00B78A9
:10A9000002F8013B16466B68013B002B2946404686
:10A910006B60DFDCD4F8803198470028DDD02268F6
:10A92000D1050CD54E4507D916F8011CD4F87C3159
:10A930002A4640469847013E4E4564D0226812F0B0
:10A94000100211D132706368019D40464946A84704
:10A9500023689A0647D500990B681A1D0A601B6880
:10A960001860E3680133E3602369A6EB0906374406
:10A970001F442761002007B0BDE8F08FD4E9003202
:10A980001AB90822626043F4007323F4A0632360C1
:10A9900075E74FF0000B5BE70A236360062186E74B
:10A9A0001CF4006FA9D001330137BBF1000FAAD00E
:10A9B0000BF1FF3BA360A6E7D4F88031294640465F
:10A9C000984700283FF46BAF0027A8E7236803F4FB
:10A9D000C062B2F5007F7FF465AF43F480732360FB
:10A9E000102363604BE7009D2A6813F0010F02F10A
:10A9F000040103D0296013681880B2E7009B196036
:10AA000013681860ADE70120B5E71F4687E700BF70
:10AA1000E0A7030855CD0208ECA70308E1CB020824
:10AA200070B50D46084C114606461A4628460023C6
:10AA30002360F9F7BBFA431C00D070BD2368002BDC
:10AA4000FBD0336070BD00BF700800200EB410B59D
:10AA5000044683B008B1836963B106A80346019038
:10AA6000059AA1682046FEF77BFD03B0BDE81040C3
:10AA700003B07047FDF7F6FCEFE700BF0FB410B569
:10AA80000B4B1C6882B00CB1A36963B105A80346E7
:10AA90000190049AA1682046FEF762FD02B0BDE86D
:10AAA000104004B070472046FDF7DCFCEEE700BF25
:10AAB000D801002010B5044682B008B18369D3B133
:10AAC000194B9A4220D0194B9A4225D0184B9A42E2
:10AAD00008BFE2689368013B002B93601ADA906923
:10AAE00083421BDBC8B20A2818D013685C1C1460B0
:10AAF000197002B010BDCDE90012FDF7B3FCDDE91D
:10AB00000012094B9A42DED162689368013B002B28
:10AB10009360E4DBC8B2E8E7A268DBE7204602B056
:10AB2000BDE8104002F042BA68A7030848A703082E
:10AB300028A703081E4B70B51D6806460C460DB1CC
:10AB4000AB69CBB11B4B9C421CD01B4B9C4225D00C
:10AB50001A4B9C4208BFEC68A368013B002BA36022
:10AB600016DAA26993421BDBF0B20A2818D02368D8
:10AB70005A1C22601E7070BD2846FDF773FC0D4BF9
:10AB80009C42E2D16C68A368013B002BA360E8DB28
:10AB900023685A1C22601E70F0B270BDAC68DBE7FF
:10ABA000224631462846BDE8704002F0FFB900BF9A
:10ABB000D801002068A7030848A7030828A70308AE
:10ABC00083692DE9F04180460E4633B384682F4BEC
:10ABD0009C4230D02E4B9C4239D02E4B9C4208BF19
:10ABE000D8F80C40A3891B072AD5236943B3013E3B
:10ABF000A36816F8015F013BA3609DB3002B07DA41
:10AC0000A7699F4222462946404623DC0A2D21D0CF
:10AC100023685A1C22601D70EAE7FDF723FCD8F870
:10AC20001830D8F80840002BD1D14046FDF71AFC67
:10AC3000164B9C42CED1D8F80440A3891B07D4D42C
:10AC40002146404602F028FA0028D0D006E0D8F885
:10AC50000840C7E702F0AAF90130C9D14FF0FF3030
:10AC6000BDE8F081002B09DA224640460A2102F0B5
:10AC70009DF90130F2D00A20BDE8F08123680A2254
:10AC8000591C21601A701046BDE8F08168A70308BE
:10AC900048A7030828A70308024B01461868FFF7D6
:10ACA0008FBF00BFD8010020838903F00903092B5F
:10ACB00001D000207047FDF7DBB900BFF8B50C46A6
:10ACC000054610B18369002B2ED0434B9C4230D0F7
:10ACD000424B9C422FD0424B9C4208BFEC68B4F9D7
:10ACE0000C2093B200219F06616061D45E0724D4DA
:10ACF000D80660D5190744D442F00402A281236922
:10AD0000002B4AD0B4F90C70BEB2B30728D1226927
:10AD1000226028466369656A216AA8470028606046
:10AD2000C8BF00203EDDF8BDFDF79CFB2A4B9C42CE
:10AD3000CED16C68D3E7AC68D1E7616B0029DED077
:10AD400004F14403994202D02846FEF70BFB236C22
:10AD5000636000206063002BD1D0E36B2360F8BDFB
:10AD6000204B214918680123A38106F00906FDF74D
:10AD7000A3FF092EA781CAD121462846FDF7B2F8C4
:10AD8000C5E721462846FDF743F988B9B4F90C20F8
:10AD9000A060A06122F00802AEE721462846FEF737
:10ADA000B3F8AFE7B4F90C300DD143F02003A38121
:10ADB0004FF0FF30F8BD42F0400209232B604FF006
:10ADC000FF30A281F8BD43F040030022A3816260FE
:10ADD0004FF0FF30F8BD00BF68A7030848A703087D
:10ADE00028A7030888A70308A9AC020838B50C46B1
:10ADF000054608B18369B3B1114B9C4218D0114B81
:10AE00009C4217D0104B9C4208BFEC682846214654
:10AE1000FFF754FF80B9D4E90023013B511CC4E97A
:10AE20000013107838BDFDF71DFB054B9C42E6D1A1
:10AE30006C68EBE7AC68E9E74FF0FF3038BD00BF66
:10AE400068A7030848A7030828A70308024B014680
:10AE50001868FFF7CBBF00BFD801002038B5074CFA
:10AE60000023054608462360F7F7D4F8431C00D0BA
:10AE700038BD2368002BFBD02B6038BD7008002044
:10AE800070B40C785E2C064620D00022481C154673
:10AE9000731E06F1FF0103F8012F8B42FBD194B121
:10AEA00085F001033355411C11F8012C2D2A01F1C5
:10AEB000FF3508460FD05D2A03D00AB11446F1E7EA
:10AEC000284670BC7047013870BC704701224C782E
:10AED0001546881CDCE70D785D2DEFD0AC42EDDC2B
:10AEE00032190134A54202F8013FFADC0231DBE7F6
:10AEF00000290CBF022200224FF4806300F000B84A
:10AF00002DE9F043584C256883B004460F4690461F
:10AF10001E4615B1AB69002B62D0544B9C4265D0E4
:10AF2000534B9C4264D0534B9C4208BFEC68B8F131
:10AF3000020F06D0B8F1010F00F29380002EC0F28C
:10AF4000908021462846FDF763F8616B41B104F11A
:10AF50004403994202D02846FEF704FA00236363B3
:10AF6000B4F90C300022A26162601A064FD423F4B7
:10AF70004A6323F00303B8F1020FA3814ED001AB63
:10AF80006A4621462846FDF791FFA3891843A08110
:10AF9000002E2FD1009E3046F7F758F807460028BC
:10AFA0004FD0A38943F08003A381AB693BB3B4F9CD
:10AFB0000C302760B8F1010F04BF43F00103A381F7
:10AFC0009BB213F00800C4E904761CD013F0010012
:10AFD00033D000207642A661A06003B0BDE8F083C4
:10AFE0002846FDF73FFA214B9C4299D16C689EE7B9
:10AFF000AC689CE7002FCED0AB69002BD7D1284698
:10B00000FDF730FAD3E7A06003B0BDE8F083216913
:10B010002846FEF7A7F9B4F90C30A8E7002004F1A0
:10B02000470243F0020300250121A381A5602260AD
:10B03000C4E9042103B0BDE8F083A66003B0BDE815
:10B04000F083DDF80090B14506D04846F6F7FEFFE4
:10B05000074608B14E46A4E7B4F90C304FF0FF3074
:10B06000DDE74FF0FF30CFE7D801002068A70308E5
:10B0700048A7030828A7030808B430B5002A9CB0E5
:10B08000044635DB4FF4027302910691ADF814309B
:10B0900020A918D0013A0B460492079201911F9AF9
:10B0A0004FF6FF7502A9ADF8165004F0BDFC421C26
:10B0B00001DA8B232360029B00221A701CB0BDE8CA
:10B0C000304001B070470B460492079201914FF651
:10B0D000FF751F9AADF8165002A904F0A5FC431C99
:10B0E00001DA8B2323601CB0BDE8304001B070470B
:10B0F0008B2202604FF0FF30F5E700BF0CB430B593
:10B10000204B00299DB01C6837DB4FF4027302907E
:10B110000690ADF8143021A819D001390346209AC1
:10B120000491079101904FF6FF7502A92046ADF8F2
:10B13000165004F079FC421C01DA8B232360029B39
:10B1400000221A701DB0BDE8304002B070470346BF
:10B150000491079101904FF6FF75209AADF81650B3
:10B1600002A9204604F060FC431C01DA8B23236013
:10B170001DB0BDE8304002B070478B2323604FF014
:10B18000FF30F5E7D80100200CB470B59CB020ACBE
:10B190000B4E54F8042B0291234606916FF00045A4
:10B1A00002A901940795CDE9045604F03DFC029BE9
:10B1B00000221A701CB0BDE8704002B0704700BF9A
:10B1C0000802FFFF0EB430B59CB01FAB0C4C0D4D08
:10B1D00053F8042B0193014602910691206802A9BD
:10B1E0006FF000440794CDE9044504F01DFC029B78
:10B1F00000221A701CB0BDE8304003B0704700BF99
:10B20000D80100200802FFFF0EB470B59DB021AC3C
:10B210004FF4017254F8045BADF8142002900690CC
:10B2200000F08EFA0C4B019401462A4603910791D7
:10B230000A4E18680B9623464FF6FF75002402A9A4
:10B240000F941494ADF8165004F084FD1DB0BDE8C1
:10B25000704003B0704700BFD8010020D9B2020887
:10B260000CB470B59CB020AC05464FF40173084691
:10B2700054F8046B02910691ADF8143000F060FAB6
:10B280000146324623460194039100240791284643
:10B29000074E0B964FF6FF7502A90F941494ADF864
:10B2A000165004F057FD1CB0BDE8704002B0704766
:10B2B000D9B2020810B50C46B1F90E1004F006FF21
:10B2C000002803DB636D0344636510BDA38923F489
:10B2D0008053A38110BD00BF002070472DE9F041CD
:10B2E0001646B1F90C201F46D3050C460546B1F9A8
:10B2F0000E1009D422F48052A2813B4632462846E1
:10B30000BDE8F04101F0B2BE0022022303F02AFDA5
:10B31000B4F90C20B4F90E10ECE700BF10B50C46E0
:10B32000B1F90E1003F01EFDA389421C0EBF23F4D9
:10B33000805343F480536065A38110BDB1F90E10B2
:10B3400001F02ABFC9B200F00303002935D07BB158
:10B350000378002B57D0994252D0431C05E013F8D4
:10B36000012B002A4DD08A424AD09A071846F6D1BE
:10B3700070B441EA0126046846EA064601E050F846
:10B38000044F86EA0405A5F10132A4F1013322EA53
:10B39000050223EA0403134313F0803FEFD0037840
:10B3A00043B1994202D106E08B4204D010F8013F2C
:10B3B000002BF9D1184670BC70474BB10378FBB134
:10B3C000431C02E002780133D2B199071846F9D143
:10B3D0000268A2F1013323EA020313F0803F08D18F
:10B3E00050F8042FA2F1013323EA020313F0803F47
:10B3F000F6D0037823B110F8013F002BFBD1704742
:10B400007047104670471846704700BF00000000A4
:10B41000000000000000000000000000000000002C
:10B42000A2EB0300704700BF02780B78012A28BF07
:10B430009A42F5D16DE9044540EA0104CDE902677D
:10B440006FF0000C4FEA447212B380EA010414F06A
:10B45000070F6AD100F0070420F0070004F003058D
:10B4600021F007014FEAC505F0E8042314F0040FAA
:10B47000F1E804670CFA05F462EA040266EA0406DD
:10B480000AD063EA0403624667EA0407664603E0FB
:10B49000F0E80423F1E8046782FA4CF582EA060436
:10B4A000A4FA8CF46CBB83FA4CF583EA0705A5FA81
:10B4B0008CF595B950E9022351E9026782FA4CF5FF
:10B4C00082EA0604A4FA8CF483FA4CF583EA0705B1
:10B4D000A5FA8CF52543DBD09CB92DBAB5FA85F4D5
:10B4E00024F0070427FA04F1DDE9026723FA04F3E4
:10B4F00003F0FF0001F0FF01FDE80445A0EB0100AF
:10B50000704724BAB4FA84F424F0070426FA04F14C
:10B51000DDE9026722FA04F202F0FF0001F0FF0108
:10B52000FDE80445A0EB0100704714F0030F3CD187
:10B5300010F0030428D150F8082B51F8083B82FA88
:10B540004CF582EA0305A5FA8CF55DB950F8042C98
:10B5500051F8043C82FA4CF582EA0305A5FA8CF511
:10B56000002DE8D02DBAB5FA85F424F0070423FAAB
:10B5700004F122FA04F202F0FF0001F0FF01FDE8FD
:10B580000445A0EB010070474FEAC40420F003001B
:10B5900050F8082B21F0030151F8083B0CFA04F491
:10B5A00062EA040263EA0403C9E710F003041AD054
:10B5B000A1EB040120F00300E40750F8042B06D0AF
:10B5C0000FD28B785FFAA2F4E41A06D12BB1CB78B4
:10B5D0005FFAB2F4E41A00D11BB920465DF8104BB3
:10B5E000704701F1040150F8042BCC0721F003014E
:10B5F00051F8043B48D824D222F07F4482FA4CF51B
:10B6000094EA1325A5FA8CF50AD165B951F8043BE3
:10B6100084EA0204B4EB036F0ED150F8042BEBE77D
:10B620004FEA132355E035F07F454DD10878FDE80A
:10B630000445C0F1000070474FEA126203F0FF03B7
:10B6400047E002EA1C4482FA4CF594EA1345A5FA55
:10B650008CF50AD165B951F8043B84EA0204B4EBD5
:10B66000034F0CD150F8042BEBE74FEA134330E0C3
:10B6700015EA1C4528D10B884FEA124229E04FEA0F
:10B68000124203EA1C4324E002F0FF0482FA4CF564
:10B6900094EA1365A5FA8CF50AD165B951F8043B13
:10B6A00084EA0204B4EB032F09D150F8042BEBE732
:10B6B0004FEA13630DE015F0FF0F05D10B684FEA59
:10B6C000122223F07F4304E04FF00000FDE8044520
:10B6D000704712BA1BBA82FA4CF482EA0304A4FA45
:10B6E0008CF5B5FA85F402FA04F203FA04F34FEA92
:10B6F0001260FDE80445A0EB13607047024B014661
:10B70000186800F003B800BFD801002070B50646E5
:10B7100008460C4600F014F8451C29463046FDF753
:10B7200077FE064618B12A462146FDF7C9FC304689
:10B7300070BD00BF0000000000000000000000001D
:10B7400090F800F06DE9024520F007016FF0000C61
:10B7500010F0070491F820F040F049804FF0000409
:10B760006FF00700D1E9002391F840F000F10800E4
:10B7700082FA4CF2A4FA8CF283FA4CF3A2FA8CF31C
:10B780004BBBD1E9022382FA4CF200F10800A4FA83
:10B790008CF283FA4CF3A2FA8CF3E3B9D1E90423D7
:10B7A00082FA4CF200F10800A4FA8CF283FA4CF30E
:10B7B000A2FA8CF37BB9D1E9062301F1200182FAC8
:10B7C0004CF200F10800A4FA8CF283FA4CF3A2FACE
:10B7D0008CF3002BC6D0002A04BF04301A4612BADC
:10B7E000B2FA82F2FDE8024500EBD2007047D1E9DF
:10B7F000002304F00305C4F100004FEAC50514F06E
:10B80000040F91F840F00CFA05F562EA05021CBF3E
:10B8100063EA050362464FF00004A9E72AB370B457
:10B820000244134E04E0E41A1BD19BB1904214D0A1
:10B8300010F8014B11F8013B355D05F00305012DB2
:10B84000F55C05F0030508BF2034012DEBD1203352
:10B85000E31AEBD0184670BC70470023184670BC42
:10B8600070472346184670BC70471046704700BFAB
:10B8700071A80308002A46D040EA010313F003032D
:10B88000F0B425D1032A23D904680D68AC423CD119
:10B89000043A35D0A4F1013525EA040414F0803FC0
:10B8A0002ED1071D0D1D0DE057F8043B0E68A3F1C6
:10B8B0000134B34224EA030427D1043A20D014F01F
:10B8C000803F1DD1032A2946384605F10405EBD8EF
:10B8D00003780D789D4202F1FF360ED186B17BB11F
:10B8E000044602E082180BD053B114F8013F11F85E
:10B8F000015FAB42A6EB0402F4D0581BF0BC7047CA
:10B900000020F0BC70471046704703780D789D42C8
:10B9100002F1FF36E3D0F0E770B440EA0104A30778
:10B9200027D1032A25D90B460646194653F8045B4E
:10B93000A5F1013424EA050414F0803F06D1043A4D
:10B94000032A46F8045B1946EFD882B133460C78D7
:10B9500003F8014B551E74B132442E4405E011F832
:10B96000014FF51A03F8014B2CB19A42F7D170BC84
:10B9700070470646E9E7002DF9D01D44002203F880
:10B98000012BAB42FBD170BC704700BF0000000030
:10B9900070B504460D4645EC104B164603F0A6FD67
:10B9A00051EC100B7EB1C5F30A53C3F16B03002BAE
:10B9B00009DD1B0503F17F55002405F540152246DE
:10B9C0002B46F9F7E7FF70BD2DE9F04F734CA3B09C
:10B9D0002468079488468146002120461D4600249D
:10B9E0000023CDE9043406921E91FFF7A9FECDF89D
:10B9F0007480834643469A4613F8014B2D2C00F27F
:10BA0000B380DFE804F01EB1B1B1B1B1B1B1B1AFF3
:10BA1000AFAFAFAFB1B1B1B1B1B1B1B1B1B1B1B11E
:10BA2000B1B1B1B1B1B1AFB1B1B1B1B1B1B1B1B108
:10BA3000B1ACB12C002D40F0B6800B9B034340F01D
:10BA4000B180069B13B1069BC3F800804FF0000A3B
:10BA50004FF0000B4BEC10AB23B0BDE8F08F01238F
:10BA60000A930AF101031D939AF80140002CE8D0D3
:10BA7000302C9A467CD000230B93A4F13003DAB229
:10BA8000092A00F29D84002637463546504601308B
:10BA90001D90082D047807EB8702CABF06EB8606C7
:10BAA00003EB420703EB4606A4F13003DAB2092A9E
:10BAB00005F10105EBD907995A46FFF7DBFE00288F
:10BAC00000F02C810020652C8346844608956AD0BE
:10BAD000452CAFD000230C93002D00F0B080089BC4
:10BAE0001A46002B08BF2A4638460892F9F7D8FEB6
:10BAF0000C9B102DA3EB0B032C46A8BF1024092D83
:10BB0000CDE904010B9313DD254B03EBC40353E98B
:10BB10001223F9F73FFFCDE904013046F9F7C0FEE3
:10BB200002460B46DDE90401F9F77EFDCDE904018B
:10BB30000F2D00F306810B9B002B00F082840B9BE2
:10BB400040F38783162B40F37A850B9AC5F12503C2
:10BB5000934280F28A850B9B2C1B1C44F7E0002348
:10BB60000A937EE71D9346E70023302C0A9382D187
:10BB70009AF80130582B00F06784782B18BF534691
:10BB800000F0628401331D931C78302CFAD09A4661
:10BB9000002C00F0AF8001230B936EE720AB03086D
:10BBA00048AB03080025DDF8748008F101031D93FC
:10BBB00098F801402B2C00F0E1822D2C00F07382CC
:10BBC0004FF0000EA4F13003092B00F27482302CE8
:10BBD00005D11D9B01331D931C78302CFAD0A4F1A4
:10BBE0003103082B3FF676AF1D9907914A1C1D9231
:10BBF000A4F130034C78A4F13001092900F27684D5
:10BC000001321D9203EB830304EB43031478A4F188
:10BC100030010929A3F13003F2D90799521A082AF1
:10BC200040F3648444F61F630C93BEF1000F3FF4AD
:10BC300053AF0C9B5B420C93002D7FF450AF0B9BDA
:10BC4000034357D1BCF1000F7FF4FBAE493C252CD8
:10BC50003FF6F7AE01A353F824F000BF9BC20208E1
:10BC600043BA020843BA020843BA020843BA0208B8
:10BC700077C2020843BA020843BA020843BA02086C
:10BC800043BA020843BA020843BA020843BA020898
:10BC900043BA020843BA020843BA020843BA020888
:10BCA00043BA020843BA020843BA020843BA020878
:10BCB00043BA020843BA020843BA020843BA020868
:10BCC00043BA020843BA020843BA020843BA020858
:10BCD00043BA020843BA020843BA02089BC20208E8
:10BCE00043BA020843BA020843BA020843BA020838
:10BCF00077C202084FF0000A4FF0000B069A0AB113
:10BD00001D9B13600A9B002B3FF4A4AE0BF1004374
:10BD10009B464BEC10AB23B0BDE8F08F1D9B089504
:10BD200003EB0B021D9213F80B408346A4F1300283
:10BD3000092A40F2B183652C4FF0010C7FF4C8AEA4
:10BD400031E70B9B2C1B1C44002C40F3E58214F0C4
:10BD50000F030AD0BA4901EBC301D1E90001DDE9C3
:10BD60000423F9F717FECDE9040134F00F0440F085
:10BD700059820023079300972B46089A514648465C
:10BD800003F0DCF81390002800F004840B9A0C9B5D
:10BD90000021002AABEB0303A8BF0B460E9322EA57
:10BDA000E2730F4612938B46139C4846616803F07A
:10BDB0000FF88046002800F0588122699DED047B31
:10BDC0000232920004F10C010C308DED087BFDF77E
:10BDD00077F99DED080B20AA1FA9484603F00AFC3D
:10BDE0001E90002800F01A810121484603F04CF90A
:10BDF0000746002800F039811F9B002BC0F21181FB
:10BE00000E9A129D9E180799209C8E4A5B1A234415
:10BE1000013B9342C4F1360480F2C580D21A1F2A36
:10BE2000A4EB020400F33781012393400C93002319
:10BE300010932544079B3444A6421D443346A8BFB3
:10BE40002346AB42A8BF2B46002B02DDE41AED1AB5
:10BE5000F61A0E9B002B00F3BF80002C00F3D58058
:10BE60000B9B002B00F3F880002D00F30A81002EBD
:10BE700008DD39463246484603F024FA07460028D2
:10BE800000F0F38042461E99484603F09BFA834631
:10BE9000002800F0EA800023C268C36039460F9290
:10BEA00003F074FA0028C0F25E84059E00F0F4836B
:10BEB0003946584603F008FC55EC104B00224FF071
:10BEC000804310EE100A2946F9F7E0FF00286FD0F2
:10BED0000F9B002B00F0F9809FED557B5A4C0023FF
:10BEE000CDE90C348DED107B584D594B06EA050415
:10BEF0009C4200F00F81079B53B3B4F1D46F27D855
:10BF0000DDE910564CA3D3E9002328463146F9F762
:10BF1000BDFFC0B128463146F9F7D6FF002800F032
:10BF2000F282F9F7BDFCCDE910010F9B002B40F028
:10BF3000E582DDE9101202F1004316911793DDE965
:10BF40001623CDE90C230D9B03F1D6631B1B0D9328
:10BF50009DED080BDDE90C5603F0C8FA284653ECBA
:10BF6000102B3146F9F716FDDDE90823F9F75CFBE4
:10BF7000CDE904010D46079B23B9344B2B409C426D
:10BF800000F0FF801E99484602F062FF4146484695
:10BF900002F05EFF3946484602F05AFF59464846CD
:10BFA00002F056FF00E70023109301230C9340E7B3
:10BFB000284B204629460022F9F7ECFC0F9BCDE9DF
:10BFC0001001002B7CD101F1004314901593DDE9A1
:10BFD0001434CDE90C3487E739461A46484603F055
:10BFE0000FF90746002840D001461E9A484603F044
:10BFF00061F8002839D00F901E99484602F028FFBA
:10C000000F9B1E93002C7FF72BAF22461E994846AC
:10C0100003F058F91E9000287FF422AF5E460446D4
:10C0200025E0129A0E9ED51AEDE600BFAFF3008010
:10C03000000000000000F03F0000C0FFFFFFDF41F4
:10C0400048AB030802FCFFFF0000F03F0000F07F58
:10C050000000E07F0000E03F4146129A484603F0AE
:10C06000CFF8804600287FF4FFAE5E461E9C9E4BB4
:10C070000593002222230492DDE904ABC9F80030C5
:10C08000A8E041462A46484603F01CF980460028AD
:10C090007FF4EDAEE9E7954AD31A012202FA03F3E1
:10C0A00010930C92C5E64FF0010E08F102031D93A8
:10C0B00098F8024086E50023CDF874800C930BE5D8
:10C0C0009DED107B8DED147B81E7049B002B40F0F0
:10C0D0009680C6F31303002B40F097800022844B18
:10C0E00020462946F9F7C8FE002840F0B582002214
:10C0F000804B20462946F9F74DFC0A460146CDE91A
:10C10000101202F100431A901B93DDE91A34CDE9B5
:10C110000C34E9E6A6F1547305939DED047BDDE94B
:10C120000C01B0EE470AF0EE670ACDE90C0103F00E
:10C13000DDF9DDE90C0153EC102BF9F72BFCDDE9FF
:10C140000423F9F771FA05EA010C0B46CDE9040165
:10C15000DDE90801684A05460E469445CDE91856C2
:10C160005CD9664B994203D1B0F1FF3F3FF47DAFFC
:10C1700062494FF0FF33CDE9043103E74FF0000E81
:10C1800093E7DDE91001F9F723FFF9F7D5FB024644
:10C190000B46DDE91001F9F745FA0F9B049AC5F348
:10C1A000130513432B43CDE9080149D046A3D3E936
:10C1B0000023F9F761FE48B9DDE9080144A3D3E99A
:10C1C0000023F9F777FE00283FF4DCAE5E46DDE998
:10C1D00004AB1E9C2146484602F03AFE41464846C2
:10C1E00002F036FE3946484602F032FE13994846C0
:10C1F00002F02EFE3146484602F02AFE7EE5049B00
:10C20000012B02D1002E00F040839FED337B3C4C8C
:10C210000023CDE90C348DED107B65E603F15475F8
:10C220000595A8E6B4F59A7F40F372812E4B0593ED
:10C23000002222230492DDE904ABC9F800305DE559
:10C2400027A3D3E90023F9F717FE00283FF49AAE9D
:10C25000BCE71633FFF675AD0C9A2A4BABEB020B1D
:10C2600003EBCB03DDE90401D3E90023F9F7BCFCC0
:10C2700082468B4642E51DA8234902F071FC002846
:10C280003FF4DFAB1D9B1B78282B00F097821F48E3
:10C2900003F032FF5BEC10AB30E51DA81C4902F047
:10C2A0005FFC00283FF4CDAB1D9B1A49013B1DA844
:10C2B0001D9302F055FC10B91D9B01331D930A4BD1
:10C2C0000593DDE904AB19E59535A094FFFFDF3F49
:10C2D00035E5AF350000E03F000000000000F03F12
:10C2E0009535A094FFFFCF3F0000F07FE2FBFFFFFA
:10C2F0000000F03F0000E03FFFFF9F7CFFFFEF7F6B
:10C300000000F0BF48AB03086CA803080C4F0308FB
:10C3100060A8030864A803083FF42BAD644214F03E
:10C320000F020AD0BA4B03EBC203DDE90401D3E9E3
:10C330000023F9F759FCCDE9040124113FF419ADAC
:10C340001F2C35DC14F01003DDE9040118BF6A234B
:10C35000B04E07930023E20704D5D6E90023F9F78E
:10C3600019FB0123641006F10806F4D10BB1CDE9E5
:10C370000401079B9BB1DDE90412C2F30A53C3F128
:10C380006B03002B11460ADD1F2B40F36B8200224A
:10C39000342B049240F371824FF05C7305930022BA
:10C3A0000023DDE90401F9F75DFD00283FF4E3AC6B
:10C3B0002223C9F800304FF0000A4FF0000B9DE433
:10C3C00007995A465046FFF755FA0890002840F062
:10C3D00072821D9A02EB0B031D9312F80B40302C56
:10C3E00008BFC3F1010240F0E080981801331D93AB
:10C3F0001C78302CF9D0A4F13103082B12D8DDF8C9
:10C4000074A00027A4F1300E00F1010B54463E4603
:10C41000012507EB87070EEB47070020631C1D93E0
:10C42000647883E4652C2FD0452C2DD04FF0010C7F
:10C4300005E4794B0593240742BF059B43F0004375
:10C440000593DDE904AB59E40A9A02951EABCDE9E8
:10C4500000321DA91FAB714A484602F0D1F810F016
:10C46000070504463FF446AC062D40F0A080069A2E
:10C470000AF10103002A3FF4E9AA13604FF0000A11
:10C480004FF0000BFFF7E6BA4FF0000B5E465F4639
:10C490004FF0010CFFF7D1BA013096461D9C002ADF
:10C4A000BCD00128834405F1010100F00182284439
:10C4B00000F1FF3C03E04F0063451D460BD0082D03
:10C4C00005F1010307EB8701F5DD102BDCBF06EB5F
:10C4D00086067600F0E70546082B9ADD102DDCBFB6
:10C4E00006EB860602EB4606002097E744F61F623D
:10C4F0009342A8BF13460C93FFF797BB9DED107BAB
:10C500008DED167B1BE59FED407B8DED107B0CE5E3
:10C510002411012C424B40F36581DDE904011E46E4
:10C5200007930023984614F0010F08F101084FEA21
:10C53000640404D0D6E90023F9F72CFA0123012C76
:10C5400006F10806EFD10BB1CDE90401059B324C91
:10C55000344EA3F154730593079B03EBC808D8E945
:10C560000001DDE90423F9F715FA01EA0403B342F7
:10C570000A46CDE9040100F2D4802B498B4240F2F7
:10C58000C9802A4B0593002307934FF0FF33049390
:10C59000FFF7F1BB204B0593139B04932223DDE9A6
:10C5A00004ABC9F80030FFF7A9BB089823E71E9A2F
:10C5B0003AB1352120A803F0D7F848461E9902F079
:10C5C00047FC013D042D3FF636AF01A353F825F09B
:10C5D000EFC50208E5C5020833C4020831C60208E7
:10C5E000EFC50208209B0493219B059323E7DDE917
:10C5F00020131F9A049102F2334223F4801343EA7A
:10C600000253059317E700BF000000000000F03F51
:10C6100048AB030838A803080000F07F10A80308FF
:10C6200038AC03080000A07C0000907CFFFFEF7F87
:10C630004FF0FF336FF00045CDE90435FBE6AA4922
:10C6400001EBC301D1E90001DDE90423F9F7A2F907
:10C6500082468B46FFF752BB9FED9F7B8DED1A7B89
:10C660009FED9F7B8DED107B4FE59F4CC5F10F0536
:10C6700004EBC501DDE90423D1E90001F9F78AF9EA
:10C680000B9B5D1B04EBC504D4E90023F9F782F989
:10C6900082468B46FFF732BB0F990B963346934A7F
:10C6A0005E46C3F31303DDE908AB002943D0934290
:10C6B00000F0B680109B002B7BD00B9A134210D059
:10C6C0000F9B079ADDE90401002B00F08F80FFF734
:10C6D0005FF902460B4650465946F8F7A5FF8246D9
:10C6E0008B46079B1E9C002B3FF474AD804A0023B1
:10C6F000CDE918325046DDE918235946F9F74AF9D1
:10C7000003460B4308BF222382468B4608BFC9F865
:10C7100000305FE502F15473059300230793FFF7A0
:10C720002ABB0023049305942223DDE904ABC9F856
:10C730000030FFF7E3BA049A1343BBD1079B002BE9
:10C7400040F0A5806B4B0B9A1A401346A3F580135B
:10C750006FEA13536FEA035305934FF0FF330493CB
:10C76000DDE904ABBDE7DDE904450F9B23435A46F1
:10C770005E46DDE908ABB4D1C5F313030B95002B7E
:10C78000AFD125F000431B0D1B05B3F1D66FA8D91F
:10C79000536913B91369012BA3DD314601224846C1
:10C7A00002F090FD3946064602F0F0FD002898DDC3
:10C7B000C4E70C9B049A134293D081E71DA820AADA
:10C7C0004D4902F0E5F905287FF461AD219B43F066
:10C7D000FF4343F4E0030593209B0493DDE904AB9E
:10C7E000FFF78CBA07934FF00008AFE6FFF7D0F8D9
:10C7F00002460B4650465946F8F714FF0022002324
:10C8000082468B46F9F72EFB00283FF46AAF2223BD
:10C81000C9F800301E9C4FF0000A4FF0000BD9E41D
:10C82000079B049933B3334B0B9A1340B3F1D46F86
:10C8300020D81B0DC3F16B034FF0FF3202FA03F354
:10C8400099427FF437AF2D4B0B9A9A422CD0294B4B
:10C850000B9A1A4002F58013059300230493DDE937
:10C8600004AB3EE74FF0FF3202FA03F3049A1A409A
:10C87000049294E54FF0FF33E2E7203B4FF0FF32A4
:10C8800002FA03F30B40059389E55E46BFE7194BB7
:10C890000B9A1A40B2F1D66F13463FF757AFB2F179
:10C8A0005C7FB4DD1E9C21E70131D0D1FFF7DEBBF8
:10C8B0002B460D4610E60023652C08931E461F46A6
:10C8C00018469B4603D01D469C46FFF701B99C467F
:10C8D000FFF7B3B8AFF30080000000000000E0BF36
:10C8E000000000000000E03F48AB0308FFFF0F001E
:10C8F000000050390000F07F24A80308FFFFEF7FFD
:10C90000014BFFF761B800BF4002002010B4044C97
:10C9100013460A46014620685DF8044BFFF754B8F9
:10C92000D801002010B4044C044B0A46014620688C
:10C930005DF8044BFFF748B8D80100204002002002
:10C940002DE9F041DFF8A88013462DED028B0A4651
:10C950000146D8F80000FFF737F855EC104B10EE01
:10C96000102A2B4610EE100A294603F011FC50BB8A
:10C9700020462946F9F7C8FA08EE100ADFED197AC1
:10C98000B0EEC87AB4EE677AF1EE10FA15DD25F054
:10C990000047204639464FF0FF32134B03F0F8FBB7
:10C9A00038B9204639464FF0FF320F4BF9F76EFA8F
:10C9B00018B1D8F8003022221A60B0EE480ABDEC57
:10C9C000028BBDE8F081002D084804DAFBF716F968
:10C9D000B1EE408AF1E7BDEC028BBDE8F041FBF718
:10C9E0000DB900BFFFFF7F7FFFFFEF7F0C4F0308F4
:10C9F000D80100202DE9F041DFF8AC80264B0A4633
:10CA00002DED028B0146D8F80000FEF7DDFF55EC56
:10CA1000104B10EE102A2B4610EE100A294603F098
:10CA2000B7FB50BB20462946F9F76EFA08EE100A0C
:10CA3000DFED1A7AB0EEC87AB4EE677AF1EE10FA4A
:10CA400015DD25F00047204639464FF0FF32144BE4
:10CA500003F09EFB38B9204639464FF0FF32104BA9
:10CA6000F9F714FA18B1D8F8003022221A60B0EEA3
:10CA7000480ABDEC028BBDE8F081002D094804DABC
:10CA8000FBF7BCF8B1EE408AF1E7BDEC028BBDE8E4
:10CA9000F041FBF7B3B800BF40020020FFFF7F7FEB
:10CAA000FFFFEF7F0C4F0308D8010020012B2DE979
:10CAB000F84F41D0242B98463ED80F46DFF81CC1D2
:10CAC00000E02F463D4615F8014B1CF8046016F0B7
:10CAD0000806F6D12D2C6CD02B2C0ABF95F800B08F
:10CAE000A346BD1C002B46D0102B57D0002E14BFE0
:10CAF0004FF000496FF000490027B9FBF8FEBC4633
:10CB000008FB1E9A07E0E64513D32FD00CFB084C18
:10CB1000012715F801BBABF13004092C05D9ABF1A5
:10CB20004104192C0FD8ABF13704A34213DD002FB9
:10CB3000E9DA4FF0FF37ECE7FBF742F91623036021
:10CB40000020BDE8F88FABF16104192C03D8ABF1DC
:10CB50005704A342EBDC002F25DB0EB1CCF1000C17
:10CB60000AB177BB11606046BDE8F88FA245CDDA07
:10CB70004FF0FF37CDE7BBF1300F03D04FF00A087D
:10CB80004346B3E72B7803F0DF03582B1BD14FF05C
:10CB9000100895F801B043460235A7E7BBF1300F06
:10CBA00015D09846A2E7222303603AB1691ECC460D
:10CBB000D8E795F800B00126BD1C93E7CC46604647
:10CBC000D2E7E146F2E74FF0080843468EE72C78BB
:10CBD00004F0DF04582CDAD0984687E771A80308E0
:10CBE00064E700BF10B4044C13460A4601462068AF
:10CBF0005DF8044B5AE700BFD801002010B4044C84
:10CC000013460A46014620685DF8044B4EE700BF14
:10CC1000D80100202DE9F0470F464C4D00E0674653
:10CC2000BC461CF8014B2E5D16F00806F7D12D2CE2
:10CC300058D02B2C0ABF9CF80050254607F1020C57
:10CC4000F3B3102B54D04FF0FF38B8FBF3F803FBCD
:10CC500008FA6FEA0A0A99460027BE4607E0C64569
:10CC600013D828D009FB0E4E01271CF8015BA5F153
:10CC70003004092C05D9A5F14104192C08D8A5F1D7
:10CC80003704A3420CDD002FE9DA4FF0FF37ECE761
:10CC9000A5F16104192C03D8A5F15704A342F2DCD5
:10CCA000002F16DB0EB1CEF1000E0AB1BFB9116034
:10CCB0007046BDE8F0875445D4DD4FF0FF37D4E728
:10CCC000302D29D00A2399464FF0050ADFF88080DD
:10CCD000C2E7222303604FF0FF3E002AE8D00CF1A8
:10CCE000FF31E4E79CF80050012607F1020CA7E7AA
:10CCF000302D24D19CF8004004F0DF04582C18D1CA
:10CD00004FF010099CF801504B464FF00F0A0CF100
:10CD1000020C6FF070489FE79CF8003003F0DF03CF
:10CD2000582BEDD0082399464FF0070A6FF0604862
:10CD300092E799466FF070484FF00F0A8CE74FF07A
:10CD40000F0A6FF07048994686E700BF71A8030884
:10CD5000999999195EE700BF10B4044C13460A462E
:10CD6000014620685DF8044B54E700BFD80100205D
:10CD700010B4044C13460A46014620685DF8044B83
:10CD800048E700BFD8010020034BC35C03F0030356
:10CD9000012B08BF2030704771A80308034BC35C08
:10CDA00003F00303022B08BF2038704771A8030863
:10CDB00001F144032DE9F0410C46496B994214D02E
:10CDC000A66B77003A4602F02DFD054640B300EB16
:10CDD0000608324640462946FCF772F9C4E90D5769
:10CDE000C4F800800020BDE8F0814FF48061FCF7BA
:10CDF0000FFBA8B194F846304FF48062C4E90D02ED
:10CE000080F8FF3394F8453080F8FE3394F84430CE
:10CE100080F8FD3300F2FD3020600020BDE8F08195
:10CE20004FF0FF30DFE700BF70B54C1C68D00E46F6
:10CE30001446054610B18369002B2FD0324B9C421B
:10CE400031D0324B9C4230D0314B9C4208BFEC6811
:10CE5000B4F90C3023F020039AB25007A38106D412
:10CE6000D1064DD512073AD443F00403A381626B77
:10CE70006368F6B2DAB1A26B9A4205DC2846214615
:10CE8000FFF796FF00283BD123685A1E226003F863
:10CE9000016C636801336360304670BDFBF7E2FAF2
:10CEA000194B9C42CDD16C68D2E7AC68D0E72269BF
:10CEB00021682AB18A4203D211F8012CB2421AD059
:10CEC000224604F1440023640323C4E90D03E16313
:10CED00002F8466F0123C4E90023304670BD2146A5
:10CEE0002846FBF795F858B9B4F90C30A060A0615A
:10CEF00023F00803B8E701390133C4E90013CBE795
:10CF00004FF0FF36C8E700BF68A7030848A703082B
:10CF100028A70308024B0A4601461868FFF784BF9A
:10CF2000D801002070B5141E9AB005462BDB1A46B6
:10CF30004FF4027300910491ADF80C3013D0013C12
:10CF40004FF6FF761E9B029469460594ADF80E607D
:10CF500002F06AFD421C01DA8B232B60009B002249
:10CF60001A701AB070BD1E9B02944FF6FF76694688
:10CF70000594ADF80E6002F057FD431C01DA8B23D7
:10CF80002B601AB070BD8B2303604FF0FF30F8E7C1
:10CF900010B5054C82B0009313460A46014620683E
:10CFA000FFF7C0FF02B010BDD8010020F8B50D4654
:10CFB0001446064608B1836943B3254B9C422AD0E8
:10CFC000244B9C4229D0244B9C4208BFF468A3897F
:10CFD000A269A2601A0722D5236903B32268616996
:10CFE000D31AEDB299422F4629DD0133A168501CB6
:10CFF0000139A1602060157062699A4216D0A38938
:10D00000DB0701D50A2D11D03846F8BDFBF72AFA07
:10D010000F4B9C42D4D17468D9E7B468D7E7214656
:10D02000304600F039F838B92369D7E72146304651
:10D03000FAF7EEFF0028E7D04FF0FF37E4E721468C
:10D040003046FAF7E5FF0028F6D122680123CDE744
:10D0500068A7030848A7030828A70308024B0A4645
:10D0600001461868FFF7A2BFD801002070B50D4631
:10D07000084C114606461A46284600232360F7F757
:10D0800027F8431C00D070BD2368002BFBD0336011
:10D0900070BD00BF700800203B4B70B51D68064690
:10D0A0000C460DB1AB69DBB1384B9C421ED0384BFE
:10D0B0009C424AD0374B9C4208BFEC68B4F90C2024
:10D0C00093B2190718D5206908B313F001022CD0C8
:10D0D000636900225B42A361A26060B3002070BD5F
:10D0E0002846FBF7BFF9294B9C42E0D16C68B4F9A4
:10D0F0000C2093B21907E6D4DD063CD5580726D498
:10D10000206942F00803A3819BB20028DDD103F41B
:10D110002072B2F5007FD8D030462146FBF7F4FEEE
:10D12000A389206913F00102D2D1990758BF62691F
:10D13000A2600028D2D1B4F90C301A06CFD543F042
:10D140004003A3814FF0FF3070BDAC68B6E7616B60
:10D1500051B104F14403994204D03046FCF702F97E
:10D16000B4F90C200023636300232069636022F07C
:10D1700024022060C5E742F04002092333604FF0EB
:10D18000FF30A28170BD00BFD801002068A703084E
:10D1900048A7030828A7030838B5074C002305460D
:10D1A00008462360F6F780FF431C00D038BD236893
:10D1B000002BFBD02B6038BD700800200000000061
:10D1C0002DE9F04F03690F69BB4283B0C0F286803E
:10D1D000013F01F1140600F1140A56F827305AF8FD
:10D1E0002720BC000133009406EB04099A42544402
:10D1F000B2FBF3F801943AD300252A46B646D4464A
:10D200005EF8044BDCF800301FFA84FB08FB0B557A
:10D210004FEA154B240C08FB04B4ADB2551BA2B267
:10D22000C2EB134215FA83F302EB23429BB243EAAB
:10D230000243F1454FEA14454CF8043B4FEA2242C1
:10D24000DED2009B5AF803308BB9019A131F9A451E
:10D250000CD252F8043C4BB9A2F1080302E01A6860
:10D26000043B1AB99A4507F1FF37F8D30761044622
:10D2700002F08CF800282DDB08F10108504600234D
:10D2800056F8041B05688AB29A1A0B0C12FA85F23A
:10D29000C3EB154303EB224392B242EA0342B1458A
:10D2A00040F8042B4FEA2343EAD25AF827200AEB2E
:10D2B00087037AB91A1F92450BD253F8042C42B94E
:10D2C000083B02E01A68043B1AB99A4507F1FF3798
:10D2D000F8D32761404603B0BDE8F08F002003B0CB
:10D2E000BDE8F08F2DE9F04F55EC104B97B0466A32
:10D2F000209F039182460A920793CDE90045002EB4
:10D3000000F03683316851B172684A60012393405E
:10D310008B6001F09DFDDAF8243000221A602E1E89
:10D32000B4BF012300233B60774BBCBF26F000460F
:10D330000196B34300F0B0809DED007B00220023F6
:10D3400051EC170B8DED047BF8F78CFD054678B199
:10D35000079A01231360219B002B00F023836B4B62
:10D36000219A1360013B0293029817B0BDE8F08F39
:10D37000DDE9047814AA15A948EC107B504602F0A8
:10D3800039F9340D834640F09D80DDE914542C4476
:10D3900004F23243202B40F3CD83C3F140039E407F
:10D3A000009B04F2124023FA00F03043F8F778FAB9
:10D3B000A1F1F87301210246013C0E911046194675
:10D3C0000022534BF8F72EF949A3D3E90023F8F7CD
:10D3D000E1FA49A3D3E90023F8F726F906462046E7
:10D3E0000F46F8F76DFA46A3D3E90023F8F7D2FA0F
:10D3F00002460B4630463946F8F716F906460F4600
:10D4000002F0DCFE00228146002330463946F8F760
:10D4100033FD002840F0B9822C1BB9F1160F04F13E
:10D42000FF3800F299823B4B03EBC903D3E9002399
:10D43000DDE90401F8F720FD002871D00023B8F1E0
:10D44000000F09F1FF390D93C0F28C82002309937C
:10D45000B9F1000F6ADA099BCDF81890A3EB090324
:10D460000993C9F100030C93039BDAF82400092BFC
:10D470004FF0000964D8052B40F35A83043B039313
:10D480000024039B023B032B00F26486DFE813F0C9
:10D49000660463043E045604079A42F20F73136055
:10D4A000009BC6F31306334318D1219B002B00F0D9
:10D4B0006086194B02930833219A0298136017B0C3
:10D4C000BDE8F08FC8F3130141F07F530E953A4643
:10D4D000A4F2FF3443F44013149D6FE7219B002B0B
:10D4E00040F003840D4B02933EE700BFAFF3008092
:10D4F00061436F63A787D23FB3C8608B288AC63F5A
:10D50000FB799F501344D33F0000F07F91550308EF
:10D510000000F83F48AB030874A9030880A903087A
:10D52000B8F1000FC0F2A3840D90099000230C9372
:10D53000039BCDF81890092BC844DAF824009AD937
:10D54000002301240393CDE90A344FF0FF330893FD
:10D550000021089B41600F93504601F039FC029076
:10D56000002800F0FF85DAF82430029A1A60089B40
:10D570000E2B00F20A81002C00F007810699002989
:10D5800040F37784B14B01F00F0203EBC20393ED3C
:10D59000007B0C11E2068DED107B40F11484AC4B46
:10D5A000DDE90401D3E90823F8F71EFBCDE900010A
:10D5B00004F00F0403267CB1DDE91001A44DE3075C
:10D5C00004D5D5E90023F8F7E5F90136641005F133
:10D5D0000805F4D1CDE91001DDE90001DDE91023F2
:10D5E000F8F702FBCDE900010D9B53B1DDE90045E1
:10D5F0000022984B20462946F8F73EFC002840F0D0
:10D6000035853046F8F75CF9DDE90023F8F7C2F913
:10D61000914B0022F8F708F8089B0446A1F15075D9
:10D62000002B00F00884069B1293089B1093DDE901
:10D6300000673946304602F0C1FD0090F8F740F926
:10D6400002460B4630463946F7F7ECFF7F4B009A0F
:10D650000F461099064603EBC1030B98029930322E
:10D66000CDE90045D5B24C1C53E90223002800F057
:10D67000A18400207949F8F7B7FADDE90023F7F72C
:10D68000D1FF029B32461D703B46CDE90001F8F701
:10D6900011FC002840F0DE8432463B4600206D49F4
:10D6A000F7F7C0FF02460B46DDE90001F8F702FC80
:10D6B000002840F03D85109B012B62D0029ACDF8E6
:10D6C00040901344CDF84C80DDE90089CDF800B0DE
:10D6D000D3469A460EE032463B4600205D49F7F7B6
:10D6E000A1FF42464B46F8F7C7FB002840F0FC84F8
:10D6F00054453FD0404649460022594BF8F74AF975
:10D700000022574B8046894630463946F8F742F9A1
:10D710000F46064602F052FD0546F8F7D1F80246DC
:10D720000B4630463946F7F77DFF3035EDB204F849
:10D73000015B42464B4606460F46F8F79DFB002824
:10D74000C9D0129BDA460133DDF800B00693594682
:10D75000504601F07DFB00232370079B1A46069B71
:10D760001360219B002B3FF4FFAD02981C6017B0A3
:10D77000BDE8F08FDA46DDF84090DDF84C80DDF84A
:10D7800000B0DDE90434CDE90034159B002BC0F274
:10D79000C680069A0E2A00F3C2802C4B03EBC2030C
:10D7A000D3E900890A9B002B17DA089F002F14DCAD
:10D7B00040F05A8300222B4B40464946F8F7EAF8DE
:10D7C000DDE90023F8F76CFB002800F0D283089F06
:10D7D0003D460A9B029CDB43DEE2DDE90045424612
:10D7E0004B4620462946F8F7FFF902F0E7FC0646CB
:10D7F0000090F8F765F842464B46F8F7CBF802463A
:10D800000B4620462946029C35463035F7F70AFF7D
:10D81000069E04F8015B089D0136012D02460B4669
:10D82000069652D000220E4BF8F7B4F800220023DF
:10D8300006460F46F8F716FB002888D1CDF800B051
:10D840000125DDF820B0CDF80CA01AE048AB0308A4
:10D8500038AC03080000F03F00001C400000E03F2F
:10D8600000002440000014400022BF4BF8F792F85B
:10D870000022002306460F46F8F7F4FA002840F08D
:10D880006D8342464B4630463946F8F7ADF902F013
:10D8900095FC8246F8F714F842464B46F8F77AF8BA
:10D8A00002460B4630463946F7F7BCFE01350AF111
:10D8B0003006AB4502460B4604F8016BD4D1DDF8C7
:10D8C00000B0CDF800A0DDF80CA010461946F7F71F
:10D8D000ABFE42464B4606460F46F8F7EBFA60B9F8
:10D8E00042464B4630463946F8F7BCFA00283FF42A
:10D8F0002EAF009BD9077FF52AAF14F8015C029A7E
:10D90000631E04E09A4200F0D78313F8015D392DBD
:10D9100003F10104F6D06A1CD2B21A7017E70B9A11
:10D92000002A45D0039A012A40F36382089B5E1EB9
:10D930000C9BB342C0F241829E1B089B002BC0F29D
:10D940001383099A14461A449844099201215046B7
:10D9500001F09AFB05462EE00123B8F1000F0D936C
:10D96000BFF674ADC4F1010309934FF000086FE5F1
:10D970001020F4F76BFBCAF82400002800F0DD83C8
:10D98000C0E901660660C660C9E44846F7F798FF3B
:10D9900032463B46F8F766FA00287FF43DAD09F1C0
:10D9A000FF3939E5714B0293029817B0BDE8F08F4B
:10D9B0000C9E099C0B9D002C0CDDB8F1000F09DDBD
:10D9C0004445099A2346A8BF4346D21A0992E41A4D
:10D9D000A8EB03080C9BD3B10B9B002B00F07E81BE
:10D9E000002E10DD29463246504601F009FC5A4609
:10D9F00001460546504601F05DFB59460746504634
:10DA000001F026FABB460C9B9A1B40F0688101216D
:10DA1000504601F039FBB9F1000F074600F3908042
:10DA2000039B012B40F3668100260120B9F1000F12
:10DA300040F09180404410F01F0077D0C0F12003E7
:10DA4000042B40F39A83C0F11C00099B0344099303
:10DA500004448044099B002B05DD59461A46504674
:10DA600001F030FC8346B8F1000F05DD394642462F
:10DA7000504601F027FC07460D9B002B40F0138118
:10DA8000089B002B40F3FA800B9B002B7ED1069B5A
:10DA900001330693029CDDF82080012607E05946F9
:10DAA00000230A22504601F0F9F90136834639462F
:10DAB0005846FFF785FBB04500F1300004F8010B34
:10DAC000EDDC03464FF00009594601225046009311
:10DAD00001F0F8FB3946834601F058FC002814F8A1
:10DAE000012C40F37881631E029904E0994200F012
:10DAF0008D8113F8012D392A03F10104F6D001328A
:10DB00001A703946504601F0A3F9002D3FF41FAEBC
:10DB1000B9F1000F05D0A94503D04946504601F0A0
:10DB200097F92946504601F093F910E61C208CE73E
:10DB30000124A6E4C3F12006009B03FA06F035E4B5
:10DB400001464A46504601F05BFB039B012B07460A
:10DB500040F3B98100263B6907EB8303186901F0A4
:10DB600043FAC0F1200065E7000024409055030807
:10DB7000294600230A22504601F090F90F9B002B02
:10DB8000054640F3CC82CDF818800893002C00F3B2
:10DB90000D81002E40F0CB81A846009B0399029E88
:10DBA00003F001020B920A430A92089A731E1A4468
:10DBB000099239465846FFF703FB2946009058461C
:10DBC00001F0E4FB424681463946504601F0FAFB3B
:10DBD000009BC26804463033002A41D101465846B2
:10DBE000089301F0D3FB21460490504601F030F930
:10DBF000049A089B1AB90A99002900F07C82B9F1AD
:10DC0000000F06F10104C0F27581039941EA090988
:10DC10000B9951EA090100F06D81002A00F3AB81F4
:10DC2000099A3370B24200F0B281594600230A22A9
:10DC3000504601F033F94545834629464FF000032D
:10DC40004FF00A02504613D001F028F9414605462C
:10DC500000230A22504601F021F926468046A8E713
:10DC600001465046049301F0F3F80122049BC6E7F5
:10DC700001F014F92646054680469AE7039B022BDD
:10DC800073DC0B9B002B81D139465846FFF798FA7D
:10DC9000069A029C00F130030132069204F8013B1F
:10DCA0004FF0000910E73946584601F06FFB002895
:10DCB000BFF6E6AE594600230A22504601F0EEF8C0
:10DCC000069B03F1FF380B9B8346002B7FF450AF7C
:10DCD0000F9B002B40F31C820893DBE60C9A5946FD
:10DCE000504601F08DFA834691E6AC4B0293033324
:10DCF000FFF7E2BBDDE9001200297FF495AEC2F325
:10DD00001303002B00F0EA80009E8EE601230B93A4
:10DD10000A9D002D5ADD0F9508950021172D4160B1
:10DD20007FF71AAC012204235B0003F11406AE4214
:10DD3000114602F10102F7D941600DE401230B9372
:10DD40000A9B069A13440F930133012B1D46089337
:10DD5000B8BF0125E1E700230B93F1E700230B9304
:10DD6000D6E70F9B0893CDF81880089B002B7FF413
:10DD700030AD39460522504601F090F8014607467D
:10DD8000584601F003FB00287FF723AD029C069B59
:10DD9000312204F8012B01330133394650460693F2
:10DDA00001F056F8002D7FF4BCAED0E4294622469F
:10DDB000504601F087FA0546EBE60C9B0C96F31AE9
:10DDC00099440026B9E50226FFF7F5BB01230A9323
:10DDD0000893FFF7BDBB03D1009BDB073FF583AE84
:10DDE000631E01E013F8012D302A03F10104F9D07C
:10DDF00087E60E9A002A00F0328103F23343099A33
:10DE00000C9E14461A44984409929FE5069A0132E2
:10DE10000692029A3123137073E63046F7F750FDED
:10DE2000DDE90023F7F7B6FD00225D4BF7F7FCFBB9
:10DE30000446A1F1507500225A4BDDE90001F7F7C5
:10DE4000F1FB22462B4606460F46F8F733F800282A
:10DE500040F08E80224605F1004330463946F8F7FF
:10DE60000BF800283FF48DAC00273D46B1E40D903F
:10DE700078E500F0F880069B5C424B4B04F00F0203
:10DE800003EBC203D3E90023DDE90401F7F782FDC8
:10DE90002411CDE9000100F0E680444D0023022664
:10DEA000E70705D5D5E90023F7F774FD013601230F
:10DEB000641005F10805F3D1002B3FF495ABCDE9D3
:10DEC0000001FFF791BB009B002B7FF443AEDDE91F
:10DED0000012C2F31303002B7FF43CAE344E164005
:10DEE000002E3FF4A2AD099B0133099308F101080C
:10DEF00001269AE50699002A01F10101069112DD39
:10DF0000594601225046039301F0DCF93946834615
:10DF100001F03CFA0028039B40F3E080392B00F02D
:10DF2000D280009B3133A94633704546E9E56968E4
:10DF3000504600F04DFF0446002800F004812B6994
:10DF400002339A0005F10C010C30FBF7B9F82146B9
:10DF50000122504601F0B6F980461EE6DDF800B019
:10DF6000DDF80CA0FFF7F3BBDDE908239C1AEDE414
:10DF700000273D460AE7069A392B02F10102069274
:10DF800000F0A1800133A94633704546B9E5069AF1
:10DF90000132A9460692454696E500BF80A90308CE
:10DFA00000001C400000144048AB030838AC0308D4
:10DFB0000000F07FDDE90001F7F7ECFC029B1D702B
:10DFC000109B012BCDE9000123D0109B029ACDF8C4
:10DFD00040901344C14698460022714B3046394662
:10DFE000F7F7D8FC0F46064602F0E8F80546F7F7C3
:10DFF00067FC303502460B4630463946F7F712FBD0
:10E0000004F8015B444506460F46E5D1C846DDF8F5
:10E010004090644B0022DDE90001F7F705FB324632
:10E020003B46F7F729FF002852D1DDE90023002005
:10E030005C49F7F7F7FA32463B46F7F73BFF002813
:10E040003FF49FAB00E0144614F8013C302B04F180
:10E05000FF32F8D0129B01330693FFF778BB149B75
:10E06000C3F13603CBE60226FFF7BEBA089B002BAE
:10E070003FF4D3AE0F9F002F7FF783AB0022484BB6
:10E0800020462946F7F786FC04460D46701CCDE96C
:10E090000045F7F715FC22462B46F7F77BFC424B71
:10E0A0000022F7F7C1FA069B1097013B0446A1F145
:10E0B00050751293FFF7BBBA069A013206923122CD
:10E0C0001A70FFF744BB3922A946327045460AE56B
:10E0D000129B0133069314F8015C10E47FF423AF24
:10E0E000DA077FF520AF19E7129B0133DA46069372
:10E0F000DDF800B003E4069A392B02F10102069222
:10E1000006F10104DFD0B9F1000F3FF70AAF0AE7CB
:10E11000039B022B3FF725AECDF81880B4E5039B97
:10E12000022B3FF71EAE0F9BCDF8188008932DE50C
:10E13000129B01330693FFF7E2BB02461B4B1C48C0
:10E14000EA2101F0F9FF02461A4B194840F2EA2190
:10E1500001F0F2FF002444602146504600F038FEF2
:10E16000029078B9134B124800224FF4D57101F098
:10E17000E3FF114B0293FFF7F7B83FF46BACC0F12C
:10E180003C0062E4DAF82430029919604FF0FF3263
:10E19000012308920A940F920B93FFF7F6BA00BF7F
:10E1A000000024400000E03F00001C4084A9030858
:10E1B0009CA90308D0A9030874A903080B78722B43
:10E1C00030B431D0772B06D0612B27D016230360D3
:10E1D00030BC002070474FF4C0650124082011F8BE
:10E1E000013F8BB1622B16D0782B11D02B2BF6D19F
:10E1F00011F8013F20F01C0024F0030440F010004F
:10E2000044F00204002BEDD12C43146030BC704765
:10E2100044F40064E3E744F48034E0E74FF402752B
:10E2200001244FF48470DAE700252C460420D6E759
:10E2300038B50B46074C05461146184600232360A7
:10E24000F5F7B2FF431C00D038BD2368002BFBD08C
:10E250002B6038BD700800209368002B00F002810D
:10E260002DE9F04FB1F90C309BB20C46190783B081
:10E270008246904635D522699AB313F00202D8F847
:10E2800000603DD00027D4F828B0D4F820C0DFF8D3
:10E29000CC923D464D452B463A4628BF4B466146FB
:10E2A0005046D5B1D847002840F3D280D8F808307E
:10E2B0001B1A07442D1AC8F80830002B00F0B7804D
:10E2C000D4F820C0D4F828B04D452B463A4628BF94
:10E2D0004B4661465046002DE4D1D6E9007508361C
:10E2E000D8E721465046FEF7D7FE002840F030819F
:10E2F000B4F90C30D8F800609BB213F00202C1D11F
:10E3000013F0010940F0B080A76820684D46002D49
:10E3100054D09A0540F1BC80AF42BB4600F2E78082
:10E3200013F4906F2FD0D4E9041707EB4707A0EB45
:10E33000010B07EBD777681C7F105844B8423A4668
:10E3400084BF07463A465B0540F1E98011465046D6
:10E35000FBF75EF8002800F0F5805A46216901902D
:10E36000FAF7AEFEA289019B22F4906242F080028D
:10E37000A281A7EB0B0203EB0B0067612361206016
:10E38000A2602F46AB465A464946FAF733FFA268C9
:10E390002368D21B5B442F46A26023600025D8F877
:10E3A0000830DB1BB944C8F80830002B3FD0B4F963
:10E3B0000C30A76820689BB2002DAAD1D6E9009541
:10E3C0000836A4E70BF1080353E902679B460833BC
:10E3D000002FF9D03A460A213046FAF7F1FD00281D
:10E3E00053D00130A0EB06094B46D4E90412206853
:10E3F000BB4228BF3B46884203D9A5681544AB42BF
:10E4000019DC9A427DDC1346A56A216A32465046E1
:10E41000A847051E1CDDB9EB05096BD00120D8F813
:10E4200008305B1B2E447F1BC8F8083013BB00204C
:10E4300003B0BDE8F08F31462A46FAF7DBFE2368C9
:10E440002B44236021465046F9F7E2FD0028E2D034
:10E45000B4F90C3043F040034FF0FF30A38103B018
:10E46000BDE8F08F002070473346914610461746AE
:10E470004E469B46002FA5D00028B5D13A460A212A
:10E480003046FAF79DFD0028ABD17B1C9946ACE7DE
:10E490002369834215D36169A94212D82E4BA76A1A
:10E4A0009D4294BF2B466FF000434A4693FBF1F325
:10E4B000504601FB03F3216AB847071EC8DDED1B78
:10E4C0006DE7AF4228BF2F463A464946FAF792FE1B
:10E4D000A3682268DB1B3A44A3602260002BEED1C4
:10E4E00021465046F9F794FD0028E8D0B0E72F46C2
:10E4F000AB4648E721465046F9F78AFD00288ED002
:10E50000A6E71A4631460193FAF774FE019BA1680B
:10E510002268C91A1A44A16022601D467BE7504652
:10E5200001F080F9034600287FF423AF21695046AB
:10E53000FAF718FFB4F90C300C2223F08003CAF864
:10E54000002087E70C23CAF80030B4F90C3081E7CB
:10E550004FF0FF306CE700BFFEFFFF7F00FCFF7F46
:10E560002DE9F04106694D11AE422EDD00F1140790
:10E5700011F01F0107EB860C07EB85032BD057F832
:10E58000252004339C4522FA01F4C1F1200818D952
:10E59000BE461A6802FA08F222434EF8042B53F8DA
:10E5A000044B9C4524FA01F4F3D8731B9B00053BF4
:10E5B0009B08013307EB830547F82340CCB10435B2
:10E5C00017E044613D46002CF9D10023036100238C
:10E5D0004361BDE8F0819C4588BF00F11002F4D989
:10E5E00053F8041B42F8041F9C45F9D8751B07EB30
:10E5F0008505EB1B9B10BD420361E8D0BDE8F081AF
:10E600002DE9F04FBC4C8DB0246808908946204617
:10E6100005920A930694FDF793F8D9F80030049018
:10E6200021189A7811F8011C0191302A40F0E581F7
:10E630006FF00101C91A033301EB030A1C4613F8FA
:10E64000012B302AF8D0AD4FBB5C002B00F0F980D5
:10E6500023784FF00008FB5C4546264623B116F8A8
:10E66000013FFB5C002BFAD1049A06993046FDF776
:10E6700001F90290002800F099803378002D40F0D5
:10E6800098810295502B00F09B80702B00F09880B1
:10E690003546C9F80060B8F1000F40F0C0802B1B70
:10E6A000013B072B414604DD5B10072B01F1010103
:10E6B000FADC089800F08CFB0390002800F03F8201
:10E6C000039BAC4203F11403099380F0C5819B4680
:10E6D000049B0026C3F10103B14607930FE0202EEF
:10E6E00000F0A6803246043615F8013CFB5C554626
:10E6F00003F00F039340A54249EA030918D915F81E
:10E70000013C019A934205F1FF3A0BF10408E6D16E
:10E71000079B5344A342E2D31846049A06990B93ED
:10E72000FDF7A8F80B9B0028D9D11D46A542E6D8D5
:10E73000099B039ACBF80090A8EB03084FEAA803C3
:10E74000136148464FEA431800F04EFC059B1C68D5
:10E75000A8EB0000A04200F3AE80C0F22E8100269C
:10E76000059B029A9B689342C0F26B810598029ABE
:10E770004368934240F382809D1AAC4200F3C0800C
:10E78000C268022A00F09D81032A00F09581012AC7
:10E7900000F079810898039900F05AFB5025169AE9
:10E7A0000023284613600DB0BDE8F08F002D00F067
:10E7B0001381AD1BAB0002933378502B7FF465AF10
:10E7C00073782B2B00F0F3802D2B70D0711C00255B
:10E7D000FB5C5A1E182A3FF65BAF4A78BA5C501EA3
:10E7E0001828A3F1100301F101010BD811F8010F52
:10E7F00003EB830302EB43033A5C501E1828A3F19A
:10E800001003F3D905B15B42029A35461A440E460D
:10E810000292C9F80060B8F1000F3FF440AFBAF1BE
:10E82000000F14BF0025062528460DB0BDE8F08F67
:10E830005B46002243F8089BC3469146984604264F
:10E8400052E7049D06992A462046FDF713F8002852
:10E8500074D1625DBB5C6619002B71D0302A3446DE
:10E8600004D114F8013F302BFBD0FB5CB3FA83F8E2
:10E8700035464FEA58184FF0010AEEE6012556B129
:10E88000059BDB68022B62D0032B64D0012B00F0C8
:10E89000858045F01005169B1A46039B13600A9B62
:10E8A0001A46029B136028460DB0BDE8F08F012583
:10E8B000B378B11C8CE7039F051B2946384600F04E
:10E8C00077FF064678B16A1E099E511102F01F03B8
:10E8D00056F82110012606FA03F30B4203D0B24288
:10E8E00000F3C8800226DDE9023029462B4402935A
:10E8F000FFF736FE34E700BF20AB0308E4A90308A6
:10E900006F1E002E40F0A680002F40F0AD807B11DE
:10E91000099A039852F8232007F01F07012303FAEE
:10E9200007F71742294618BF46F00206FFF718FE00
:10E93000059B5B680293641B0225A0E722782646AC
:10E94000502A5ED0702A5CD0C9F8006067E7179B38
:10E95000C3F101031793179B002B9AD0039BDDF89B
:10E9600024C01E69B7000CEB07006346002103E0DA
:10E97000984243F8041C49D99E4653F8042BB2F13F
:10E98000FF3FF5D00132022DCEF8002000F09E802E
:10E9900014F01F0440F0BC8021257CE7B2077FF50E
:10E9A00078AF099B1B681E43F307D7D471E7002596
:10E9B0007EE7AD1BAA00029264E6251A0399089827
:10E9C0002A4600F07FFC029B03905B1B02930346E8
:10E9D000143309930026C3E60499735CFA5C71183A
:10E9E0000E46002A3FF44EAE16F8013FFA5C002AAC
:10E9F000FAD1891B8A00029244E69C1C4FF0000A5F
:10EA000021E6002302934FF00108D9E6039B9B689F
:10EA10009E4262DA3346039800EB83020121013300
:10EA2000022D0361516151D09E42B1DA0121039858
:10EA3000FFF796FD059B029A9B6801329342029272
:10EA4000AADA0399089800F003FA169A00231360D3
:10EA5000A325E9E601265AE7039BDDF824B003F17C
:10EA600018084FF0000963E63946039800F0A0FE4D
:10EA700006464CE7A91E384600F09AFE00283FF4EF
:10EA800031AF03262FE7AC427FF484AE012C08D0CF
:10EA9000611E039800F08CFE00283FF47BAE059BBE
:10EAA0005B680A990B60039B099901221A610A604D
:10EAB000169A62251360B7E6179A002A3FF46AAEE9
:10EAC000EFE7179A002A7FF465AEEAE7059B1B681B
:10EAD000013BA34227D02225DDE6039B0898596815
:10EAE000013100F075F9804678B303990B69023360
:10EAF0009A000C310C30FAF7E3FA0399089800F009
:10EB0000A7F9CDF80C8008F1140CD8F8103082E782
:10EB10006744C4F1200457F8040C00F065FAA042E1
:10EB2000BFF63AAF82E7631104F01F045CF82320BC
:10EB30000123A34013420CBF22252125ABE6024648
:10EB4000054B0648DE2101F0F7FA0246024B034866
:10EB5000842101F0F1FA00BFD0A90308E4AA030858
:10EB600030B40468013408E014F8013BA3F1410516
:10EB7000192D98BF2033934207D111F8012B002A99
:10EB8000F2D10460012030BC7047002030BC7047D7
:10EB90002DE9F04F096885B04B1111F01F0101906C
:10EBA00002EB8303039140F086801D1F00930098C1
:10EBB000DFF874910295002340F8043C19469A4608
:10EBC0001E469846019BD3F800E09EF80140AC46F3
:10EBD0002B4693460EF10100B4B119F80450002DF4
:10EBE0004BD1202C00F28E80564506DD634501D2C4
:10EBF000072974DD5B4555D8082186469EF80140FB
:10EC00000EF10100002CE8D1029D5A46002E7DD065
:10EC1000634513D2072911DCC1F1080189001E6880
:10EC2000C1F1200E1846476807FA0EF4344327FA5C
:10EC300001F6046040F8046F8445F4D893423ED94D
:10EC4000114653F8040B41F8040B9D42F9D20023FE
:10EC500041F8043BA942FBD9009B53F8041C21B1A5
:10EC600058E055F8043D002B54D1AA42F9D10123B4
:10EC700005202B6005B0BDE8F08F0131082906F1B1
:10EC8000010607DC1A68120105F00F0515431D6027
:10EC90008646B3E75B45B0D943F8048C0022043BB9
:10ECA0000121F1E7A3F1040C43F8048CB24663465A
:10ECB00000218646A2E7191D00911D4677E7009CBA
:10ECC000039B54F8041C002BC9D0C3F120034FF060
:10ECD000FF3020FA03F3194044F8041CBFE7C1F1E8
:10ECE000080189001F68C1F1200E1C46656805FAFD
:10ECF0000EF23A4325FA01F7226044F8047FA44556
:10ED0000F4D877E7292C029D5A4607D0042005B095
:10ED1000BDE8F08F052005B0BDE8F08F019C0EF135
:10ED20000200206072E700BFE4A9030838B5074C71
:10ED30000023054608462360F3F756F9431C00D02C
:10ED400038BD2368002BFBD02B6038BD7008002035
:10ED5000F03070470048704730030020004870478B
:10ED60003003002070B50D46084C114606461A4681
:10ED7000284600232360F5F705FA431C00D070BD38
:10ED80002368002BFBD0336070BD00BF70080020EB
:10ED900010B4034CD4F8E440A4465DF8044B60473B
:10EDA0004002002082B049B15AB16BB113780B60B8
:10EDB0001278101C18BF012002B0704701A9002A68
:10EDC000F3D1104602B070476FF00100F4E700BFC6
:10EDD00070B5446A06460D465CB1E368A3B153F8CA
:10EDE0002500E8B1026843F825200023C0E9033379
:10EDF00070BD1020F3F72AF904467062E8B10023D1
:10EE0000C0E901330360C36021220421304600F0D1
:10EE1000FBFC736AE060DB68002BE0D1002070BD72
:10EE2000012101FA05F4621D3046920000F0ECFC6D
:10EE30000028F3D0C0E90154D7E70246024B03484B
:10EE4000662101F079F900BF84A9030860AC0308CA
:10EE500030B5456A83B0044655B139B1636A4A6832
:10EE6000DB6853F82200086043F8221003B030BD7D
:10EE700010200191F3F7EAF80199606220B1C0E92E
:10EE800001550560C560E8E70246024B02488A2149
:10EE900001F052F984A9030860AC0308F0B50C69CD
:10EEA00083B00D46064601F1140C0027DCF8000083
:10EEB00081B202FB0133190C000C02FB00109BB263
:10EEC000013703EB0043BC424CF8043B4FEA1043CC
:10EED000ECDC3BB1AA68A24207DD05EB84020134F9
:10EEE00053612C61284603B0F0BD69680193304638
:10EEF0000131FFF76DFF019B0746A0B12A6901931D
:10EF00000232920005F10C010C30FAF7D9F82946CB
:10EF100030463D46FFF79CFF05EB8402019B5361A1
:10EF200001342C61DEE70246024B0348B52101F0B3
:10EF300003F900BFD0A9030860AC03082DE9F8432A
:10EF4000264C089E1D46083384FB034C092D4FEACE
:10EF5000E373904607460C46C3EB6C0236DD012393
:10EF600000215B009A4201F10101FADC3846FFF70B
:10EF70002FFF68B30123B8F1090FC0E9043613DC91
:10EF80000A344FF0090845450CDDA5EB080525447A
:10EF900014F8013B0146303B0A223846FFF77EFF5A
:10EFA000A542F5D1BDE8F88304F109094E46444471
:10EFB00016F8013B0146303B0A223846FFF76EFF48
:10EFC000B442F5D1A8F108044C44DCE70021CDE7B8
:10EFD0000246034B0348CE2101F0AEF8398EE338E8
:10EFE000D0A9030860AC0308020C12040346CAB996
:10EFF0000304102013F07F4F04BF1B02083013F0EE
:10F00000704F04BF1B01043013F0404F04BF9B003E
:10F010000230002B05DB13F0804F00F1010008BF28
:10F02000202070470020E5E7036813F0070201463F
:10F0300007D0DA0720D4980722D55B080B6001209F
:10F04000704798B2B0B91B0C102013F0FF0F04BF2B
:10F050001B0A08301A0704BF1B0904309A0704BFB3
:10F060009B080230DA0703D45B0800F1010005D0E9
:10F070000B6070471046E8E700207047202070477B
:10F080009B080B600220704710B50C460121FFF76A
:10F090009FFE024618B10123C0E9043410BD034BA2
:10F0A00003484FF4A07101F047F800BFD0A903084E
:10F0B00060AC03082DE9F04F0E691769BE4283B0BA
:10F0C0000C46154605DB3A462B4637460D46164696
:10F0D0001C46D5E9011307EB06084345B8BF0131CB
:10F0E000FFF776FE009000287FD0009B03F1140A02
:10F0F0000AEB8809CA4505D25346002143F8041B90
:10F100009945FBD804F1140E0EEB860B05F11403A0
:10F11000DE4503EB870753D2CDF80480984605E01F
:10F12000090C28D1F3450AF1040A47D95EF8041BFB
:10F130008EB2002EF4D045465446002355F8041BE9
:10F1400020688AB21FFA80FC06FB02C2090C000C80
:10F15000134406FB010202EB13429BB243EA024353
:10F16000AF4244F8043B4FEA1243E7D823605EF80D
:10F17000041C090CD6D0DAF8003040461A46544632
:10F180004FF0000C0588120C01FB052294449BB241
:10F1900043EA0C4344F8043B50F8043B22681B0C40
:10F1A00095B201FB035303EB1C4387424FEA134C18
:10F1B000E8D8F34523600AF1040AB7D8DDF80480E3
:10F1C000B8F1000F0BDD59F8043CA9F104091BB19B
:10F1D00005E059F8043D13B9B8F10108F9D10098D8
:10F1E000C0F8108003B0BDE8F08F0246024B034820
:10F1F00040F25D1100F0A0FFD0A9030860AC030845
:10F200002DE9F04312F0030383B0144607462DD1D5
:10F210000E46A4101CD07A6A8AB39568002D39D0A6
:10F22000E3074FF0000906D4641011D0286898B1A4
:10F230000546E307F8D531462A463846FFF73AFF38
:10F24000314680463846FFF703FE64104646EDD14E
:10F25000304603B0BDE8F0832A4629463846FFF71A
:10F2600029FF2860C0F800900546E2E7013B124AFA
:10F2700052F823200023FFF711FE0646C9E71020AD
:10F28000F2F7E4FE0246786280B10023C0E9013360
:10F290000360C36040F2712138460192FFF7F4FE2B
:10F2A000019A0023906005460360B9E7034B0448C8
:10F2B0004FF4D77100F040FF38AB030884A903086E
:10F2C00060AC03082DE9F0470E690D464FEA621A5B
:10F2D000D1E901135644741C9C429146074604DD53
:10F2E0005B009C4201F10101FADC3846FFF770FD3A
:10F2F000804600283FD0BAF1000F00F114000EDD67
:10F300000AF1050A4FEA8A0A08EB0A0103460022BD
:10F3100043F8042B8B42FBD1AAF1140A504429690B
:10F3200005F1140319F01F0903EB810C1BD0C9F17F
:10F33000200E0022196801FA09F1114340F8041B5C
:10F3400053F8042B9C4522FA0EF2F3D80260002AEF
:10F3500018BF26463846C8F810602946FFF778FDE2
:10F360004046BDE8F087043853F8042B40F8042FDA
:10F370009C45F9D8EEE70246024B034840F2D9110A
:10F3800000F0DAFED0A9030860AC030830B40B69C2
:10F3900005460069C01A10D19B0014351431194478
:10F3A0002B4401E09D4208D253F8044D51F8042D3E
:10F3B0009442F7D003D24FF0FF3030BC70470120A9
:10F3C00030BC70472DE9F84316460B691269A3EB70
:10F3D0000208B8F1000F0D4667D1920001F1140741
:10F3E00006F11401BB18114401E09F4261D253F8A9
:10F3F000042D51F8044DA242F7D050D36968FFF7AD
:10F40000E7FC00285FD02F693369C0F80C8006F153
:10F410001402143505EB870C02EB830E00F1140681
:10F42000002100E0264652F8044B55F8048B1FFAE1
:10F4300084F911FA88F3210CA3EB0903C1EB1841FD
:10F4400001EB234134469BB243EA014396454FEA20
:10F45000214144F8043BA846E4D8AC4516D92646D9
:10F4600058F8042B11FA82F3191401EB12419BB2E4
:10F4700043EA0143C44546F8043B4FEA2141EFD833
:10F480000CF1FF36761B26F00306264423B956F806
:10F49000043D013F002BFAD00761BDE8F8832B46FD
:10F4A0004FF0010835461E46A8E7F8DB4FF000088C
:10F4B000A4E70021FFF78CFC60B101220023C0E922
:10F4C0000423BDE8F8830246064B07484FF4107149
:10F4D00000F032FE0246034B034840F2322100F0B6
:10F4E0002BFE00BFD0A9030860AC0308124B10EE3E
:10F4F000902A1A40A2F15073002B04DD0020194617
:10F5000041EC100B70475B421B15132B07DC4FF4CB
:10F510000022002042FA03F141EC100B7047143B2B
:10F520001E2BDABF4FF0004222FA03F30123002121
:10F53000184641EC100B70470000F07FF8B50469E5
:10F5400000F1140606EB840454F8045C2846FFF727
:10F550004BFDC0F120030A280B60A4F1040131DD4A
:10F560008E42A0F10B001AD254F8081C10B3C0F15F
:10F570002007854021FA07F31D4345F07F53A4F18E
:10F580000805AE4201FA00F043F4401303D254F8E8
:10F590000C1CF9400843024643EC102BF8BD40B167
:10F5A00005FA00F040F07F53002043F44013024678
:10F5B000F2E7014645F07F5343F440130A4643EC1B
:10F5C000102BF8BD8E42C0F10B0738BF54F8081C51
:10F5D00025FA07FC00F115004CF07F5334BFF940C9
:10F5E000002105FA00F043F4401340EA010243EC25
:10F5F000102BF8BD2DE9F043884683B00121154654
:10F6000057EC106BFFF7E4FB0446002850D0C7F31B
:10F610000A59C7F31303B9F1000F01D043F4801363
:10F62000002E019325D068460096FFF7FDFC0028C8
:10F630003AD0DDE90013C0F1200203FA02F20A43D6
:10F64000C34001936261002B14BF02210121A36119
:10F650002161B9F1000F17D0A9F2334909EB00037A
:10F66000C0F13500C8F800302860204603B0BDE87E
:10F67000F08301A8FFF7D8FC019B636101212030D2
:10F680002161B9F1000FE7D104EB8103A0F2324010
:10F69000C8F800001869FFF7A7FCC0EB411028600C
:10F6A000204603B0BDE8F083DDE900236261CAE7CC
:10F6B0000246034B034840F20A3100F03DFD00BF13
:10F6C000D0A9030860AC03082DE9F04383B0884655
:10F6D00069468146FFF732FF404601A955EC104BC1
:10F6E000FFF72CFFDDE90013D9F81020D8F810003F
:10F6F000CB1A121A03EB4213002B57EC106B0DDDE3
:10F7000005EB03594D4632463B4620462946F6F75F
:10F710006BFA41EC100B03B0BDE8F083C3EB03338D
:10F7200007EB03510F46EEE71728D0B504460CDD72
:10F730000A490B4F0020002632463B46F6F72AF9CD
:10F74000013CF9D141EC100BD0BD064B03EBC004DA
:10F75000D4E9040141EC100BD0BD00BF0000F03F24
:10F760000000244038AB030870B414694E1E02F147
:10F770001403761103EB840101368B4200EB8606FD
:10F780000CD2041F53F8045B44F8045F9942F9D883
:10F790008B1A153B23F0030304331844864204D923
:10F7A000002340F8043B8642FBD870BC704700BF82
:10F7B00003694A11934210B400F1140410DA04EB07
:10F7C00083039C421ED253F8040C043B18B115E08D
:10F7D00053F8042D92B99C42FAD35DF8044B70475C
:10F7E00004EB8203EDDD11F01F01EAD054F8220092
:10F7F00020FA01F202FA01F18842E2D001205DF81C
:10F80000044B70470020E8E738B502FB01F42146BD
:10F81000F9F7FEFD054618B122460021F9F752FD21
:10F82000284638BD09B3F8B51446CAB106460D4698
:10F8300000F0A6FCA04202D32F463846F8BD214670
:10F840003046F9F7E5FD07460028F6D0224629465E
:10F85000F9F736FC30462946F9F784FD3846F8BDFD
:10F860002746F9F77FFD3846F8BD1146F9F7D0BDB8
:10F870002DE9F0478E681D46AE420C460B681746D0
:10F8800036D88046888910F4906F0ED135461846D8
:10F890002A463946F9F7AEFCA2682368961B2B442A
:10F8A000A66023600020BDE8F087D1E9041606EBCE
:10F8B0004606A3EB010906EBD6766B1C76104B448B
:10F8C000B342324684BF1E463246430512D5114626
:10F8D0004046F9F79DFD824600B34A462169F9F793
:10F8E000EFFBA38923F4906343F08003A38106E038
:10F8F0002E46CCE74046FFF795FF824650B1A6EB77
:10F9000009020AEB09036661C4F810A02360A26033
:10F910002E46BCE721694046F9F724FD0C23C8F8C0
:10F920000030A38943F04003A3814FF0FF30BAE7D2
:10F930002DE9F04F936883B09046002B6DD0176887
:10F940008D6882460C460868083743E0A38913F4A3
:10F95000906F2ED0D4E9041505EB4505A0EB010B03
:10F9600005EBD5750BEB06006D100130A8422A4659
:10F9700084BF05462A465B0536D511465046F9F741
:10F9800047FD00283AD05A4621690190F9F798FBC3
:10F99000A289019B22F4906242F08002A281A5EB31
:10F9A0000B0203EB0B00656123612060A26035460A
:10F9B000B3465A464946F9F71DFCD8F80830A26804
:10F9C0002068551B58449E1BA5602060C8F808603D
:10F9D0001EB3083757E90296AB46002EF9D0AE4267
:10F9E000B4D23546B346E4E75046FFF71BFF034663
:10F9F0000028D4D121695046F9F7B4FC0C23CAF889
:10FA00000030A389002243F040034FF0FF30A38170
:10FA1000C8E9012203B0BDE8F08F0020C8F8040057
:10FA200003B0BDE8F08F00BF2DE9F04F90468A8902
:10FA30009FB014068B46029003D50A69002A00F095
:10FA40000B81059330238DF8323098F800308E4EBC
:10FA5000002120220B918DF831200127002B00F08E
:10FA60008480252B00F0F680454603E0252B00F02E
:10FA7000868025466B786C1C002BF7D1B4EB080A06
:10FA800073D04246534659460298FFF7F1FE0130C3
:10FA90006BD00B9B6A7853440B93002A65D00023EC
:10FAA0004FF0FF3201340693CDE908338DF85B3017
:10FAB0001C93079205E0069A07FA03F313432C46BA
:10FAC00006932546052215F8011B3046F9F778FA0A
:10FAD000AA46831B0028EED1069BD90644BF2022EC
:10FAE0008DF85B2021781A0744BF2B228DF85B200C
:10FAF0002A2948D1059A11680432002905927EDB33
:10FB000009916178A51C2E2956D0604C032220460D
:10FB1000F9F756FA002868D0001B069B402404FA27
:10FB200000F00343069305F10108297858488DF841
:10FB300030100622F9F744FA002866D0554B002B06
:10FB400056D005AB00935A46534B029806A9F9F7D5
:10FB500039FF8146B9F1FF3F07D00B9B4B440B9314
:10FB600098F80030002B7FF47CAFBBF80C305B06BC
:10FB700054BF0B984FF0FF301FB0BDE8F08FB4EBCF
:10FB8000080A8CD07DE7A1F13002092A88BFA2467D
:10FB9000B9D8099B01E02C460135297803EB830392
:10FBA00002EB4303A1F13002092AAA46F3D92E2918
:10FBB00004F102050993A8D19AF801102A292ED13F
:10FBC000059B9AF802101A6807920433002A0593DD
:10FBD0000AF103050AF1020337DB2C4C032220460D
:10FBE0009A46F9F7EDF9002896D1A84655469CE7C4
:10FBF000059B073323F0070308330593ADE749421C
:10FC000043F00203099106937BE705AB00935A4644
:10FC1000214B029806A9FAF703FA81469AE7A1F167
:10FC200030020023092A079301D923E05546697859
:10FC300003EB830302EB4303A1F13002092A05F130
:10FC4000010AF3D9023507935FE74FF0FF329A4676
:10FC500007925AE7444622E740210393F9F7D8FB7D
:10FC6000039BCBF80000CBF8100030B14022CBF85A
:10FC70001420E6E6AA46013547E7029A0C231360F2
:10FC80004FF0FF3078E700BF8CA7030894A7030864
:10FC900098A70308C599020871F802084B1C70B5B3
:10FCA0001AD09389546B566823F02003CDB2938108
:10FCB000ACB1936BB342144609DD23685A1E22602F
:10FCC00003F8015C636801336360284670BD114628
:10FCD000FDF76EF80028F0D04FF0FF35F5E7136917
:10FCE00011682BB18B4203D211F8013CAB420ED00C
:10FCF000134602F144040320D163C2E90D401664A7
:10FD000003F8465F0121C2E90031284670BD013980
:10FD10000136C2E90016D8E710B50C46496B69B147
:10FD200004F14403994201D0F9F71CFB236C636092
:10FD30000020606313B1E36B236010BDA3892269C7
:10FD4000226043F020030022A38162604FF0FF3065
:10FD500010BD00BF2DE9F04F0025ADF5237DCDE9A5
:10FD60004455884CDFF828C2874EDFF820A2A094C3
:10FD70000DF1040907460C469046CDF884C2CDF833
:10FD80001891009398F800B0BBF1000F11D016F84D
:10FD90000B2012F0080208F1010540F0D180BBF100
:10FDA000250F20D06268002A08DD226811785945A5
:10FDB0000FD044980DF5237DBDE8F08FA19A214620
:10FDC00038469047002840F007812268117859454D
:10FDD000EFD16168459B0132013901332260A846A9
:10FDE00061604593CEE74392419298F801102A2929
:10FDF00005D11022419298F8021008F10205A1F1F4
:10FE00003002092A0CD8002202EB820201EB4202E6
:10FE1000303A439215F8011FA1F130000928F3D9B7
:10FE200003225A48F9F7CCF8691C002800F0A18099
:10FE3000419BA0EB0A00012282401A4305F102080F
:10FE400041920A78782A00F22C81DFE812F09500BE
:10FE50002A012A012A012A012A012A012A012A014A
:10FE60002A012A012A012A012A012A012A012A013A
:10FE70002A012A012A012A012A012A012A012A012A
:10FE80002A012A012A012A012A012A012A012A011A
:10FE90002A012A012A012A0198002A012A012A019D
:10FEA0002A012A012A012A012A012A012A012A01FA
:10FEB0002A012A012A012A012A012A012A012A01EA
:10FEC0002A012A012A012A012A012A012A012A01DA
:10FED0002A012A012A012A01F800F800F8002A0163
:10FEE0002A012A012A012A012A012A012A012A01BA
:10FEF0002A012A012A012A012A012A012A011801BC
:10FF00002A012A011A012A012A012A012A012A01A9
:10FF10002A012A01A300E700F800F800F8002A01EE
:10FF200006012A012A012A012A010A012601FB00F1
:10FF30002A012A0104012A01E7002A012A011801E5
:10FF400063680CE022681378F35C19070FD54599B4
:10FF5000636801320131013B226045916360002BEF
:10FF600021463846EEDCA19B98470028EAD0A846F7
:10FF700008E78846294664E74FF0FF301AE7454610
:10FF800010E700BF9DFC020871A8030894A70308AE
:10FF900019FD0208419B002243F040034193479220
:10FFA0006368002B44DD419B5B0623D5479B022BF6
:10FFB0007CDD042B40F38180434B002B3FF4E2AE09
:10FFC0006B46224641A93846FAF776F901283FF4F4
:10FFD000F0AE02287FF4D6AE44980028CCD0A38996
:10FFE00013F0400F18BF4FF0FF30E3E6A19B984796
:10FFF0000028F1D125682B78F35C13F0080F05F188
:020000040803EF
:100000000105D3D06368459A013B0132002B21469C
:10001000384645926360E9DD2560ECE70A234293A8
:100020006F2A34BF0323042347936368002BBADC91
:10003000A19B2146384698470028B4D0CCE7052339
:100040004793ADE7419B43F0200343F40073102135
:10005000CDE94131E4E70223E6E70023429303239D
:10006000E2E7419BDA063FF58DAE009A4599101DF7
:100070000090DD0713684CBF1980196082E6419B30
:10008000E3E741464846FAF7FBFE419B012243F075
:10009000400380464193479282E70823429304231A
:1000A000C2E703220A234792429379E76B4622462E
:1000B00041A93846FAF748FB88E76B46224641A932
:1000C0003846FAF7A1FB81E7B9A2020870B50D46E0
:1000D000084C114606461A46284600232360F4F7CA
:1000E00025F8431C00D070BD2368002BFBD0336083
:1000F00070BD00BF700800209FED010B704700BF6E
:10010000000000000000F87F10B4034CD4F8E04079
:10011000A4465DF8044B60474002002049B1FF2A25
:1001200002D80A70012070478A2303604FF0FF3025
:1001300070470846704700BF00B50A4C2668054660
:1001400085B01C46F06852B1074B0091CDE90132F1
:1001500006492B462246F8F701FAF1F74BFF044B0C
:100160001A46F2E7D801002094AC0308A4AC0308B7
:100170000C4F030808B513460022FFF7DDFF00BF50
:1001800051F8043C181F002BBCBF0B58C018704717
:100190004FEA410C7FEA6C5C02D150EA013C0AD183
:1001A0004FEA430C7FEA6C5C02D152EA033C02D175
:1001B0004FF0000070474FF0010070474FEA4102D6
:1001C00012F5001215D211D56FF47873B3EB6252A9
:1001D00012D94FEAC12343F0004343EA505311F0D0
:1001E000004F23FA02F018BF404270474FF0000062
:1001F000704750EA013005D111F0004008BF6FF0A0
:10020000004070474FF00000704700BFF8B500BFD6
:10021000F8BC08BC9E467047F8B500BFF8BC08BCE7
:100220009E467047232054686973206973206120BB
:10023000706C61636520666F7220746865207573E9
:10024000657220746F2073706563696679207468C5
:10025000656972206F776E20276669726D2720644A
:10026000656661756C747320617420636F6D70696D
:100270006C652074696D650D0A23204F6E652063DF
:10028000616E20616C736F2075736520746869738B
:1002900020617320746865207072696D61727920C5
:1002A000636F6E6669672073797374656D20696624
:1002B00020616E2073646361726420697320756EBF
:1002C000617661696C61626C650D0A232054686512
:1002D00020666F726D6174206F6620746869732088
:1002E00066696C65206973206964656E7469636111
:1002F0006C20746F2074686174206F662061206EBA
:100300006F726D616C20636F6E6669672066696CE1
:10031000650D0A230D0A2320746F2068617665201D
:100320006769742069676E6F7265207468697320ED
:1003300066696C6520736F20796F752063616E202C
:100340006B65657020796F7572206F776E206465BC
:100350006661756C747320696E20686572652074BF
:10036000686174206172650D0A232070726573657F
:1003700072766564207468726F7567682075706442
:10038000617465732072756E207468697320636F81
:100390006D6D616E643A0D0A232067697420757073
:1003A000646174652D696E646578202D2D617373A9
:1003B000756D652D756E6368616E67656420737217
:1003C000632F636F6E6669672E64656661756C7412
:1003D0000D0A230D0A0D0A6F6E5F626F6F745F67FF
:1003E000636F64655F656E61626C6520202020200C
:1003F00020202020202020202020202020202020FD
:100400002020202066616C73650D0A6D6D5F70653C
:10041000725F6172635F7365676D656E7420202023
:1004200020202020202020202020202020202020CC
:100430002020202020202020302E35200D0A0D0ADB
:100440002320526F626F74206D6F64756C6520633A
:100450006F6E66696775726174696F6E73203A209A
:1004600067656E6572616C2068616E646C696E6749
:10047000206F66206D6F76656D656E7420472D6305
:100480006F64657320616E6420736C6963696E6765
:1004900020696E746F206D6F7665730D0A646566F2
:1004A00061756C745F666565645F72617465202058
:1004B000202020202020202020202020202020203C
:1004C00020202020202020202020363030303020D6
:1004D000202020202020202020202023204465666A
:1004E00061756C7420726174652028206D6D2F6DAC
:1004F000696E757465202920666F722047312F4719
:10050000322F4733206D6F7665730D0A646566611F
:10051000756C745F7365656B5F7261746520202014
:1005200020202020202020202020202020202020CB
:100530002020202020202020203630303030202065
:1005400020202020202020202020232044656661B8
:10055000756C7420726174652028206D6D2F6D6933
:100560006E757465202920666F72204730206D6F8C
:100570007665730D0A0D0A232041726D20736F6C2E
:100580007574696F6E20636F6E66696775726174EA
:10059000696F6E203A2043617274657369616E20E1
:1005A000726F626F742E205472616E736C61746529
:1005B00073206D6D20706F736974696F6E7320693D
:1005C0006E746F207374657070657220706F7369DC
:1005D00074696F6E730D0A616C7068615F73746526
:1005E00070735F7065725F6D6D2020202020202069
:1005F00020202020202020202020202020202020FB
:100600002020202033312E39323620202020202077
:100610002020202020232053746570732070657281
:10062000206D6D20666F7220616C7068612073743C
:100630006570706572202D2063616C6962726174EF
:1006400065642077697468205043422072756C6538
:100650007220323032362D30332D30390D0A62653A
:1006600074615F73746570735F7065725F6D6D2028
:10067000202020202020202020202020202020207A
:10068000202020202020202020202033312E39320D
:1006900036202020202020202020202023205374BA
:1006A00065707320706572206D6D20666F722062B8
:1006B0006574612073746570706572202D206361AC
:1006C0006C69627261746564207769746820504354
:1006D000422072756C657220323032362D30332DE7
:1006E00030390D0A67616D6D615F73746570735F9A
:1006F0007065725F6D6D202020202020202020203A
:1007000020202020202020202020202020202020E9
:1007100020342E3434343420202020202020202067
:1007200020202320537465707320706572206D6DD6
:1007300020666F722067616D6D61207374657070E3
:1007400065720D0A0D0A2320506C616E6E65722071
:100750006D6F64756C6520636F6E66696775726135
:1007600074696F6E203A204C6F6F6B2D6168656104
:100770006420616E6420616363656C657261746995
:100780006F6E20636F6E66696775726174696F6EF4
:100790000D0A706C616E6E65725F71756575655F6F
:1007A00073697A652020202020202020202020200E
:1007B0002020202020202020202020202020203425
:1007C0003820202020202020202020202020202011
:1007D0002320444F204E4F54204348414E4745204C
:1007E0005448495320554E4C45535320594F55209A
:1007F0004B4E4F572045584143544C592057484180
:100800005420594F552041524520444F494E470DE1
:100810000A616363656C65726174696F6E20202084
:1008200020202020202020202020202020202020C8
:100830002020202020202020202020202020313097
:100840003030302020202020202020202020202375
:1008500020416363656C65726174696F6E20696EB7
:10086000206D6D2F7365636F6E642F7365636F6E9C
:10087000642E0D0A7A5F616363656C6572617469E9
:100880006F6E2020202020202020202020202020CB
:100890002020202020202020202020202020202058
:1008A0002038303030202020202020202020202000
:1008B00020202320416363656C65726174696F6EEB
:1008C00020666F72205A206F6E6C79206D6F76658E
:1008D0007320696E206D6D2F735E322C2030207571
:1008E00073657320616363656C65726174696F6EB3
:1008F000207768696368206973207468652064657F
:100900006661756C742E20444F204E4F5420534521
:1009100054204F4E20412044454C54410D0A616300
:1009200063656C65726174696F6E5F7469636B7324
:100930005F7065725F7365636F6E64202020202096
:100940002020202020202020202020313030302066
:1009500020202020202020202020202023204E7511
:100960006D626572206F662074696D6573207065B5
:1009700072207365636F6E642074686520737065A0
:10098000656420697320757064617465640D0A6A1A
:10099000756E6374696F6E5F646576696174696FA3
:1009A0006E202020202020202020202020202020F9
:1009B000202020202020202020202020302E3030F9
:1009C00035202020202020202020202020232053DC
:1009D000696D696C617220746F20746865206F6C3A
:1009E0006420226D61785F6A65726B222C20696ECB
:1009F000206D696C6C696D65746572732C0D0A20CD
:100A000020202020202020202020202020202020E6
:100A100020202020202020202020202020202020D6
:100A200020202020202020202020202020202020C6
:100A30002020202020202020202020202023207360
:100A400065652068747470733A2F2F6769746875D0
:100A5000622E636F6D2F6772626C2F6772626C2FEC
:100A6000626C6F622F6D61737465722F706C616E52
:100A70006E65722E630D0A20202020202020202069
:100A80002020202020202020202020202020202066
:100A90002020202020202020202020202020202056
:100AA0002020202020202020202020202020202046
:100AB00020202020202320616E64206874747073CD
:100AC0003A2F2F6769746875622E636F6D2F677296
:100AD000626C2F6772626C2F77696B692F436F6E40
:100AE0006669677572696E672D4772626C2D763024
:100AF0002E380D0A202020202020202020202020F9
:100B000020202020202020202020202020202020E5
:100B100020202020202020202020202020202020D5
:100B200020202020202020202020202020202020C5
:100B3000202023204C6F7765722076616C75657379
:100B4000206D65616E206265696E67206D6F7265EC
:100B5000206361726566756C2C20686967686572D0
:100B60002076616C756573206D65616E73206265BA
:100B7000696E670D0A2020202020202020202020C0
:100B80002020202020202020202020202020202065
:100B90002020202020202020202020202020202055
:100BA0002020202020202020202020202020202045
:100BB000202020232066617374657220616E64209A
:100BC00068617665206D6F7265206A65726B0D0ACB
:100BD000237A5F6A756E6374696F6E5F64657669A8
:100BE0006174696F6E20202020202020202020208A
:100BF0002020202020202020202020202020302ED7
:100C000030303520202020202020202020202320AC
:100C1000666F72205A206F6E6C79206D6F766573E7
:100C20002C202D312075736573206A756E6374698D
:100C30006F6E5F646576696174696F6E2C207A658A
:100C4000726F2064697361626C6573206A756E638C
:100C500074696F6E5F646576696174696F6E206F29
:100C60006E207A206D6F76657320444F204E4F546E
:100C700020534554204F4E20412044454C54410DB3
:100C80000A0D0A232053746570706572206D6F64BD
:100C9000756C6520636F6E66696775726174696FE4
:100CA0006E0D0A6D6963726F7365636F6E64735F57
:100CB0007065725F737465705F70756C736520200A
:100CC0002020202020202020202020202020202024
:100CD0003120202020202020202020202020202003
:100CE0002023204475726174696F6E206F662073D3
:100CF0007465702070756C73657320746F207374E5
:100D0000657070657220647269766572732C2069F3
:100D10006E206D6963726F7365636F6E64730D0A25
:100D2000626173655F7374657070696E675F667228
:100D3000657175656E637920202020202020202099
:100D40002020202020202020202020202032303071
:100D50003030302020202020202020202020232060
:100D600042617365206672657175656E6379206690
:100D70006F72207374657070696E672C2068696784
:100D800068657220676976657320736D6F6F74682C
:100D90006572206D6F76656D656E740D0A0D0A23A0
:100DA0002043617274657369616E20617869732094
:100DB0007370656564206C696D6974730D0A785F82
:100DC000617869735F6D61785F7370656564202019
:100DD0002020202020202020202020202020202013
:100DE00020202020202020202020203830303030AB
:100DF00020202020202020202020202023206D6D56
:100E00002F6D696E0D0A795F617869735F6D617826
:100E10005F73706565642020202020202020202022
:100E200020202020202020202020202020202020C2
:100E3000202020383030303020202020202020205A
:100E40002020202023206D6D2F6D696E0D0A7A5FA2
:100E5000617869735F6D61785F7370656564202088
:100E60002020202020202020202020202020202082
:100E7000202020202020202020202036303030301C
:100E800020202020202020202020202023206D6DC5
:100E90002F6D696E0D0A0D0A2320537465707065FD
:100EA00072206D6F64756C652070696E73202820E8
:100EB000706F7274732C20616E642070696E206E86
:100EC000756D626572732C20617070656E64696EF9
:100ED000672022212220746F20746865206E756D52
:100EE0006265722077696C6C20696E766572742019
:100EF000612070696E20290D0A232043484D54203B
:100F0000352E333A4C4665656465725374657020BE
:100F1000352E343A595374657020352E353A58536E
:100F200074657020352E303A215844697220352E70
:100F3000313A215944697220352E323A4C46656562
:100F40006465724469720D0A232043484D5420356C
:100F50002E383A5A44697220352E31333A5A537436
:100F6000657020352E393A214C4E6F7A7A6C654483
:100F7000697220352E31343A4C4E6F7A7A6C655353
:100F800074657020352E31303A21524E6F7A7A6C6A
:100F90006544697220352E31353A524E6F7A7A6C3B
:100FA00065537465700D0A0D0A2320582061786915
:100FB000730D0A616C7068615F737465705F70694E
:100FC0006E202020202020202020202020202020D3
:100FD0002020202020202020202020202020202011
:100FE000352E3520202020202020202020202020C9
:100FF00020232050696E20666F7220616C706861DA
:1010000020737465707065722073746570207369E5
:10101000676E616C2023205442440D0A616C706835
:10102000615F6469725F70696E202020202020203B
:1010300020202020202020202020202020202020B0
:10104000202020202020202020352E30212020206C
:1010500020202020202020202020232050696E20C6
:10106000666F7220616C7068612073746570706562
:101070007220646972656374696F6E0D0A616C70C9
:1010800068615F656E5F70696E20202020202020DF
:101090002020202020202020202020202020202050
:1010A00020202020202020202020362E312120200A
:1010B0002020202020202020202020232050696E66
:1010C00020666F7220616C70686120656E61626C71
:1010D000652070696E20232058595A20454E0D0A0C
:1010E000616C7068615F6D61785F7261746520200A
:1010F00020202020202020202020202020202020F0
:1011000020202020202020202020202020313236A6
:101110003030302E3020202020202020202023207E
:101120006D6D2F6D696E203133323030302064693F
:1011300064207374616C6C20283232303020696E08
:10114000204F70656E506E50290D0A616C70686199
:101150005F616363656C65726174696F6E202020E6
:10116000202020202020202020202020202020207F
:10117000202020202020202032333030302E3020FC
:101180002020202020202020202320323435303001
:1011900020646964207374616C6C3B20323430309D
:1011A0003020646F6573206E6F7420757375616C89
:1011B0006C79207374616C6C0D0A0D0A2320592020
:1011C000617869730D0A626574615F737465705F3D
:1011D00070696E2020202020202020202020202028
:1011E00020202020202020202020202020202020FF
:1011F000202020352E3420202020202020202020B8
:1012000020202020232050696E20666F72206265A6
:1012100074612073746570706572207374657020DA
:101220007369676E616C0D0A626574615F646972EF
:101230005F70696E20202020202020202020202088
:10124000202020202020202020202020202020209E
:101250002020202020352E31212020202020202059
:10126000202020202020232050696E20666F7220CD
:101270006265746120737465707065722064697250
:10128000656374696F6E0D0A626574615F656E5F98
:1012900070696E2020202020202020202020202067
:1012A000202020202020202020202020202020203E
:1012B00020202020206E632020202020202020209D
:1012C000202020202020232050696E20666F72206D
:1012D0006265746120656E61626C65202320756EA5
:1012E000757365640D0A626574615F6D61785F7224
:1012F0006174652020202020202020202020202014
:1013000020202020202020202020202020202020DD
:1013100020202039303030302E3020202020202056
:101320002020202023206D6D2F6D696E20313032FA
:10133000303030206973206F6B20283137303020F7
:10134000696E204F70656E506E5029205920697368
:1013500020616363656C65726174696F6E206C698E
:101360006D697465642C206E6F742073706565649C
:10137000206C696D697465640D0A626574615F61F2
:101380006363656C65726174696F6E202020202034
:10139000202020202020202020202020202020204D
:1013A00020202020202020373030302E30202020D8
:1013B0002020202020202020232038323530206497
:1013C0006964207374616C6C3B2037383735206456
:1013D0006F6573206E6F7420757375616C6C792006
:1013E0007374616C6C0D0A0D0A23205A20617869B0
:1013F000730D0A67616D6D615F737465705F70690D
:101400006E2020202020202020202020202020208E
:1014100020202020202020202020202020202020CC
:10142000352E313320202020202020202020202075
:1014300020232050696E20666F722067616D6D6198
:1014400020737465707065722073746570207369A1
:10145000676E616C0D0A67616D6D615F6469725FD3
:1014600070696E2020202020202020202020202095
:10147000202020202020202020202020202020206C
:10148000202020352E382020202020202020202021
:1014900020202020232050696E20666F7220676113
:1014A0006D6D61207374657070657220646972651A
:1014B0006374696F6E0D0A67616D6D615F656E5F64
:1014C00070696E2020202020202020202020202035
:1014D000202020202020202020202020202020200C
:1014E00020202020362E30212020202020202020C7
:1014F0002020202020232050696E20666F722067F4
:10150000616D6D6120656E61626C652023204243D0
:101510004420454E0D0A67616D6D615F6D61785FB6
:10152000726174652020202020202020202020208F
:1015300020202020202020202020202020202020AB
:101540002020203132353030302E30202020202015
:101550002020202023206D6D2F6D696E204347527F
:101560003A204920636F756C646E27742067657438
:1015700020616E792066617374657220696E204FF8
:1015800070656E506E50207468616E207769746863
:101590002032303030202831323030303020686511
:1015A0007265290D0A67616D6D615F616363656CCA
:1015B00065726174696F6E20202020202020202019
:1015C000202020202020202020202020202020201B
:1015D000202033313030302E302020202020202099
:1015E0002020202320202020202020204347523A62
:1015F000204920636F756C646E27742067657420C2
:10160000616E792066617374657220696E204F7017
:10161000656E506E50207468616E20776974682022
:1016200033303030300D0A0D0A23204120617869B3
:10163000733A204E3120726F746174696F6E0D0AB7
:1016400064656C74615F73746570735F7065725FFD
:101650006D6D2020202020202020202020202020F0
:1016600020202020202020202020202020342E3444
:10167000343434202020202020202020202023202B
:101680007374657073207065722064656772656538
:101690003A20313630EFBFBD20706572207265761A
:1016A0002E2040302E39EFBFBD20737465707065F9
:1016B00072203D203430302073746570732F3136C2
:1016C00030EFBFBD2078203136206D6963726F73B3
:1016D000203D2034300D0A64656C74615F7374655D
:1016E000705F70696E202020202020202020202084
:1016F00020202020202020202020202020202020EA
:1017000020202020352E3134202020202020202091
:101710002020202020232050696E20666F722064D4
:10172000656C746120737465707065722073746584
:1017300070207369676E616C0D0A64656C74615F1B
:101740006469725F70696E20202020202020202094
:101750002020202020202020202020202020202089
:1017600020202020202020352E392120202020203C
:101770002020202020202020232050696E20666F0A
:10178000722064656C74612073746570706572207A
:10179000646972656374696F6E0D0A64656C746167
:1017A0005F656E5F70696E20202020202020202041
:1017B0002020202020202020202020202020202029
:1017C00020202020202020206E6320202020202088
:1017D000202020202020202020232050696E2066F9
:1017E0006F722064656C746120656E61626C650D5A
:1017F0000A64656C74615F63757272656E74202033
:1018000020202020202020202020202020202020D8
:101810002020202020202020202020202020302EAA
:1018200035202020202020202020202020202023A0
:10183000205A2073746570706572206D6F746F72BA
:101840002063757272656E740D0A615F61786973E9
:101850005F6D61785F7370656564202020202020B3
:101860002020202020202020202020202020202078
:101870002020202020202031323030303020202005
:1018800020202020202020202320EFBFBD2F6D69A5
:101890006E0D0A64656C74615F6D61785F7261746E
:1018A00065202020202020202020202020202020F3
:1018B0002020202020202020202020202020202028
:1018C00031323030303020202020202020202020B5
:1018D000202320EFBFBD2F6D696E0D0A64656C7407
:1018E000615F616363656C65726174696F6E20200E
:1018F00020202020202020202020202020202020E8
:101900002020202020202020203130303030302076
:10191000202020202020202020202320EFBFBD2FAA
:101920007365635E320D0A64656C74615F656E6138
:10193000626C6520202020202020202020202020D4
:101940002020202020202020202020202020202097
:1019500020202020747275650D0A0D0A2320422074
:10196000617869733A204E3220726F746174696FC6
:101970006E0D0A657073696C6F6E5F73746570735A
:101980005F7065725F6D6D20202020202020202058
:101990002020202020202020202020202020202047
:1019A000342E3434343420202020202020202020C5
:1019B000202320737465707320706572206D6D2014
:1019C000666F7220657073696C6F6E2073746570DA
:1019D0007065723A20386D6D207370696E646C6545
:1019E000204020312E38EFBFBD20737465707065C4
:1019F00072203D203230302073746570732F386D43
:101A00006D2078203136206D6963726F73203D2020
:101A10003430300D0A657073696C6F6E5F73746576
:101A2000705F70696E202020202020202020202040
:101A300020202020202020202020202020202020A6
:101A40002020352E3135202020202020202020204D
:101A5000202020232050696E20666F722064656C00
:101A60007461207374657070657220737465702082
:101A70007369676E616C0D0A657073696C6F6E5F78
:101A80006469725F70696E20202020202020202051
:101A90002020202020202020202020202020202046
:101AA0002020202020352E313021202020202020F1
:101AB000202020202020232050696E20666F722075
:101AC00064656C74612073746570706572206469FC
:101AD00072656374696F6E0D0A657073696C6F6E01
:101AE0005F656E5F70696E202020202020202020FE
:101AF00020202020202020202020202020202020E6
:101B00002020202020206E63202020202020202044
:101B100020202020202020232050696E20666F7214
:101B20002064656C746120656E61626C650D0A6588
:101B30007073696C6F6E5F63757272656E7420206E
:101B40002020202020202020202020202020202095
:101B5000202020202020202020202020302E352052
:101B60002020202020202020202020202023205A38
:101B70002073746570706572206D6F746F7220636E
:101B8000757272656E740D0A625F617869735F6D5C
:101B900061785F73706565642020202020202020FC
:101BA0002020202020202020202020202020202035
:101BB00020202020203132303030302020202020C2
:101BC00020202020202023206D6D2F6D696E0D0AAE
:101BD000657073696C6F6E5F6D61785F726174655B
:101BE00020202020202020202020202020202020F5
:101BF00020202020202020202020202020313230B2
:101C000030303020202020202020202020202320A1
:101C10006D6D2F6D696E0D0A657073696C6F6E5F07
:101C2000616363656C65726174696F6E202020204A
:101C300020202020202020202020202020202020A4
:101C40002020202020313030303030202020202033
:101C500020202020202023206D6D2F7365635E32AD
:101C60000D0A657073696C6F6E5F656E61626C659D
:101C70002020202020202020202020202020202064
:101C80002020202020202020202020202020207400
:101C90007275650D0A0D0A23204320617869733A35
:101CA000204C5045454C45520D0A7A6574615F736E
:101CB000746570735F7065725F6D6D2020202020E9
:101CC0002020202020202020202020202020202014
:101CD0002020202020202036392E32363432202079
:101CE000202020202020202023206D617920626583
:101CF0002073746570732070657220646567726507
:101D00006520666F72206578616D706C650D0A7A6A
:101D10006574615F737465705F70696E2020202048
:101D200020202020202020202020202020202020B3
:101D3000202020202020202020202020352E33206D
:101D40002020202020202020202020202023205060
:101D5000696E20666F722064656C746120737465AF
:101D6000707065722073746570207369676E616C42
:101D70000D0A7A6574615F6469725F70696E202014
:101D80002020202020202020202020202020202053
:101D9000202020202020202020202020202020352E
:101DA0002E32202020202020202020202020202013
:101DB000232050696E20666F722064656C74612008
:101DC0007374657070657220646972656374696F9D
:101DD0006E0D0A7A6574615F656E5F70696E2020B2
:101DE00020202020202020202020202020202020F3
:101DF00020202020202020202020202020202020E3
:101E00006E63202020202020202020202020202041
:101E100020232050696E20666F722064656C7461A7
:101E200020656E61626C650D0A7A6574615F637529
:101E30007272656E74202020202020202020202017
:101E40002020202020202020202020202020202092
:101E5000202020202020302E35202020202020204F
:101E60002020202020202023205A207374657070A9
:101E70006572206D6F746F722063757272656E7417
:101E80000D0A7A6574615F6D61785F7261746520B7
:101E90002020202020202020202020202020202042
:101EA0002020202020202020202020202020203121
:101EB00030303030302020202020202020202020D2
:101EC00023206D6D2F6D696E0D0A7A6574615F61F7
:101ED0006363656C65726174696F6E2020202020D9
:101EE00020202020202020202020202020202020F2
:101EF0002020202020202031303030302020202091
:101F0000202020202020202023206D6D2F7365634A
:101F10005E320D0A7A6574615F656E61626C652080
:101F200020202020202020202020202020202020B1
:101F300020202020202020202020202020202020A1
:101F400020747275650D0A0D0A232044206178699A
:101F5000733A20525045454C45520D0A2365746131
:101F60005F73746570735F7065725F6D6D202020A4
:101F70002020202020202020202020202020202061
:101F80002020202020202020202036392E323634D8
:101F9000322020202020202020202023206D617945
:101FA00020626520737465707320706572206465AB
:101FB0006772656520666F72206578616D706C650B
:101FC0000D0A236574615F737465705F70696E20BC
:101FD0002020202020202020202020202020202001
:101FE00020202020202020202020202020202020F1
:101FF000352E3720202020202020202020202020A7
:1020000020232050696E20666F722064656C7461B5
:1020100020737465707065722073746570207369C5
:10202000676E616C0D0A236574615F6469725F702D
:10203000696E202020202020202020202020202009
:102040002020202020202020202020202020202090
:1020500020202020352E3620202020202020202047
:102060002020202020232050696E20666F7220647B
:10207000656C746120737465707065722064697238
:10208000656374696F6E0D0A236574615F656E5FC9
:1020900070696E2020202020202020202020202059
:1020A0002020202020202020202020202020202030
:1020B0002020202020206E6320202020202020208F
:1020C00020202020202020232050696E20666F725F
:1020D0002064656C746120656E61626C650D0A2315
:1020E0006574615F63757272656E742020202020B4
:1020F00020202020202020202020202020202020E0
:1021000020202020202020202020202020302E359C
:1021100020202020202020202020202020202320BC
:102120005A2073746570706572206D6F746F7220C1
:1021300063757272656E740D0A236574615F6D61FB
:10214000785F7261746520202020202020202020CC
:10215000202020202020202020202020202020207F
:10216000202020202020203130303030302020200E
:10217000202020202020202023206D6D2F6D696ECF
:102180000D0A236574615F616363656C65726174D8
:10219000696F6E2020202020202020202020202059
:1021A000202020202020202020202020202020202F
:1021B00031303030302020202020202020202020CE
:1021C0002023206D6D2F7365635E320D0A236574C5
:1021D000615F656E61626C652020202020202020D8
:1021E00020202020202020202020202020202020EF
:1021F0002020202020202020202020747275650DB2
:102200000A0D0A65787472756465722E66322E65E1
:102210006E61626C6520202020202020202020205C
:1022200020202020202020202020202020202020AE
:10223000747275652020202020202020202020205E
:102240002023205768657468657220746F2061636D
:102250007469766174652074686520657874727538
:10226000646572206D6F64756C6520617420616CAB
:102270006C2E20416C6C20636F6E666967757261AD
:1022800074696F6E2069732069676E6F7265642070
:1022900069662066616C73650D0A65787472756491
:1022A00065722E66322E73746570735F7065725F2F
:1022B0006D6D202020202020202020202020202084
:1022C0002020202020202036392E32363432202083
:1022D000202020202020202023205374657073208C
:1022E000706572206D6D20666F72207065656C651B
:1022F000722073746570706572202320312F38202E
:102300006D732023206C696E65617220646973743B
:10231000616E6365206F6620746170652061742052
:1023200032356D6D206D696E206469616D6574650F
:10233000720D0A65787472756465722E66322E6449
:10234000656661756C745F666565645F726174650E
:10235000202020202020202020202020202020207D
:10236000323030303020202020202020202020201B
:1023700020232044656661756C7420726174652049
:1023800028206D6D2F6D696E757465202920666F2C
:1023900072206D6F766573207768657265206F6E49
:1023A0006C79207468652065787472756465722034
:1023B0006D6F7665730D0A65787472756465722E3B
:1023C00066322E616363656C65726174696F6E203D
:1023D00020202020202020202020202020202020FD
:1023E00020202020313030302020202020202020AC
:1023F00020202020202320416363656C6572617476
:10240000696F6E20666F72207468652073746570E2
:10241000706572206D6F746F722C206173206F660F
:1024200020302E362C2061726269747261727920BC
:10243000726174696F0D0A65787472756465722EC5
:1024400066322E6D61785F73706565642020202090
:10245000202020202020202020202020202020207C
:102460002020202031383020202020202020202033
:10247000202020202023206D6D2F730D0A65787495
:1024800072756465722E66322E737465705F706942
:102490006E202020202020202020202020202020EE
:1024A00020202020202020202020352E37202020F2
:1024B0002020202020202020202020232050696E52
:1024C00020666F722065787472756465722073740B
:1024D0006570207369676E616C202320666F7220BF
:1024E000736F6D6520726561736F6E206632206850
:1024F0006173207374657020636F6E6E65637465BD
:102500006420746F204449520D0A657874727564B2
:1025100065722E66322E6469725F70696E202020AB
:1025200020202020202020202020202020202020AB
:1025300020202020202020352E3620202020202062
:102540002020202020202020232050696E20666F2C
:102550007220657874727564657220646972207384
:1025600069676E616C202320616E64206E6F742039
:10257000504C53206F6E207468652043484D5420A2
:10258000636F6E74726F6C6C65720D0A657874722D
:10259000756465722E66322E656E5F70696E2020DE
:1025A000202020202020202020202020202020202B
:1025B0002020202020202020206E6320202020208A
:1025C00020202020202020202020232050696E2041
:1025D000666F7220657874727564657220656E61CD
:1025E000626C65207369676E616C202320756E755F
:1025F0007365642070696E0D0A0D0A0D0A0D0A23B9
:102600002053657269616C20636F6D6D756E6963CF
:102610006174696F6E7320636F6E6669677572614E
:1026200074696F6E20282062617564207261746520
:102630002064656661756C7420746F2039363030A3
:1026400020696620756E646566696E656420290D73
:102650000A75617274302E626175645F72617465AF
:10266000202020202020202020202020202020206A
:102670002020202020202020202020202020313138
:102680003532303020202020202020202020202300
:102690002042617564207261746520666F722074D7
:1026A00068652064656661756C7420686172647722
:1026B0006172652073657269616C20706F72740D50
:1026C0000A7365636F6E645F7573625F73657269C9
:1026D000616C5F656E61626C652020202020202087
:1026E0002020202020202020202020202020747244
:1026F000756520202020202020202020202020233D
:10270000205468697320656E61626C657320612076
:102710007365636F6E64207573622073657269619F
:102720006C20706F72742028746F20686176652049
:10273000626F74682070726F6E7465726661636533
:102740000D0A2020202020202020202020202020B2
:102750002020202020202020202020202020202079
:102760002020202020202020202020202020202069
:102770002020202020202020202020202020202059
:102780002320616E642061207465726D696E616CD6
:1027900020636F6E6E6563746564290D0A6D7364E2
:1027A0005F64697361626C652020202020202020F6
:1027B0002020202020202020202020202020202019
:1027C00020202020202020202020747275652020C9
:1027D0002020202020202020202020232064697316
:1027E00061626C6520746865204D53442028555300
:1027F000422053444341524429207768656E207338
:10280000657420746F207472756520286E65656428
:1028100073207370656369616C2062696E6172799F
:10282000290D0A6466755F656E61626C6520202003
:102830002020202020202020202020202020202098
:102840002020202020202020202020202020202088
:1028500066616C736520202020202020202020200D
:10286000202320666F72206C696E7578206465760F
:10287000656C6F706572732C2073657420746F20A3
:102880007472756520746F20656E61626C6520449A
:1028900046550D0A0D0A6B696C6C5F627574746F36
:1028A0006E5F656E61626C652020202020202020F4
:1028B0002020202020202020202020202020202018
:1028C00020202074727565202020202020202020C8
:1028D00020202020232073657420746F207472756B
:1028E0006520746F20656E61626C652061206B6984
:1028F0006C6C20627574746F6E0D0A6B696C6C5F22
:10290000627574746F6E5F70696E202020202020C5
:1029100020202020202020202020202020202020B7
:102920002020202020202020302E33202020202076
:1029300020202020202020202023206B696C6C2068
:10294000627574746F6E2070696E2E2064656661A6
:10295000756C742069732073616D652061732070DC
:102960006175736520627574746F6E20322E31321A
:102970002028322E313120697320616E6F746865B2
:102980007220676F6F642063686F696365290D0A41
:102990000D0A0D0A2320456E6473746F70730D0A5F
:1029A000656E6473746F70735F656E61626C6520D1
:1029B0002020202020202020202020202020202017
:1029C000202020202020202020202020207472750C
:1029D00065202020202020202020202020202320AF
:1029E00074686520656E6473746F70206D6F6475B4
:1029F0006C6520697320656E61626C656420627924
:102A00002064656661756C7420616E642063616E1C
:102A10002062652064697361626C65642068657218
:102A2000650D0A23656E6473746F705F6465626F11
:102A3000756E63655F636F756E74202020202020A3
:102A40002020202020202020202020202020202086
:102A50002031303020202020202020202020202045
:102A600020202320756E636F6D6D656E742069661E
:102A700020796F7520676574206E6F697365206FAC
:102A80006E20796F757220656E6473746F70732C2D
:102A90002064656661756C74206973203130300D77
:102AA0000A0D0A2320580D0A616C7068615F6D6918
:102AB0006E5F656E6473746F70202020202020206C
:102AC0002020202020202020202020202020202006
:102AD0002020202020342E34215E20202020202081
:102AE00020202020202023206164642061202120D8
:102AF000746F20696E7665727420696620656E64F5
:102B000073746F70206973204E4F20636F6E6E6513
:102B10006374656420746F2067726F756E640D0A4C
:102B2000616C7068615F6D61785F656E6473746F0E
:102B30007020202020202020202020202020202045
:102B4000202020202020202020202020206E6320F4
:102B50002020202020202020202020202020232072
:102B60004E4F54452073657420746F206E63206946
:102B7000662074686973206973206E6F7420696EB3
:102B80007374616C6C65640D0A616C7068615F6878
:102B90006F6D696E675F646972656374696F6E20DB
:102BA0002020202020202020202020202020202025
:102BB000202020202020686F6D655F746F5F6D6935
:102BC0006E20202020202023206F72207365742027
:102BD000746F20686F6D655F746F5F6D61782061E1
:102BE0006E642073657420616C7068615F6D6178DC
:102BF0000D0A616C7068615F6D696E202020202075
:102C000020202020202020202020202020202020C4
:102C100020202020202020202020202020202030A4
:102C200020202020202020202020202020202020A4
:102C30002320746869732067657473206C6F616406
:102C4000656420616674657220686F6D696E6720C7
:102C50007768656E20686F6D655F746F5F6D696E14
:102C6000206973207365740D0A616C7068615F6D13
:102C700061782020202020202020202020202020BB
:102C80002020202020202020202020202020202044
:102C900020202020202035313020202020202020FE
:102CA000202020202020202320746869732067655D
:102CB0007473206C6F616465642061667465722052
:102CC000686F6D696E67207768656E20686F6D65E7
:102CD0005F746F5F6D6178206973207365740D0A8E
:102CE000616C7068615F666173745F686F6D696E57
:102CF000675F726174655F6D6D5F732020202020B7
:102D00002020202020202020202020202031303092
:102D100020202020202020202020202020202023B0
:102D20002066656564726174657320696E206D6DDF
:102D30002F7365636F6E640D0A616C7068615F73F9
:102D40006C6F775F686F6D696E675F726174655FE6
:102D50006D6D5F7320202020202020202020202047
:102D6000202020202020323520202020202020203C
:102D7000202020202020202320220D0A616C706852
:102D8000615F686F6D696E675F72657472616374AD
:102D90005F6D6D202020202020202020202020205A
:102DA000202020202020202020352020202020200E
:102DB00020202020202020202020232064697374DC
:102DC000616E636520696E206D6D0D0A616C7068BF
:102DD000615F6D61785F74726176656C2020202080
:102DE00020202020202020202020202020202020E3
:102DF0002020202020202020203532350D0A0D0AE9
:102E00002320590D0A626574615F6D696E5F656E9E
:102E10006473746F70202020202020202020202028
:102E200020202020202020202020202020202020A2
:102E30002020342E33215E2020202020202020201E
:102E4000202020230D0A626574615F6D61785F65E3
:102E50006E6473746F70202020202020202020209A
:102E60002020202020202020202020202020202062
:102E70002020206E632020202020202020202020C1
:102E800020202020230D0A626574615F686F6D69E0
:102E90006E675F646972656374696F6E20202020BD
:102EA0002020202020202020202020202020202022
:102EB00020202020686F6D655F746F5F6D696E20E4
:102EC0002020202020230D0A626574615F6D696EE9
:102ED00020202020202020202020202020202020F2
:102EE00020202020202020202020202020202020E2
:102EF00020202020203020202020202020202020C2
:102F0000202020202020230D0A626574615F6D61FE
:102F10007820202020202020202020202020202059
:102F200020202020202020202020202020202020A1
:102F30002020202020203436302020202020202057
:102F40002020202020202023200D0A626574615F4C
:102F5000666173745F686F6D696E675F72617465D7
:102F60005F6D6D5F732020202020202020202020F6
:102F70002020202020202020313030202020202020
:102F8000202020202020202020230D0A626574614B
:102F90005F736C6F775F686F6D696E675F72617486
:102FA000655F6D6D5F732020202020202020202071
:102FB00020202020202020202032352020202020EA
:102FC00020202020202020202020230D0A6265744C
:102FD000615F686F6D696E675F726574726163745B
:102FE0005F6D6D2020202020202020202020202008
:102FF00020202020202020202020352020202020BC
:103000002020202020202020202020230D0A62655F
:1030100074615F6D61785F74726176656C202020E9
:1030200020202020202020202020202020202020A0
:1030300020202020202020202020203437350D0A79
:103040000D0A23205A0D0A67616D6D615F6D696E0F
:103050005F656E6473746F70202020202020202014
:103060002020202020202020202020202020202060
:1030700020202020322E3133215E202020202020CD
:10308000202020202023200D0A67616D6D615F6D77
:1030900061785F656E6473746F702020202020203B
:1030A0002020202020202020202020202020202020
:1030B000202020202020342E32215E20202020209D
:1030C00020202020202020230D0A67616D6D615F84
:1030D000686F6D696E675F646972656374696F6E4E
:1030E00020202020202020202020202020202020E0
:1030F00020202020202020686F6D655F746F5F6D39
:10310000696E20202020202023206966207A2069F3
:1031100073207061726B65642069742077696C6CD0
:10312000206E6F74206D6F76652028306D6D207273
:10313000657472616374290D0A67616D6D615F6DFD
:10314000696E2020202020202020202020202020E8
:10315000202020202020202020202020202020206F
:10316000202020202020302020202020202020204F
:1031700020202020202020232069662069747320CD
:103180006E6F74207061726B65642C206974207797
:10319000696C6C20616476616E636520756E74691C
:1031A0006C20697420736B6970730D0A67616D6DB3
:1031B000615F6D61782020202020202020202020A9
:1031C00020202020202020202020202020202020FF
:1031D00020202020202020202034362020202020C5
:1031E000202020202020202020202320616E642009
:1031F000737072696E672077696C6C207265747584
:10320000726E20746F20300D0A67616D6D615F66AC
:103210006173745F686F6D696E675F726174655F1B
:103220006D6D5F7320202020202020202020202072
:103230002020202020203530202020202020202069
:1032400020202020202020230D0A67616D6D615F02
:10325000736C6F775F686F6D696E675F72617465BD
:103260005F6D6D5F732020202020202020202020F3
:103270002020202020202032352020202020202027
:103280002020202020202020230D0A67616D6D6101
:103290005F686F6D696E675F726574726163745F9A
:1032A0006D6D202020202020202020202020202084
:1032B00020202020202020203020202020202020FE
:1032C000202020202020202020230D0A67616D6D02
:1032D000615F6D61785F74726176656C202020207B
:1032E00020202020202020202020202020202020DE
:1032F00020202020202020202035300D0A0D0A23F8
:10330000206F7074696F6E616C206F7264657220DB
:10331000696E2077686963682061786973207769CE
:103320006C6C20686F6D652C2064656661756C74CB
:10333000206973207468657920616C6C20686F6DFA
:1033400065206174207468652073616D65207469FF
:103350006D652C0D0A2320696620746869732069E5
:1033600073207365742069742077696C6C20666FB4
:103370007263652065616368206178697320746F8A
:1033800020686F6D65206F6E652061742061207408
:10339000696D6520696E2074686520737065636966
:1033A00066696564206F726465720D0A23686F6DCB
:1033B000696E675F6F726465722020202020202074
:1033C00020202020202020202020202020202020FD
:1033D0002020202020202020202058595A20202042
:1033E0002020202020202020202020232078206141
:1033F00078697320666F6C6C6F77656420627920E2
:10340000790D0A0D0A736F66745F656E6473746F6D
:10341000702E656E61626C652020202020202020A7
:10342000202020202020202020202020202020209C
:103430002020747275650D0A736F66745F656E6423
:1034400073746F702E785F6D696E202020202020AD
:10345000202020202020202020202020202020206C
:1034600020202020202D310D0A736F66745F656E59
:103470006473746F702E785F6D6178202020202037
:10348000202020202020202020202020202020203C
:103490002020202020203531310D0A736F66745FA3
:1034A000656E6473746F702E795F6D696E20202075
:1034B000202020202020202020202020202020200C
:1034C00020202020202020202D310D0A736F6674CB
:1034D0005F656E6473746F702E795F6D6178202004
:1034E00020202020202020202020202020202020DC
:1034F0002020202020202020203436310D0A736F18
:1035000066745F656E6473746F702E7A5F6D696E3A
:1035100020202020202020202020202020202020AB
:1035200020202020202020202020202D34362E3145
:103530000D0A736F66745F656E6473746F702E7AB4
:103540005F6D617820202020202020202020202056
:103550002020202020202020202020202020203457
:10356000362E310D0A736F66745F656E6473746F07
:10357000702E68616C7420202020202020202020C4
:10358000202020202020202020202020202020203B
:10359000202066616C73650D0A0D0A737769746388
:1035A000682E6E315F7661632E656E61626C652098
:1035B000202020202020202020202020202020200B
:1035C0002020202020202020747275650D0A73773A
:1035D000697463682E6E315F7661632E696E7075F3
:1035E000745F6F6E5F636F6D6D616E64202020206D
:1035F00020202020202020202020204D3830300D79
:103600000A7377697463682E6E315F7661632E6921
:103610006E7075745F6F66665F636F6D6D616E640B
:1036200020202020202020202020202020204D3855
:1036300030310D0A7377697463682E6E315F76617D
:10364000632E6F75747075745F70696E2020202012
:10365000202020202020202020202020202020206A
:1036600020362E320D0A7377697463682E6E315FCF
:103670007661632E6F75747075745F7479706520F0
:10368000202020202020202020202020202020203A
:103690002020206469676974616C0D0A0D0A237328
:1036A00077697463682E6E315F6578682E656E6128
:1036B000626C652020202020202020202020202037
:1036C00020202020202020202020202074727565BA
:1036D00020232063686D74206F6E6C7920746F678F
:1036E000676C6573207661632F626C6F770D0A23B8
:1036F0007377697463682E6E315F6578682E696EC2
:103700007075745F6F6E5F636F6D6D616E642020A6
:10371000202020202020202020202020204D383054
:10372000320D0A237377697463682E6E315F657892
:10373000682E696E7075745F6F66665F636F6D6D1E
:10374000616E6420202020202020202020202020A6
:10375000204D3830330D0A237377697463682E6EF9
:10376000315F6578682E6F75747075745F70696EFF
:103770002020202020202020202020202020202049
:103780002020202020342E31340D0A2373776974D1
:1037900063682E6E315F6578682E6F75747075740E
:1037A0005F74797065202020202020202020202098
:1037B0002020202020202020206469676974616C0B
:1037C0000D0A0D0A7377697463682E6E325F766135
:1037D000632E656E61626C652020202020202020F1
:1037E00020202020202020202020202020202020D9
:1037F00020747275650D0A7377697463682E6E3272
:103800005F7661632E696E7075745F6F6E5F636F54
:103810006D6D616E6420202020202020202020203B
:10382000202020204D3830340D0A73776974636886
:103830002E6E325F7661632E696E7075745F6F668F
:10384000665F636F6D6D616E6420202020202020F4
:10385000202020202020204D3830350D0A73776934
:103860007463682E6E325F7661632E6F7574707547
:10387000745F70696E2020202020202020202020CE
:1038800020202020202020202020362E330D0A73D7
:1038900077697463682E6E325F7661632E6F75741C
:1038A0007075745F7479706520202020202020209E
:1038B00020202020202020202020202064696769EB
:1038C00074616C0D0A0D0A237377697463682E6E38
:1038D000325F6578682E656E61626C6520202020FD
:1038E00020202020202020202020202020202020D8
:1038F0002020202020747275650D0A237377697467
:1039000063682E6E325F6578682E696E7075745FBD
:103910006F6E5F636F6D6D616E64202020202020CC
:103920002020202020202020204D3830360D0A2352
:103930007377697463682E6E325F6578682E696E7E
:103940007075745F6F66665F636F6D6D616E642026
:10395000202020202020202020202020204D383012
:10396000370D0A237377697463682E6E325F65784A
:10397000682E6F75747075745F70696E20202020DA
:103980002020202020202020202020202020202037
:1039900020312E31300D0A237377697463682E6EDF
:1039A000325F6578682E6F75747075745F747970A6
:1039B00065202020202020202020202020202020C2
:1039C00020202020206469676974616C0D0A0D0A4B
:1039D0007377697463682E7661632E656E61626CBD
:1039E0006520202020202020202020202020202092
:1039F00020202020202020202020202020747275CC
:103A0000650D0A7377697463682E7661632E696E3B
:103A10007075745F6F6E5F636F6D6D616E64202093
:103A20002020202020202020202020202020202096
:103A30004D3830380D0A7377697463682E76616388
:103A40002E696E7075745F6F66665F636F6D6D6112
:103A50006E642020202020202020202020202020D4
:103A60002020204D3830390D0A7377697463682E31
:103A70007661632E6F75747075745F70696E202047
:103A80002020202020202020202020202020202036
:103A9000202020202020342E35210D0A73776974D0
:103AA00063682E7661632E6F75747075745F7479B8
:103AB0007065202020202020202020202020202071
:103AC0002020202020202020206469676974616CF8
:103AD0000D0A0D0A7377697463682E6C65647570DE
:103AE0002E656E61626C6520202020202020202021
:103AF00020202020202020202020202020202020C6
:103B000020747275650D0A7377697463682E6C652D
:103B10006475702E696E7075745F6F6E5F636F6D24
:103B20006D616E6420202020202020202020202075
:103B3000202020204D3831300D0A73776974636876
:103B40002E6C656475702E696E7075745F6F666635
:103B50005F636F6D6D616E64202020202020202027
:103B6000202020202020204D3831310D0A73776924
:103B70007463682E6C656475702E6F7574707574DF
:103B80005F70696E2020202020202020202020200F
:103B900020202020202020202020362E350D0A73C2
:103BA00077697463682E6C656475702E6F757470B8
:103BB00075745F74797065202020202020202020DB
:103BC00020202020202020202020202070776D0D14
:103BD0000A0D0A7377697463682E626C6F772E65BD
:103BE0006E61626C65202020202020202020202073
:103BF00020202020202020202020202020202020C5
:103C0000747275650D0A7377697463682E626C6FE0
:103C1000772E696E7075745F6F6E5F636F6D6D6127
:103C20006E64202020202020202020202020202002
:103C30002020204D3831320D0A7377697463682E65
:103C4000626C6F772E696E7075745F6F66665F6306
:103C50006F6D6D616E6420202020202020202020A8
:103C60002020202020204D3831330D0A73776974CD
:103C700063682E626C6F772E6F75747075745F70E9
:103C8000696E20202020202020202020202020209D
:103C9000202020202020202020342E36210D0A73C1
:103CA00077697463682E626C6F772E6F75747075A8
:103CB000745F74797065202020202020202020202F
:103CC00020202020202020202020202064696769D7
:103CD00074616C0D0A0D0A7377697463682E6C65E4
:103CE00064646F776E2E656E61626C6520202020A3
:103CF00020202020202020202020202020202020C4
:103D000020202020747275650D0A737769746368CA
:103D10002E6C6564646F776E2E696E7075745F6F5C
:103D20006E5F636F6D6D616E642020202020202007
:103D3000202020202020204D3831340D0A7377694F
:103D40007463682E6C6564646F776E2E696E70752F
:103D5000745F6F66665F636F6D6D616E64202020B7
:103D6000202020202020202020204D3831350D0A11
:103D70007377697463682E6C6564646F776E2E6FF9
:103D800075747075745F70696E202020202020206B
:103D900020202020202020202020202020362E34EB
:103DA0000D0A7377697463682E6C6564646F776E4F
:103DB0002E6F75747075745F747970652020202083
:103DC00020202020202020202020202020202070A3
:103DD000776D0D0A0D0A7377697463682E647261DA
:103DE0006770696E2E656E61626C652020202020F0
:103DF00020202020202020202020202020202020C3
:103E0000202020747275650D0A7377697463682EBB
:103E10006472616770696E2E696E7075745F6F6E23
:103E20005F636F6D6D616E64202020202020202054
:103E30002020202020204D3831360D0A73776974F8
:103E400063682E6472616770696E2E696E70757436
:103E50005F6F66665F636F6D6D616E64202020200A
:103E60002020202020202020204D3831370D0A73BB
:103E700077697463682E6472616770696E2E6F75FE
:103E8000747075745F70696E2020202020202020BF
:103E9000202020202020202020202020332E3134DC
:103EA0000D0A7377697463682E6472616770696E56
:103EB0002E6F75747075745F747970652020202082
:103EC00020202020202020202020202020202064AE
:103ED00069676974616C0D0A0D0A237377697463ED
:103EE000682E7273343232656E2E656E61626C6557
:103EF00020202020202020202020202020202020C2
:103F00002020202020202020747275650D0A237344
:103F100077697463682E7273343232656E2E6F75F2
:103F2000747075745F70696E20202020202020201E
:103F3000202020202020202020202020322E310D63
:103F40000A237377697463682E7273343232656E34
:103F50002E6F75747075745F7479706520202020E1
:103F6000202020202020202020202020202020640D
:103F700069676974616C0D0A237377697463682ECD
:103F80007273343232656E2E737461727475705F41
:103F900073746174652020202020202020202020A0
:103FA000202020202020747275650D0A0D0A737779
:103FB000697463682E78797A626364656E2E656EC3
:103FC00061626C65202020202020202020202020DD
:103FD0002020202020202020202020747275650DB4
:103FE0000A7377697463682E78797A626364656EA0
:103FF0002E6F75747075745F70696E20202020209C
:104000002020202020202020202020202020342E8E
:10401000370D0A7377697463682E78797A626364FE
:10402000656E2E6F75747075745F7479706520207D
:104030002020202020202020202020202020202080
:104040006469676974616C0D0A0D0A73776974633A
:10405000682E6F74656E2E656E61626C652020201F
:104060002020202020202020202020202020202050
:104070002020202020202020747275650D0A73777F
:10408000697463682E6F74656E2E6F7574707574C5
:104090005F70696E202020202020202020202020FA
:1040A0002020202020202020202020332E31310DE0
:1040B0000A7377697463682E6F74656E2E6F7574FA
:1040C0007075745F74797065202020202020202076
:1040D0002020202020202020202020202020646953
:1040E000676974616C0D0A0D0A7377697463682ED1
:1040F00063616D73772E656E61626C652020202090
:1041000020202020202020202020202020202020AF
:10411000202020202020747275650D0A7377697441
:1041200063682E63616D73772E696E7075745F6F4F
:104130006E5F636F6D6D616E6420202020202020F3
:104140002020202020202020204D3831380D0A73D7
:1041500077697463682E63616D73772E696E70750D
:10416000745F6F66665F636F6D6D616E64202020A3
:104170002020202020202020202020204D383139D0
:104180000D0A7377697463682E63616D73772E6FA0
:1041900075747075745F70696E2020202020202057
:1041A00020202020202020202020202020202036F9
:1041B0002E31300D0A7377697463682E63616D73F5
:1041C000772E6F75747075745F7479706520202018
:1041D00020202020202020202020202020202020DF
:1041E00020206469676974616C0D0A0D0A74656D3D
:1041F00070657261747572655F636F6E74726F6CF7
:104200002E763173656E73652E656E61626C652006
:1042100020202020202020202020747275650D0A87
:1042200074656D70657261747572655F636F6E74CD
:10423000726F6C2E763173656E73652E746865725D
:104240006D6973746F725F70696E202020302E3636
:104250000D0A74656D70657261747572655F636F68
:104260006E74726F6C2E763173656E73652E686531
:10427000617465725F70696E202020202020206E9E
:10428000630D0A74656D70657261747572655F6344
:104290006F6E74726F6C2E763173656E73652E74EB
:1042A0006865726D6973746F722020202020202051
:1042B0004550434F533130304B0D0A74656D706576
:1042C0007261747572655F636F6E74726F6C2E7657
:1042D0003173656E73652E64657369676E61746FA3
:1042E000722020202020202056310D0A0D0A7465EE
:1042F0006D70657261747572655F636F6E74726FF5
:104300006C2E763273656E73652E656E61626C65B8
:104310002020202020202020202020747275650D70
:104320000A74656D70657261747572655F636F6E36
:1043300074726F6C2E763273656E73652E74686559
:10434000726D6973746F725F70696E202020302EF9
:10435000350D0A74656D70657261747572655F63A1
:104360006F6E74726F6C2E763273656E73652E6825
:1043700065617465725F70696E20202020202020A6
:104380006E630D0A74656D70657261747572655F38
:10439000636F6E74726F6C2E763273656E73652EFA
:1043A000746865726D6973746F72202020202020FC
:1043B000204550434F533130304B0D0A74656D70BA
:1043C000657261747572655F636F6E74726F6C2E67
:1043D000763273656E73652E64657369676E61749A
:1043E0006F722020202020202056320D0A0D0A2333
:1043F000204F6E6C79206E6565646564206F6E2059
:104400006120736D6F6F74686965626F6172640DAE
:104410000A63757272656E74636F6E74726F6C5F2F
:104420006D6F64756C655F656E61626C65202020E0
:1044300020202020202020202020202020206661F5
:104440006C73652020202020202020202020202385
:104450000D0A0D0A72657475726E5F6572726F7205
:104460005F6F6E5F756E68616E646C65645F6763D5
:104470006F64652020202020202020202020202064
:104480002066616C736520202020202020202020C1
:104490002020230D0A0D0A2320456E636F64657288
:1044A00020666565646261636B2028582F5920611E
:1044B00078697320717561647261747572652065C5
:1044C0006E636F64657273290D0A656E636F646550
:1044D000725F656E61626C652020202020202020A4
:1044E00020202020202020202020202020202020CC
:1044F00020202020202020747275650D0A656E63CF
:104500006F6465725F785F636F756E74735F7065FB
:10451000725F6D6D20202020202020202020202070
:10452000202020202020202020203020202020207B
:10453000202020202020202020202023207365748C
:1045400020766961204D39323320696E204F7065C5
:104550006E506E50204166746572486F6D696E676B
:10456000207363726970740D0A656E636F6465729F
:104570005F795F636F756E74735F7065725F6D6D89
:10458000202020202020202020202020202020202B
:10459000202020202020302020202020202020200B
:1045A000202020202020202320736574207669613C
:1045B000204D39323320696E204F70656E506E5039
:1045C000204166746572486F6D696E67207363720F
:1045D0006970740D0A0D0A004D6172202039203275
:1045E0003032362031343A30383A3232000000006E
:1045F000536D6F6F746869652052756E6E696E6772
:104600002040256C644D487A0D0A00004E455457F1
:104610004F524B2069732064697361626C65640D4D
:104620000A0000005761746368646F6720656E61FB
:10463000626C656420666F72202566207365636F07
:104640006E64730A000000005741524E494E4720E5
:104650005761746368646F6720697320646973616C
:10466000626C65640A0000006E6300000000024096
:104670000004024000080240000C0240001002400A
:104680000014024000180240001C024000200240BA
:1046900062617369635F737472696E673A3A5F4D02
:1046A0005F636F6E737472756374206E756C6C20CB
:1046B0006E6F742076616C69640000002009000050
:1046C0004552524F523A20636F6E666967206669A1
:1046D0006C65206C696E6520257320697320696E96
:1046E00076616C69642C206E6F206B657920766131
:1046F0006C7565207061697220666F756E640D0A55
:104700000000000062617369635F737472696E67B1
:104710003A3A7375627374720000000025733A2090
:104720005F5F706F73202877686963682069732002
:10473000257A7529203E20746869732D3E73697A45
:104740006528292028776869636820697320257A9D
:10475000752900000D0A2320090000004552524F20
:10476000523A20636F6E6669672066696C65206CDB
:10477000696E6520257320686173206E6F207661F5
:104780006C75650D0A0000000000000000000000CC
:104790007D090008ED0900087509000855090008A1
:1047A000590900085D0900089D0900086109000811
:1047B00065090008690900086D0900087109000809
:1047C000610000000000000000000000C90B0008AC
:1047D000D90B0008F12A0008890B00088D0B00088E
:1047E000950B0008910B0008253364202D202530FF
:1047F000345820253034582025303458203A20278A
:10480000257327202D20666F756E643A2025642C51
:104810002064656661756C743A2025642C2064659B
:104820006661756C742D646F75626C653A202566DF
:104830002C2064656661756C742D696E743A202550
:10484000640A0000766563746F723A3A5F4D5F7276
:1048500065616C6C6F635F696E73657274000000F4
:104860005741524E494E473A206475706C696361F6
:10487000746520636F6E666967206C696E6520726F
:1048800065706C61636564000000024000040240D2
:1048900000080240000C02400010024000140240D8
:1048A00000180240001C02400020024000000000EE
:1048B0000000000015100008291000080D10000865
:1048C00055090008590900085D0900081110000881
:1048D0006109000865090008690900086D090008F8
:1048E00071090008000000000000000071110008BC
:1048F00075110008000000000000000021120008EF
:10490000511200080D100008550900085909000847
:104910005D09000811100008610900086509000818
:1049200069090008651200089112000825312E342B
:10493000662000004735000062617369635F73742D
:1049400072696E673A3A617070656E6400000000CB
:104950002E000000303132333435363738392D2EC1
:1049600061626364656670784142434445465058CD
:104970000000000062617369635F737472696E673F
:104980003A3A7265706C6163650000002E2E2F004C
:104990002F0000002E2E00004552524F523A206345
:1049A000616C6C696E672076616C756520616674F8
:1049B000657220636F6E6669672063616368652056
:1049C000686173206265656E20636C656172656401
:1049D0000A0000006669726D000000002F6C6F63B2
:1049E000616C2F636F6E6669670000006C6F6361B6
:1049F0006C0000002F6C6F63616C2F636F6E6669D3
:104A0000672E7478740000002F73642F636F6E66D6
:104A100069670000736400002F73642F636F6E6614
:104A200069672E7478740000636F756C64206E6F14
:104A3000742066696E6420636F6E666967207365B3
:104A40007474696E672C20706C6561736520736582
:104A50006520687474703A2F2F736D6F6F74686976
:104A600065776172652E6F72672F636F6E66696717
:104A70007572696E672D736D6F6F746869650D0A65
:104A80000000000074793100636F6E6669672073FF
:104A9000657474696E6720776974682076616C75D7
:104AA00065202725732720616E6420636865636B2A
:104AB00073756D735B253034582C253034582C2594
:104AC0003034585D206973206E6F742061207661E8
:104AD0006C6964206E756D6265722C20706C656106
:104AE00073652073656520687474703A2F2F736D39
:104AF0006F6F74686965776172652E6F72672F6377
:104B00006F6E6669677572696E672D736D6F6F740E
:104B10006869650D0A000000000000000000000048
:104B2000D92A0008E52A0008D12A0008890B0008C4
:104B30008D0B0008DD2A0008910B00083C000000E6
:104B4000416C61726D000000486F6D6500000000EF
:104B5000486F6C640000000049646C650000000050
:104B600052756E0025312E34662C25312E34662C7C
:104B700025312E34660000007C4D506F733A0000E2
:104B80002C25312E346600007C57506F733A00009C
:104B90007C463A25312E31662C25312E31662C2566
:104BA000312E3166000000007C463A25312E3166F8
:104BB0002C25312E316600007C25733A25312E31AB
:104BC000662C25312E3166003E0A000000000000F0
:104BD000000000001934000831340008F12A0008F0
:104BE000890B00088D0B0008852B0008910B00082D
:104BF0007573656400000000667265650000000062
:104C000053746172743A20257562204D656D6F7220
:104C100079506F6F6C2061742025700A00000000CD
:104C2000094368756E6B2061742025702028252B40
:104C30003464293A2025732C20256C752062797400
:104C400065730A00456E643A20746F74616C2025A8
:104C50006C75622C20667265653A20256C75620A57
:104C6000000000000000000000000000B13F00084C
:104C7000B53F00080D100008550900085909000843
:104C80005D090008111000086109000865090008A5
:104C9000690900086D090008710900080C0000008E
:104CA00001000000100000000100000014000000DE
:104CB0000100000018000000010000001C000000BE
:104CC000010000002000000001000000240000009E
:104CD0000100000028000000010000002C0000007E
:104CE0000100000000000000000000006941000811
:104CF0007D410008194100085509000859090008BC
:104D00005D0900080D4100086109000865090008F7
:104D1000690900086D090008710900086269747367
:104D200065743A3A7365740025733A205F5F706F5B
:104D3000736974696F6E2028776869636820697386
:104D400020257A7529203E3D205F4E622028776815
:104D500069636820697320257A75290025303278C7
:104D6000000000005472756E6361746564206C6F9E
:104D70006E67206C696E6520256420696E3A202577
:104D8000730A00004552524F523A206E6F20636FF3
:104D90006E6669672066696C6520666F756E640D66
:104DA00000000000722B00002023000020202020A3
:104DB0002020202020000000202020202020202053
:104DC00020232061646465640A0000002F7364007E
:104DD0002F6C6F63616C0000496E636C7564696E63
:104DE0006720636F6E6669672066696C653A202587
:104DF000730A0000556E61626C6520746F206669ED
:104E00006E6420696E636C7564656420636F6E66A2
:104E100069672066696C653A2025730A0000000006
:104E20000000000000000000FD5000081D510008B7
:104E3000795A0008F150000809530008C1540008CD
:104E4000B5080008E50800080000000000000000A8
:104E5000C55A0008C95A0008FD5A0008B55A00088A
:104E6000C15A0008555B0008B5080008E5080008AD
:104E70006C6F61645F636F6D6D616E640000000054
:104E8000736176655F636F6D6D616E640000000035
:104E90002A0000004E303132333435363738392E5F
:104EA0002C2D20003B280000474D00005741524E5A
:104EB000494E473A2041667465722048414C54205F
:104EC000796F752073686F756C6420484F4D45206D
:104ED000617320706F736974696F6E2069732063EA
:104EE000757272656E746C7920756E6B6E6F776E0D
:104EF0000A0000006572726F723A416C61726D2037
:104F00006C6F636B0A00000021210D0A0000000095
:104F10006F6B202D20496E76616C696420473533B4
:104F20000D0A00002F73642F0000000077000000BE
:104F300057726974696E6720746F2066696C653A90
:104F40002025730D0A6F6B0D0A0000006F70656EEF
:104F5000206661696C65642C2046696C653A202581
:104F6000732E0D0A6F6B0D0A000000004D35000016
:104F70004D3900006F6B20456D657267656E637912
:104F80002053746F70205265717565737465642069
:104F90002D207265736574206F72204D3939392068
:104FA000726571756972656420746F2065786974C3
:104FB0002048414C542073746174650D0A00000050
:104FC0004649524D574152455F4E414D453A536D0A
:104FD0006F6F74686965776172652C204649524D20
:104FE000574152455F55524C3A68747470252533C9
:104FF000412F2F736D6F6F74686965776172652ECD
:105000006F72672C20582D534F555243455F434FC5
:1050100044455F55524C3A68747470733A2F2F6749
:1050200069746875622E636F6D2F536D6F6F74684E
:105030006965776172652F536D6F6F746869657705
:105040006172652C204649524D574152455F564585
:105050005253494F4E3A25732C20582D4649524DF4
:10506000574152455F4255494C445F444154453A8B
:1050700025732C20582D53595354454D5F434C4FA5
:10508000434B3A256C644D487A2C20582D415845A5
:10509000533A25642C20582D4752424C5F4D4F44C3
:1050A000453A2564000000002C20582D434E433A19
:1050B000300000002C20582D4D53443A31000000A0
:1050C0000A6F6B0A0000000068656C700000000049
:1050D000436F6D6D616E64206E6F7420666F756EC8
:1050E000643A2025730A00002F73642F636F6E6685
:1050F00069672D6F76657272696465003B20444F65
:10510000204E4F542045444954205448495320468A
:10511000494C450A0000000053657474696E67735A
:105120002053746F72656420746F2025730D0A6FAD
:105130006B0D0A002F73642F636F6E6669672D6FA6
:10514000766572726964652E00000000636F6E669A
:105150006967206F766572726964652066696C653F
:105160002064656C657465642025732C207265620B
:105170006F6F74206E65656465640D0A6F6B0D0A50
:10518000000000003B20636F6E666967206F7665E4
:1051900072726964652070726573656E743A202559
:1051A000730A00003B204E6F20636F6E66696720B4
:1051B0006F766572726964650A0000006572726FCD
:1051C000723A00004572726F723A2000756E6B6E13
:1051D0006F776E0D0A000000456E746572696E6728
:1051E00020416C61726D2F48616C7420737461741E
:1051F000650A00006F6B2025730D0A004D323900DF
:10520000446F6E6520736176696E672066696C65B0
:105210002E0D0A6F6B0D0A004572726F723A65723D
:10522000726F722077726974696E6720746F20667E
:10523000696C652E0D0A00007273204E25640D0AFC
:105240000000000058595A46000000006F6B202DE6
:105250002069676E6F7265640A000000472564204C
:10526000000000000000000000000000E15F0008F6
:10527000F95F0008F12A0008890B00088D0B00086F
:1052800019600008910B00080200000005000000F2
:10529000090000001E00000069000000720000000C
:1052A0007300000077000000500000005100000073
:1052B0008F030000F70100006A0000006B0000008F
:1052C00000000000000000003D600008656000086C
:1052D000D95F000855090008C96000085D09000889
:1052E0001110000861090008650900086909000833
:1052F0006D09000871090008414C41524D3A2041A6
:10530000626F727420647572696E67206379636C72
:10531000650D0A0048414C5445442C204D3939391B
:10532000206F7220245820746F206578697420489B
:10533000414C542073746174650D0A000000000034
:10534000000000002573000851730008197600085A
:1053500011740008590900085D0900088D730008E0
:105360006109000865090008690900086D0900085D
:10537000710900081573000879720008ED720008C1
:10538000FCFFFFFF00000000397300086D73000888
:10539000F12A00081D730008817200080D730008CF
:1053A000910B000863616E6E6F74206372656174A7
:1053B00065207374643A3A6465717565206C617236
:1053C000676572207468616E206D61785F73697AB9
:1053D00065282900433A20583A25312E3466205951
:1053E0003A25312E3466205A3A25312E3466000093
:1053F0004D503A20583A25312E346620593A2531FD
:105400002E3466205A3A25312E346600434D503AE8
:1054100020583A25312E346620593A25312E3466EB
:10542000205A3A25312E3466000000005743533A83
:1054300020583A25312E346620593A25312E3466CB
:10544000205A3A25312E3466000000004D43533A6D
:1054500020583A25312E346620593A25312E3466AB
:10546000205A3A25312E34660000000041504F5337
:105470003A20583A25312E346620593A25312E34B7
:1054800066205A3A25312E34660000002025633A02
:1054900025312E34660000005741524E494E473A9E
:1054A000206163747561746F722025642072617469
:1054B00065206578636565647320626173655F73F9
:1054C00074657070696E675F6672657175656E632D
:1054D00079202A202E2E2E5F73746570735F70659D
:1054E000725F6D6D3A2025662C2073657474696E49
:1054F0006720746F2025660A00000000536F6674F1
:1055000020456E6473746F7020256320776173206B
:105510006578636565646564202D207265736574C4
:10552000206F72202458206F72204D393939207233
:10553000657175697265640A00000000536F6674D6
:1055400020456E6473746F7020256320776173202B
:105550006578636565646564202D20656E74697285
:1055600065206D6F76652069676E6F7265640A00ED
:10557000556E646566696E65642066656564207253
:1055800061746500666565642072617465203C2005
:1055900030000000464154414C3A20746F6F206D3A
:1055A000616E79206D6F746F72732C20696E6372F7
:1055B00065617365206B5F6D61785F6163747561B0
:1055C000746F72730A0000006361727465736961BD
:1055D0006E000000464154414C3A206D6F746F726A
:1055E000202563206973206E6F7420646566696E80
:1055F000656420696E20636F6E6669670A0000004B
:10560000464154414C3A206D6F746F7220256420DE
:10561000646F6573206E6F74206D617463682069B8
:105620006E6465782025640A00000000456E6162A2
:105630006C65640044697361626C6564000000001D
:1056400025633A25662000002025633A202567203F
:105650000000000020533A20256720004E4F54459B
:10566000207468697320666F726D6174206973209D
:10567000646570726563617465642C205573652080
:105680004D3230332E3120696E73746561640A00C7
:10569000536F667420656E6473746F7073206172EB
:1056A00065202573000000002C2563206D696E20A5
:1056B00069732064697361626C6564002C256320E2
:1056C0006D61782069732064697361626C65640040
:1056D0002C25632061786973206973206E6F7420B4
:1056E000686F6D65640000005370656564206661D5
:1056F00063746F722061742025362E326620252552
:105700000A0000003B537465707320706572207549
:105710006E69743A0A4D3932200000003B416363E0
:10572000656C65726174696F6E206D6D2F73656352
:105730005E323A0A4D323034205325312E35662000
:1057400000000000256325312E3566200000000092
:105750003B582D204A756E6374696F6E20446576E0
:10576000696174696F6E2C205A2D205A206A756EFB
:105770006374696F6E20646576696174696F6E2CFD
:105780002053202D204D696E696D756D20506C6120
:105790006E6E6572207370656564206D6D2F736524
:1057A000633A0A4D323035205825312E3566205A5D
:1057B00025312E3566205325312E35660A0000002E
:1057C0003B4D61782063617274657369616E206618
:1057D000656564726174657320696E206D6D2F73E9
:1057E00065633A0A4D323033205825312E35662014
:1057F0005925312E3566205A25312E356620532500
:10580000312E35660A0000003B4D617820616374DB
:105810007561746F7220666565647261746573206A
:10582000696E206D6D2F7365633A0A4D3230332EE9
:10583000312000003B4F7074696F6E616C206172A3
:105840006D20736F6C7574696F6E2073706563691A
:105850006669632073657474696E67733A0A4D36BE
:105860003635000020256325312E34660000000007
:105870003B5743532073657474696E67730A000065
:10588000473130204C32205025642058256620595D
:105890002566205A2566203B2025730A000000005B
:1058A0004739322E332058256620592566205A253F
:1058B000660A000025633A2025382E346620000051
:1058C00044656C7461207365676D656E74732073D5
:1058D000657420746F2025382E34662073656773D5
:1058E0002F7365630A0000006D6D20706572206C77
:1058F000696E65207365676D656E742073657420CD
:10590000746F2025382E34660A0000000000C07F26
:105910000000C07F0000C07F0000C07FCC2C4FDAA9
:10592000E2887AB5BBBF56BE6256E46F7887103600
:1059300051E9EB3FC9044CB5DF667781B897538ACC
:10594000D04F53F9E6A37EE8BFE25AF1C18E444836
:10595000D7016FEBB0224BF47A8FFC90909028CF58
:10596000692304D80000000000000000217C00082A
:10597000857C0008F9A200085509000859090008AB
:105980000DA500081110000861090008650900084C
:10599000690900086D09000871090008000000008D
:1059A0000000000081BE00089DBE000821BE000866
:1059B00055090008590900085D09000861C0000880
:1059C0006109000865090008690900080DC100089F
:1059D000710900084E4F54453A204E6F2065787487
:1059E00072756465727320636F6E66696775726540
:1059F000640A00004E4F54453A204E6F206578747B
:105A000072756465727320656E61626C65640A000C
:105A10004E4F54453A204F6E652065787472756418
:105A2000657220636F6E6669677572656420616E6A
:105A30006420656E61626C65640A00004E4F5445D7
:105A40003A202564206578747275646572732065E8
:105A50006E61626C6564206F7574206F66202564CA
:105A60000A00000020453A25312E3466200000004F
:105A7000453A25662000000046696C616D656E74CC
:105A8000204469616D657465723A2025660A0000DC
:105A9000566F6C756D657472696320657874727584
:105AA00073696F6E2069732064697361626C6564E9
:105AB0000A000000453A256720563A256700000095
:105AC000466C6F7720726174652061742025362ED4
:105AD00032662025250A00003B452053746570730B
:105AE00020706572206D6D3A0A4D3932204525319E
:105AF0002E3466205025640A000000003B452046F5
:105B0000696C616D656E74206469616D6574657240
:105B10003A0A4D323030204425312E34662050254B
:105B2000640A00003B452072657472616374206CE6
:105B3000656E6774682C2066656564726174653A89
:105B40000A4D323037205325312E34662046253118
:105B50002E3466205A25312E3466205125312E34BC
:105B600066205025640A00003B452072657472610E
:105B70006374207265636F766572206C656E6774FE
:105B8000682C2066656564726174653A0A4D32302E
:105B900038205325312E3466204625312E34662098
:105BA0005025640A000000003B4520616363656C7A
:105BB00065726174696F6E206D6D2F736563C2B21B
:105BC0003A0A4D323034204525312E346620502596
:105BD000640A00003B45206D61782066656564209D
:105BE00072617465206D6D2F7365633A0A4D3230B2
:105BF00033204525312E3466205025640A000000EC
:105C00003B45206D617820766F6C756D65747269A7
:105C1000632072617465206D6DC2B32F7365633A42
:105C20000A4D323033205625312E346620502564FB
:105C30000A0000000000000000000000000000005A
:105C4000000000000D10000855090008590900085F
:105C50005D090008111000086109000865090008C5
:105C6000690900086D09000871090008FD1F020894
:105C7000FD1F020801CB000805CB00080000000052
:105C80000000000079CB0008A1CB0008D5D00008A7
:105C9000550900085909000811D200081110000820
:105CA0006109000841CC000825D100086D090008F1
:105CB00071090008B5CB000819CB000801CB00081A
:105CC00005CB00085741524E494E473A2062657451
:105CD000612063616E6E6F7420626520300A00007F
:105CE0004265746100000000532F48005741524E36
:105CF000494E473A2054686520636F6E6669672095
:105D000069732062616420666F7220746869732011
:105D100074656D70657261747572652073656E73FC
:105D20006F720A006164633D2025642C20726573E4
:105D3000697374616E63653D2025660A000000008A
:105D4000532F482063313D2025312E3138662C20D9
:105D500063323D2025312E3138662C2063333D20BF
:105D600025312E3138660A00532F482074656D7036
:105D70003D2025662C206D696E3D2025662C206D0A
:105D800061783D2025662C2064656C74613D20257A
:105D9000660A0000626574612074656D703D20259F
:105DA000662C206D696E3D2025662C206D61783D46
:105DB0002025662C2064656C74613D2025660A00F0
:105DC0005573696E6720707265646566696E656497
:105DD00020746865726D6973746F72202564206920
:105DE0006E202573207461626C653A2025730A0069
:105DF0004550434F533130304B000000532F482063
:105E00007461626C650A00002564202D2025730AE8
:105E10000000000042657461207461626C650A00D4
:105E20005741524E494E473A206E65676174697614
:105E30006520636F656666696369656E7420696E67
:105E40002063616C63756C6174655F737465696E02
:105E5000686172745F686172745F636F65666669BA
:105E60006369656E74732E20536F6D657468696E17
:105E700067206D61792062652077726F6E67207789
:105E800069746820746865206D6561737572656DED
:105E9000656E74730A0000004572726F7220696E3D
:105EA00020636F6E666967206E6565642036206EBC
:105EB000756D6265727320666F7220537465696ECA
:105EC000686172742D486172740A00004572726FC5
:105ED0007220696E20636F6E666967206E65656407
:105EE000203320537465696E686172742D48617245
:105EF0007420636F656666696369656E74730A0012
:105F00004572726F7220696E20636F6E66696720DA
:105F10006E6565642072745F63757276652C2063AC
:105F20006F656666696369656E74732C206265745B
:105F300061206F7220612076616C696420707265E7
:105F4000646566696E656420746865726D697374F2
:105F50006F7220646566696E65640A0056697368CD
:105F600061793130304B0000486F6E657977656C30
:105F70006C3130304B00000053656D69746563000F
:105F8000486F6E657977656C6C2D51414400000057
:105F900053656D697465632D3130344E543400009F
:105FA000525252463130304B00000000525252469D
:105FB00031304B0048543130304B0000F05D030865
:105FC000000000005C120000FD5D3D3A16CF623912
:105FD000F1F1C6335C5F0308000000005C120000B2
:105FE000EC17383A91A567399B819833685F0308AD
:105FF000000000005C1200002A471C3A0892723927
:106000003E0B8533785F0308000000005C1200003F
:10601000C3AC543A639F5D39491B9A33805F0308D0
:10602000000000005C120000CDE1583AAEED5A3994
:106030001200AD33905F0308000000005C12000006
:1060400030F5503A06CD5F397D508C33F05D030852
:10605000000000005C12000000207E450050C34795
:106060000000C841A05F0308000000005C120000AF
:10607000008077450050C3470000C841AC5F03086B
:10608000A80200004006000000C0774500401C4602
:106090000000C841685F0308000000005C120000B7
:1060A000006078450050C3470000C841785F03088E
:1060B000000000005C120000005885450050C347F6
:1060C0000000C841B45F0308000000005C1200003B
:1060D000006079450050C3470000C841000000003F
:1060E000000000000000000031DB000835DB000884
:1060F00069E2000881E700086DDB000815E9000887
:10610000EDDD00082DDB000850543130305F4533A1
:10611000443A206164633D2025642C2074656D70D1
:106120003D2025660A00000000000000000000007D
:10613000A5EB0008A9EB0008B5EB000861EC00082E
:106140009DEB0008A1EB0008A5EC00082DDB000882
:106150006164633D2025642C206D61785F61646318
:106160003D20256C752C2074656D703D2025662CB6
:10617000206F6666736574203D2025660A00000066
:10618000000000000000000009ED00080DED00080F
:1061900019ED000889ED00089DEB0008A1EB00084F
:1061A00009EE00082DDB00080000000000000000E0
:1061B00081EF0008ADEF0008E5EF0008D5EE00081C
:1061C0009DEB0008A1EB0008C5EE0008F1F0000807
:1061D000504944204175746F74756E652041626F3B
:1061E000727465640A0000004E6F2074656D7065FE
:1061F00072617475726520636F6E74726F6C207754
:1062000069746820696E64657820256420666F75FE
:106210006E640D0A000000005461726765743A20D4
:1062200025352E31660A000053746172742050497E
:10623000442074756E6520666F7220696E6465789F
:10624000204525642C2064657369676E61746F72E4
:106250003A2025730A00000025733A2053746172B6
:1062600074696E6720504944204175746F74756E6F
:10627000652C202564206D6178206379636C6573DB
:106280002C204D3330342061626F7274730A000029
:10629000094B753A2025672C2050753A2025670A4E
:1062A0000000000009547279696E673A0A094B7060
:1062B0003A2025352E31660A094B693A2025352EBC
:1062C00033660A094B643A2025352E30660A0000F1
:1062D000504944204175746F74756E6520436F6D2D
:1062E000706C6574652120546865207365747469E9
:1062F0006E67732061626F766520686176652062E3
:1063000065656E206C6F6164656420696E746F20D2
:106310006D656D6F72792C20627574206E6F7420BC
:106320007772697474656E20746F20796F7572204E
:10633000636F6E6669672066696C652E0A000000EF
:106340002F2F205741524E494E473A204175746FC6
:1063500070696420646964206E6F74207265736F65
:106360006C76652077697468696E2025642063798E
:10637000636C65732C207468657365207265737532
:106380006C7473206172652070726F6261626C79E7
:1063900020696E6E616375726174650A00000000A9
:1063A0002F2F204175746F70696420537461747568
:1063B00073202D2025352E31662F25352E31662070
:1063C0004025642025642F25640A00002F2F2043D8
:1063D00079636C652025643A206D61783A202567E1
:1063E0002C206D696E3A2025672C2061766720731A
:1063F000657061726174696F6E3A2025670A0000EA
:1064000000000000000000001DF2000831F200084A
:10641000E9F90008550900085909000865F3000862
:1064200099F6000861090008650900086909000873
:106430006D0900087109000825733A25332E31666D
:10644000202F25332E3166204025640A00000000ED
:106450004552524F523A2054656D706572617475A1
:10646000726520746F6F6B20746F6F206C6F6E6736
:1064700020746F2062652072656163686564206FB7
:106480006E2025732C2048414C5420617373657233
:106490007465642C205455524E20504F574552205D
:1064A0004F464620494D4D4544494154454C59209D
:1064B0002D207265736574206F72204D3939392033
:1064C00072657175697265640A0000004552524F29
:1064D000523A2054656D70657261747572652072F0
:1064E000756E61776179206F6E2025732028646551
:1064F0006C74612074656D70202566292C204841DC
:106500004C542061737365727465642C2054555229
:106510004E20504F574552204F464620494D4D453D
:1065200044494154454C59202D20726573657420AF
:106530006F72204D393939207265717569726564E1
:106540000A0000004552524F523A204D494E5445E0
:106550004D50206F72204D415854454D502074725B
:1065600069676765726564206F6E2025732E20430E
:106570006865636B20796F75722074656D706572E4
:1065800061747572652073656E736F7273210A0092
:10659000526561646F6E6C790000000042616E6745
:1065A00062616E67000000005049440025733A257F
:1065B000332E3166202F25332E316620402564206E
:1065C00000000000556E61626C6520746F2070726F
:1065D0006F7065726C79207365742073656E736F6C
:1065E000722073657474696E67732C206D616B65BE
:1065F000207375726520796F7520737065636966A5
:106600007920616C6C2072657175697265642076A1
:10661000616C7565730A0000257328532564293A57
:10662000207573696E672025730A0000257328534F
:106630002564293A2025632025312E3138660A0049
:106640004E6F7468696E6720736574204E4F5445B1
:10665000205573616765206973204D3134332053B1
:10666000302050333030207768657265203C533ECF
:106670002069732074686520686F74656E64206992
:106680006E64657820616E64203C503E2069732002
:10669000746865206D6178696D756D2074656D70C5
:1066A00020746F207365740A000000004D617869E2
:1066B0006D756D2074656D7065726174757265209D
:1066C000666F72202573282564292069732025664A
:1066D000C2B0430A00000000257328532564293AFC
:1066E0002050663A25672049663A25672044663A75
:1066F0002567205828495F6D6178293A2567205918
:10670000286D61782070776D293A2564204F3A25ED
:10671000640A00003B5049442073657474696E67D5
:10672000732C20695F6D61782C206D61785F7077C4
:106730006D3A0A4D33303120532564205025312ED7
:106740003466204925312E3466204425312E3466A6
:10675000205825312E3466205925640A0000000097
:106760003B4D61782074656D7065726174757265FA
:106770002073657474696E673A0A4D31343320535F
:106780002564205025312E34660A00003B4F70747A
:10679000696F6E616C2074656D702073656E736FC8
:1067A00072207370656369666963207365747469C8
:1067B0006E67733A0A4D333035205325640000006C
:1067C00020256325312E31386600000054656D7038
:1067D000657261747572652072656164696E6720A7
:1067E000697320756E72656C6961626C65206F6E8D
:1067F0002025732048414C54206173736572746581
:1068000064202D207265736574206F72204D3939B4
:10681000392072657175697265640A00576169741F
:10682000206F6E2074656D7065726174757265207D
:1068300061626F72746564206279206B696C6C0AA6
:1068400000000000746865726D6973746F720000F7
:106850006D617833313835350000000061643834BB
:106860003935000070743130305F653364000000EA
:106870000000000000000000A5FA0008B5FA0008BA
:10688000A9FA0008ADFA00089DEB0008A1EB00088A
:10689000C5EE00082DDB000800000000000000002D
:1068A0007DFD0008CDFD00081D1001081DFD00083C
:1068B000590900085101010869FD0008C1FA0008E2
:1068C0006D12010801FF000801FD000871090008B0
:1068D00061726D656400000064697361726D656466
:1068E0000000000074656D706572617475726520DA
:1068F0007377697463682025730A00005741524E0C
:10690000494E472054454D504552415455524553E8
:1069100057495443483A206E6F207377697463680F
:10692000207370656369666965640A006C657665E5
:106930006C000000726973696E67000066616C6CC0
:10694000696E67002F2F204661696C656420746F43
:106950002067657420737769746368207374617449
:10696000652E0D0A000000002F2F204661696C651E
:1069700064206368616E67696E672073776974630A
:10698000682073746174652E0D0A00000000000019
:10699000000000003D1401086D1401088918010869
:1069A0005509000859090008811401081110000850
:1069B0005D1A010865090008690900086D090008E9
:1069C0007109000854256420696E76616C69642041
:1069D000746F6F6C200000000000000000000000D9
:1069E000C11A0108451C0108A11A0108550900082F
:1069F000590900085D1B0108111000086109000811
:106A0000E11A01089D1A01086D09000871090008C2
:106A100070776D006D6F6D656E7461727900000046
:106A20006469676974616C00687770776D00000055
:106A300053656C656374656420537769746368207B
:106A40006F75747075742070696E206973206E6F35
:106A5000742050574D2063617061626C65202D2059
:106A600064697361626C65640000000000000000EE
:106A700000000000C11D01083D1F0108592D01083B
:106A80009D2D010859090008E52001081110000892
:106A900061090008F51D01082D1E0108751F010878
:106AA000710900084C696D697420737769746368B3
:106AB00020256325632077617320686974202D2069
:106AC0007265736574206F72204D39393920726593
:106AD0007175697265640A00414C41524D3A204813
:106AE000617264206C696D697420256325630A00F6
:106AF0004735332047302058302059302046253143
:106B00002E3466006572726F723A20417869732084
:106B100058206D75737420626520686F6D65642000
:106B20006265666F72652073657474696E6720486C
:106B30006F6D696E67206F66667365740A0000008A
:106B40006572726F723A20417869732059206D75B1
:106B5000737420626520686F6D6564206265666F7E
:106B600072652073657474696E6720486F6D696E15
:106B700067206F66667365740A0000006572726F45
:106B8000723A2041786973205A206D7573742062BF
:106B90006520686F6D6564206265666F726520733D
:106BA000657474696E6720486F6D696E67206F66E3
:106BB000667365740A000000486F6D696E67204F48
:106BC00066667365743A20582025352E3366205941
:106BD0002025352E3366205A2025352E3366207722
:106BE000696C6C2074616B652065666665637420F2
:106BF0006E65787420686F6D650A00004735332034
:106C0000473020582566205925660000686F6D655D
:106C10005F746F5F6D696E00686F6D655F746F5F45
:106C20006D6178004552524F523A20656E6473741C
:106C30006F702025642069732067726561746572C6
:106C4000207468616E206E756D626572206F6620BB
:106C5000646566696E6564206D6F746F72732E2053
:106C6000456E6473746F70732064697361626C65E0
:106C7000640A00006E6F6E65000000005741524EBE
:106C8000494E473A204E6F7468696E6720746F20D2
:106C9000686F6D650A0000004552524F523A204815
:106CA0006F6D696E67206379636C65206661696CDE
:106CB0006564202D20636865636B20746865206DB2
:106CC00061785F74726176656C2073657474696E47
:106CD00067730A00414C41524D3A20486F6D696E0E
:106CE00067206661696C0A005F6D696E00000000D4
:106CF0005F6D61780000000025633A256420000084
:106D00006572726F723A556E737570706F727465DA
:106D10006420636F6D6D616E640A000070696E734C
:106D20002D20000025733A25642000004C0000004F
:106D3000282573295025642E25643A2564200000F7
:106D40002077696C6C2074616B652065666665638D
:106D500074206E65787420686F6D650A000000000D
:106D600025633A2025352E33662000003B486F6DA1
:106D700065206F666673657420286D6D293A0A4D2B
:106D80003230362000000000256325312E32662087
:106D9000000000003B5468657461206F666673658F
:106DA00074202864656772656573293A0A4D32302C
:106DB00036204125312E3566204225312E3566207C
:106DC0004325312E35660A003B5472696D20286DCB
:106DD0006D293A0A4D363636205825312E33662035
:106DE0005925312E3366205A25312E33660A00008C
:106DF0003B4D6178205A0A4D363635205A25312EC2
:106E000033660A003B707265646566696E6564206E
:106E1000706F736974696F6E3A0A4732382E312089
:106E20005825312E3466205925312E34660A00004B
:106E30004D6178205A2025382E336620000000004E
:106E4000583A2025352E336620593A2025352E33E1
:106E500066205A3A2025352E33660A000C700E7AC9
:106E60009EB615822C5B7D411057AC43AE3D51A6BA
:106E7000A15BA365340CAA45C11E13ADA52E4281AA
:106E8000447BE627093F0B499B881233290C7AFD86
:106E90000D17A92AAB244E7200000000000000006C
:106EA00039300108F1320108154801085509000878
:106EB0005909000869530108D13101086109000826
:106EC00095300108553101086D0900087109000865
:106ED000426200005344207072696E74696E6720CC
:106EE0006279746520256C752F256C750D0A00007C
:106EF0005344207072696E742069732070617573D9
:106F0000656420617420256C752F256C750D0A0051
:106F10004E6F742063757272656E746C7920706C3C
:106F20006179696E670D0A0066696C653A202573A0
:106F30002C20257520252520636F6D706C65746588
:106F40002C20656C61707365642074696D653A20EE
:106F50002530326C753A2530326C753A2530326CFA
:106F6000750000002C206573742074696D653A20EB
:106F70002530326C753A2530326C753A2530326CDA
:106F80007500000046696C652073697A6520697335
:106F900020756E6B6E6F776E0D0A000041626F7226
:106FA00074656420706C6179696E67206F722070FF
:106FB00061757365642066696C652E20506C65612F
:106FC0007365207475726E20616E792068656174D6
:106FD000657273206F6666206D616E75616C6C7989
:106FE0000D0A0000416C72656164792073757370DD
:106FF000656E6465640A00002F2F205375737065F9
:107000006E64696E67207072696E742C2077616996
:1070100074696E6720666F7220717565756520747E
:107020006F20656D7074792E2E2E0A0068000000A6
:107030002F2F20616374696F6E3A70617573650DEF
:107040000A0000004E6F742073757370656E64657E
:10705000640A00002F2F20726573756D696E6720BA
:107060007072696E742E2E2E0A0000002F2F20578A
:10707000616974696E6720666F7220686561746506
:1070800072732E2E2E0A0000526573756D65206195
:10709000626F72746564206279206B696C6C0A009F
:1070A0002F2F20457865637574696E672062656669
:1070B0006F726520726573756D652067636F6465B7
:1070C0002E2E2E0A000000002F2F20526573746FA1
:1070D00072696E672073617665642058595A207012
:1070E0006F736974696F6E7320616E64207374616D
:1070F00074652E2E2E0A0000473533204730205865
:10710000256620592566205A256600002F2F20521B
:107110006573756D696E67207072696E740A000020
:107120002F2F20616374696F6E3A726573756D6598
:107130000D0A0000202D00002F73642F6F6E5F6218
:107140006F6F742E67636F64650000002F2F2053EC
:10715000757370656E6420636C65617265640A00A6
:1071600053442063617264206E6F74207375707075
:107170006F727465640D0A0066696C652E6F7065C8
:107180006E206661696C65643A2025730D0A000003
:1071900046696C65206F70656E65643A257320538F
:1071A000697A653A256C640D0A00000046696C65D1
:1071B0002073656C65637465640D0A004E6F20660C
:1071C000696C65206C6F616465640D0A00000000E5
:1071D0002D62000043757272656E746C7920707256
:1071E000696E74696E672C2061626F7274207072B0
:1071F000696E742066697273740D0A0046696C6565
:10720000206E6F7420666F756E643A2025730D0AC8
:1072100000000000506C6179696E672025730D0ACB
:1072200000000000567600005741524E494E47205C
:107230002D20436F756C64206E6F74206765742019
:1072400066696C652073697A650D0A0020204669BD
:107250006C652073697A6520256C640D0A00000056
:10726000706C61790000000070726F6772657373F3
:107270000000000061626F7274000000737573702B
:10728000656E6400726573756D6500002F2F205761
:10729000616974696E6720666F72207175657565C6
:1072A00020746F20656D7074792028486F73742086
:1072B0006D7573742073746F702073656E64696E7E
:1072C00067292E2E2E0A000053757370656E642098
:1072D00061626F72746564206279206B696C6C0AFC
:1072E000000000002F2F20536176696E67206375C0
:1072F0007272656E742073746174652E2E2E0A008E
:107300002F2F205072696E742053757370656E64F0
:1073100065642C20656E74657220726573756D6589
:1073200020746F20636F6E74696E7565207072696A
:107330006E74696E670A0000257300005761726EF3
:10734000696E673A20446973636172646564206C96
:107350006F6E67206C696E650A000000446F6E6591
:10736000207072696E74696E672066696C650D0ABB
:10737000000000000000000000000000000000000D
:10738000496B0108A16B0108516D0108117C0108CE
:10739000217701083971010811100008C96201083C
:1073A000F16201083D700108997001087109000837
:1073B000414C41524D3A204B696C6C20627574749B
:1073C0006F6E2070726573736564202D2072657313
:1073D0006574206F72204D39393920746F20636FC6
:1073E0006E74696E75650D0A00000000556E4B697C
:1073F0006C6C20627574746F6E2070726573736547
:10740000642048616C7420636C65617265640D0A68
:1074100000000000322E31320000000000000000A9
:10742000000000003D7F0108517F0108F57F010841
:1074300055090008590900085D0900086D7F010819
:107440006109000865090008690900086D0900085C
:1074500071090008342E32382100000000000000BD
:107460000000000061820108758201082985010879
:1074700055090008590900085D09000811100008A5
:107480006109000865090008690900086D0900081C
:10749000710900086572726F723A20656E636F64DD
:1074A00065722058206D6F76652074696D656F7503
:1074B000740A00006572726F723A20656E636F64C1
:1074C00065722059206D6F76652074696D656F75E2
:1074D000740A000045583A256C642045593A256CD9
:1074E0006400000053583A256C642053593A256CC7
:1074F0006400000045583A256C642045593A256CD3
:107500006420583A252E346620593A252E346600D8
:107510006572726F723A2053206D757374206265C4
:1075200020312D25640A00006572726F723A207353
:1075300065676D656E74206D6F646520616C726542
:10754000616479206163746976650A006572726F9F
:10755000723A20656E636F646572206E6F7420638B
:10756000616C696272617465640A00006572726FB1
:10757000723A206D616368696E65206973206D6F72
:1075800076696E670A000000583A252E3466205945
:107590003A252E34660000000000000000000000C4
:1075A000F585010809860108758D0108550900084F
:1075B00059090008B19001082586010861090008F1
:1075C0006509000869090008218801087109000897
:1075D0005741524E494E473A205573696E672045D0
:1075E00020697320646570726563617465642C2022
:1075F000757365204120616E64204220666F7220A1
:107600006368616E6E656C73203320616E64203434
:107610000A0000003B44696769706F74204D6F7405
:107620006F722063757272656E74733A0A4D3930E9
:107630003720000058595A45414243006D63703469
:1076400034353100342E32390000000000000000D3
:107650000000000059950108719501082D98010856
:10766000299501080000000000000000499501086C
:107670004D9501084D970108359501080503010056
:1076800002040000000000000000000091950108C5
:10769000A5950108419901085509000859090008F4
:1076A000C19501081110000861090008650900086A
:1076B000690900086D0900087109000863616368C1
:1076C00065643A2025732069732073657420746F94
:1076D0002025730D0A0000006361636865643A2029
:1076E0002573206973206E6F7420696E20636F6E3E
:1076F0006669670D0A00000025733A20257320692A
:1077000073206E6F7420696E20636F6E6669670DFB
:107710000A00000025733A202573206973207365E1
:107720007420746F2025730D0A0000006C6F616473
:1077300000000000636F6E666967206361636865BF
:10774000206C6F616465640D0A000000756E6C6FDB
:1077500061640000636F6E666967206361636865DA
:1077600020756E6C6F616465640D0A0064756D70E0
:1077700000000000636865636B73756D00000000B6
:10778000636865636B73756D206F66202573203D9C
:107790002025303258202530325820253032580AE2
:1077A00000000000756E737570706F7274656420F0
:1077B0006F7074696F6E3A206D7573742062652006
:1077C0006F6E65206F66206C6F61647C756E6C6F88
:1077D00061647C64756D707C636865636B73756DE3
:1077E0000A00000055736167653A20636F6E666931
:1077F000672D73657420736F75726365207365748C
:1078000074696E672076616C7565202320776865E2
:10781000726520736F757263652069732073642CC1
:107820002073657474696E672069732074686520BD
:107830006B657920616E642076616C756520697373
:1078400020746865206E65772076616C75650D0A19
:107850000000000025733A202573206861732062C0
:1078600065656E2073657420746F2025730D0A00A2
:1078700025733A202573206E6F7420656E6F7567CF
:107880006820737061636520746F206F766572770E
:1078900072697465206578697374696E67206B65B9
:1078A000792F76616C75650D0A00000025732073D1
:1078B0006F7572636520646F6573206E6F742065E9
:1078C000786973740D0A00004572726F723A204D28
:1078D0006F746F722044726976657220616C617298
:1078E0006D202D207265736574206F72204D3939BB
:1078F0003920726571756972656420746F20636FD9
:107900006E74696E75650D0A000000007265676926
:1079100073746572206F7065726174696F6E207325
:1079200075636365656465640A0000007265676974
:1079300073746572206F7065726174696F6E206612
:1079400061696C65640A0000544D4332363630007C
:107950004452563837313100554E4B4E4F574E003A
:107960004D6F746F72447269766572436F6E747294
:107970006F6C204552524F523A2061786973206EE5
:107980006F7420646566696E65640A004D6F746F7C
:1079900072447269766572436F6E74726F6C2045C3
:1079A00052524F523A2061786973206D757374207A
:1079B0006265206F6E65206F662058595A414243B8
:1079C0000A0000004D6F746F7244726976657243ED
:1079D0006F6E74726F6C202563204552524F523A7D
:1079E00020636869702073656C656374206E6F74C2
:1079F00020646566696E65640A0000004D6F746FEF
:107A000072447269766572436F6E74726F6C202572
:107A100063204552524F523A20636869702074794E
:107A20007065206E6F7420646566696E65640A0017
:107A30004D6F746F72447269766572436F6E7472C3
:107A40006F6C202563204552524F523A20556E6B81
:107A50006E6F776E206368697020747970653A2064
:107A600025730A004D6F746F7244726976657243B4
:107A70006F6E74726F6C202563204552524F523ADC
:107A800020556E6B6E6F776E2053504920436861AE
:107A90006E6E656C3A2025640A0000004D6F746FAD
:107AA00072447269766572436F6E74726F6C2049AE
:107AB0004E464F3A20636F6E666967757265642043
:107AC0006D6F746F7220256320282564293A206128
:107AD000732025732C2063733A20253034580A0014
:107AE0006F7074696F6E73207365740A0000000014
:107AF0006661696C656420746F2073657420616EC3
:107B000079206F7074696F6E730A0000737465700A
:107B1000732F6D6D20666F72202563206368616E20
:107B200067656420746F3A2025660A004D6F746F94
:107B30007220256420282563292E2E2E0A0000009D
:107B40003B4D6F746F72202563206964202564208B
:107B50002063757272656E74206D413A0A000000F0
:107B60004D393036202563256C750A003B4D6F7406
:107B70006F7220256320696420256420206D69636D
:107B8000726F73746570733A0A0000004D393039B2
:107B9000202563256C750A0000000000000000002D
:107BA0009DA00108B1A001085DAA010855090008BF
:107BB00059090008ADAB0108E9A20108D9A00108E4
:107BC0006509000869090008CDA0010849A001085D
:107BD0006E6F205344206465766963650D0A00006A
:107BE000536D6F6F74686965206F75742E205065D2
:107BF0006163652E205265626F6F74696E672069DC
:107C00006E2035207365636F6E64732E2E2E0D0A01
:107C100000000000456E746572696E67204D524920
:107C2000206465627567206D6F64652E2E2E0D0AC7
:107C300000000000436F6D6D616E64733A0D0A00C1
:107C400076657273696F6E0D0A0000006D656D20B8
:107C50005B2D765D0D0A00006C73205B2D735D203B
:107C60005B666F6C6465725D0D0A0000636420667C
:107C70006F6C6465720D0A007077640D0A00000075
:107C80006361742066696C65205B6C696D69745D05
:107C9000205B2D642031305D0D0A0000726D20667E
:107CA000696C650D0A0000006D762066696C6520C0
:107CB0006E657766696C650D0A00000072656D6F10
:107CC000756E740D0A000000706C61792066696C35
:107CD00065205B2D765D0D0A0000000070726F67F5
:107CE00072657373202D2073686F77732070726FC5
:107CF0006772657373206F662063757272656E7448
:107D000020706C61790D0A0061626F7274202D2001
:107D100061626F72742063757272656E746C792023
:107D2000706C6179696E672066696C650D0A000088
:107D30007265736574202D20726573657420736D90
:107D40006F6F746869650D0A000000006466752035
:107D50002D20656E7465722064667520626F6F7485
:107D6000206C6F616465720D0A00000062726561CB
:107D70006B202D20627265616B20696E746F2064C8
:107D8000656275676765720D0A000000636F6E6655
:107D900069672D676574205B3C636F6E6669677504
:107DA000726174696F6E5F736F757263653E5D209B
:107DB0003C636F6E66696775726174696F6E5F733D
:107DC000657474696E673E0D0A000000636F6E662D
:107DD00069672D736574205B3C636F6E66696775B8
:107DE000726174696F6E5F736F757263653E5D205B
:107DF0003C636F6E66696775726174696F6E5F73FD
:107E0000657474696E673E203C76616C75653E0DE5
:107E10000A000000676574205B706F737C77637382
:107E20007C73746174657C7374617475737C666B48
:107E30007C696B5D0D0A00006765742074656D7068
:107E4000205B6265647C686F74656E645D0D0A001A
:107E50007365745F74656D70206265647C686F74AF
:107E6000656E64203138350D0A000000737769743F
:107E70006368206E616D65205B76616C75655D0D74
:107E80000A0000006E65740D0A0000006C6F6164EA
:107E9000205B66696C655D202D206C6F61647320CA
:107EA0006120636F6E66696775726174696F6E20B9
:107EB0006F766572726964652066696C65206672AA
:107EC0006F6D20736F65636966696564206E616DAF
:107ED00065206F7220636F6E6669672D6F766572BD
:107EE000726964650D0A000073617665205B6669DE
:107EF0006C655D202D207361766573206120636F52
:107F00006E66696775726174696F6E206F766572EF
:107F1000726964652066696C6520617320737065A1
:107F20006369666965642066696C656E616D65206C
:107F30006F7220617320636F6E6669672D6F76655F
:107F400072726964650D0A0075706C6F61642066F9
:107F5000696C656E616D65202D2073617665732097
:107F6000612073747265616D206F6620746578742A
:107F700020746F20746865206E616D656420666989
:107F80006C650D0A0000000063616C635F746865D6
:107F9000726D6973746F72205B2D73305D20543184
:107FA0002C52312C54322C52322C54332C5233203C
:107FB0002D2063616C63756C617465207468652045
:107FC000537465696E6861727420486172742063CD
:107FD0006F656666696369656E747320666F72208B
:107FE0006120746865726D6973746F720D0A0000A8
:107FF000746865726D6973746F7273202D2070726E
:10800000696E74206F757420746865207072656481
:108010006566696E656420746865726D6973746FF6
:1080200072730D0A000000006D643573756D206673
:10803000696C65202D207072696E7473206D6435D3
:108040002073756D206F662074686520676976659A
:108050006E2066696C650D0A00000000456E74654F
:1080600072696E6720626F6F74206D6F64652E2E6B
:108070002E0D0A00436F756C64206E6F742064656A
:108080006C657465202573200D0A0000436F756CC4
:1080900064206E6F742072656E616D65202573209B
:1080A000746F2025730D0A0072656E616D65642022
:1080B000257320746F2025730D0A0000636F756CA3
:1080C00064206E6F742063726561746520646972E8
:1080D0006563746F72792025730D0A0063726561A0
:1080E000746564206469726563746F7279202573A6
:1080F0000D0A0000556E7573656420486561703A1D
:1081000020256C752062797465730D0A00000000EB
:108110005573656420486561702053697A653A201B
:10812000256C750A0000000020204368756E6B3ACC
:1081300020256C752020416464726573733A203089
:10814000782530386C58202053697A653A20256CA0
:1081500075202025730A00004348554E4B20465297
:1081600045450000416C6C6F63617465643A20257D
:108170006C752C20467265653A20256C750D0A00D9
:10818000546F74616C20467265652052414D3A20EF
:10819000256C752062797465730D0A0046726565F9
:1081A00020414842303A20256C752C20414842310C
:1081B0003A20256C750D0A00426C6F636B20736961
:1081C0007A653A2025752062797465732C2054698C
:1081D000636B696E666F2073697A653A2025752036
:1081E00062797465730A000053544D33324634008B
:1081F000556E6B6E6F776E004275696C64207665A4
:108200007273696F6E3A2025732C204275696C6415
:1082100020646174653A2025732C204D43553A2023
:1082200025732C2053797374656D20436C6F636BD9
:108230003A20256C644D487A0D0A000025642061BF
:108240007869730A0000000025732074656D702042
:1082500073657420746F3A2025332E31660D0A0041
:108260002573206973206E6F742061206B6E6F77A9
:108270006E2074656D7065726174757265206465D9
:10828000766963650D0A0000756E6B6E6F776E2000
:108290007377697463682025732E0A007377697495
:1082A00063682025732069732025640A000000009C
:1082B0006F6E00006F6666007377697463682025CF
:1082C000732073657420746F3A2025730A000000D0
:1082D0002573206973206E6F742061206B6E6F7739
:1082E0006E20737769746368206465766963650AD4
:1082F000000000004E6F206E6574776F726B206413
:10830000657465637465640A000000002D640000F4
:108310001A0000005B63757272656E7420574353D8
:108320003A2025735D0A00005B25733A25312E340F
:10833000662C25312E34662C25312E34665D0A00DC
:108340005B4732383A25312E34662C25312E34667F
:108350002C25312E34665D0A000000005B47333067
:108360003A25312E34662C25312E34662C25312EBB
:1083700034665D0A000000005B4739323A25312E31
:1083800034662C25312E34662C25312E34665D0A58
:10839000000000005B546F6F6C204F66667365745D
:1083A0003A25312E34662C25312E34662C25312E7B
:1083B00034665D0A000000005B544C303A25312ED3
:1083C00034665D0A000000005B5052423A25312EAF
:1083D00034662C25312E34662C25312E34663A2510
:1083E000645D0A002D730000537465696E686172E4
:1083F00074204861727420636F656666696369659D
:108400006E74733A20204925312E313866204A2572
:10841000312E313866204B25312E3138660A000066
:1084200020205061737465207468652061626F76E6
:108430006520696E20746865204D333035205330D7
:1084400020636F6D6D616E642C207468656E20739F
:108450006176652077697468204D3530300A0000F8
:108460004D33303520532564204925312E3138666F
:10847000204A25312E313866204B25312E31386681
:1084800000000000202053657474696E67205468F2
:1084900065726D6973746F7220256420746F207427
:1084A000686F73652073657474696E67732C2073CD
:1084B0006176652077697468204D3530300A000098
:1084C00055736167653A2063616C635F74686572B8
:1084D0006D6973746F722054312C52312C54322CCC
:1084E00052322C54332C52330A00000058595A414E
:1084F0004243000075736167653A20244A20587C26
:10850000597C5A7C417C427C4320302E3031205BA8
:1085100046302E355D0A000075736167653A202488
:108520004A2058302E3031205B46302E355D0A000F
:108530006572726F723A62616420617869730A00D1
:1085400046000000257320282564292074656D707D
:108550003A2025662F2566204025640D0A0000007C
:108560006E6F206865617465727320666F756E64E6
:108570000D0A000025732074656D703A2025662F62
:108580002566204025640D0A00000000666B00008F
:108590002D6D0000696B0000706F73006572726F63
:1085A000723A75736167653A20676574205B666B24
:1085B0007C696B5D205B2D6D5D20785B2C792C7A5E
:1085C0005D0A000063617274657369616E3D2058D5
:1085D0002025662C20592025662C205A2025660A45
:1085E000000000006163747561746F723D20582053
:1085F00025662C20592025662C205A2025660A0045
:108600006C6173742025730A000000007265616C50
:1086100074696D652025730A00000000776373009C
:108620002D76000073746174650000005B4725645B
:108630002025732047256420472564204725642092
:10864000473934204D30204D35204D392054256494
:10865000204625312E3466205325312E34665D0A9E
:108660000000000073746174757300006572726FAE
:10867000723A756E6B6E6F776E206F7074696F6E85
:108680002025730A000000006A6F67006572726F30
:10869000723A204E6565642061786973206469735D
:1086A00074616E636520697465726174696F6E735D
:1086B0000A00000047393120473020256325662015
:1086C0004625662047393000646F6E650A00000059
:1086D000636972636C6500006572726F723A204E56
:1086E000656564207261646975732069746572617F
:1086F00074696F6E730A0000473931204730205883
:10870000256620462566204739300000473220493B
:108710002566204A30204625660000007371756189
:10872000726500006572726F723A204E6565642052
:1087300073697A6520697465726174696F6E730A12
:108740000000000047393120473020582566204678
:108750002566000047302059256600004730205824
:108760002566000047302059256620473930000033
:10877000726177006572726F723A204E656564208F
:108780006178697320737465707320737465707396
:108790002F7365630A0000006572726F723A206180
:1087A000786973206D75737420626520782C207948
:1087B0002C207A2C20612C20622C20630A000000DF
:1087C0006572726F723A2061786973206973206FE5
:1087D0007574206F662072616E67650A0000000084
:1087E00075736167653A0A2074657374206A6F67F0
:1087F00020617869732064697374616E63652069B0
:108800007465726174696F6E73205B66656564720E
:108810006174655D0A0000002074657374207371D3
:10882000756172652073697A652069746572617417
:10883000696F6E73205B66656564726174655D0A5D
:1088400000000000207465737420636972636C65B6
:108850002072616469757320697465726174696FEF
:108860006E73205B66656564726174655D0A000005
:108870002074657374207261772061786973207346
:10888000746570732073746570732F7365630A0069
:108890006C730000636F6E6669672D676574000016
:1088A0005B43617574696F6E3A20556E6C6F636BD4
:1088B00065645D0A6F6B0A004732382E3200000093
:1088C000473238006572726F723A496E76616C6930
:1088D000642073746174656D656E740A0000000035
:1088E000636F6E6669672D7365740000636F6E66F3
:1088F00069672D6C6F616400666972650000000035
:108900006F6B00006572726F723A556E737570709E
:108910006F7274656420636F6D6D616E64202D20CD
:1089200025730A0020256400436F756C64206E6F08
:1089300074206F70656E206469726563746F7279FC
:108940002025730D0A000000426567696E20666984
:108950006C65206C6973740D0A000000456E64201C
:1089600066696C65206C6973740D0A00436F756CE1
:1089700064206E6F74206F70656E20646972656329
:10898000746F7279202573200D0A000075706C6F6A
:108990006164206E6F7420616C6C6F776564207702
:1089A00068696C65207072696E74696E67206F7299
:1089B00020627573790A000075706C6F6164696E6E
:1089C0006720746F2066696C653A2025732C2073CC
:1089D000656E6420636F6E74726F6C2D44206F72CD
:1089E00020636F6E74726F6C2D5A20746F206669ED
:1089F0006E6973680D0A00006661696C65642074B5
:108A00006F206F70656E2066696C653A2025732E45
:108A10000D0A000075706C6F616465642025642028
:108A200062797465730A00006572726F72207772E2
:108A30006974696E6720746F2066696C652E2069A1
:108A4000676E6F72696E6720616C6C20636861721B
:108A500061637465727320756E74696C20454F464E
:108A60000D0A00004C6F6164696E6720636F6E666B
:108A70006967206F766572726964652066696C65E6
:108A80003A2025732E2E2E0A000000002020257388
:108A900000000000636F6E666967206F7665727212
:108AA0006964652066696C652065786563757465C1
:108AB000640A000046696C65206E6F7420666F75ED
:108AC0006E643A2025730A004D35303000000000F6
:108AD00053657474696E67732053746F7265642094
:108AE000746F2025730D0A0025732025730A00007A
:108AF000636400007077640063617400726D00004D
:108B00006D7600006D6B64697200000075706C6FAB
:108B1000616400007265736574000000646675002E
:108B2000627265616B0000003F0000007665727341
:108B3000696F6E006D656D00676574007365745FC5
:108B400074656D70000000007377697463680000DD
:108B50006E657400736176650000000072656D6F6C
:108B6000756E740063616C635F746865726D6973C0
:108B7000746F7200746865726D6973746F727300DC
:108B80006D643573756D00007465737400000000CA
:108B90009088030801D20108F08A030835D501083E
:108BA000F48A0308A1AE0108F88A030841B6010857
:108BB000FC8A0308E5B00108008B030835B1010801
:108BC000048B0308B9B101080C8B0308A5D5010873
:108BD000148B0308B9AE01081C8B0308C9B0010847
:108BE000208B0308D5AE0108C8500308E9AE010880
:108BF000288B0308E9AE01082C8B0308ADB30108EC
:108C0000348B030815B20108388B0308C9BF01086B
:108C10003C8B030825B40108488B0308BDB4010848
:108C2000508B0308F9B501082C77030829D70108F0
:108C3000548B030869D801085C8B030891AE0108C6
:108C4000648B030841BC0108748B0308C1B501089B
:108C5000808B0308ADD90108888B030851C6010831
:108C60000000000000000000000000000000000004
:108C7000C9B50108DDB5010889B00108550900082A
:108C800065CE010829D4010811100008B1B001080F
:108C900065090008690900086D09000871090008E4
:108CA00000000000000000000000000089DA010858
:108CB00089DD01088DDA01088DDB010891DF0108EB
:108CC00035E00108000000000000000009E4010890
:108CD0000DE4010885E30108C5E30108197C0008DB
:108CE0001D7C0008000000000000000000000000E3
:108CF000B5E50108B5E70108B9E50108E5E60108B1
:108D000069E40108E5E80108000000000000000037
:108D100049EC01084DEC0108EDEB010815EC0108E8
:108D2000197C00081D7C00082F2F4552524F523AE3
:108D30002044656C74612063616C63756C61746957
:108D40006F6E206661696C212020556E61626C65D2
:108D500020746F206D6F766520746F3A0A000000F2
:108D60002F2F20202020783D2025660A00000000BB
:108D70002F2F20202020793D2025660A00000000AA
:108D80002F2F202020207A3D2025660A0000000099
:108D90002F2F2043616C635A3D2025660A00000096
:108DA0002F2F204F66667A3D2025660A00000000BE
:108DB0002F2F63617274657369616E20783D202581
:108DC000660A0D002F2F20793D2025660A0D000030
:108DD0002F2F207A3D2025660A0D00002F2F204FCF
:108DE00066667A3D2025660A0D0000002F2F20615F
:108DF00063747561746F7220783D2025660A0D00DA
:108E000000000000000000000000000059EC010814
:108E100035ED010899EF0108CDF301085DEC01087B
:108E200025F401080000000000000000E1F6010840
:108E3000E5F60108C1F60108D1F60108197C000821
:108E40001D7C0008000000000000000061F7010820
:108E500065F70108F1F6010829F70108197C0008F7
:108E60001D7C00082563202D205741524E494E4756
:108E70003A204F76657274656D70657261747572B3
:108E800065205072657761726E696E67210A000015
:108E90002563202D204552524F523A204F7665725D
:108EA00074656D7065726174757265205368757450
:108EB000646F776E210A00002563202D20455252F1
:108EC0004F523A2053484F525420746F2067726FAC
:108ED000756E64206F6E206368616E6E656C2041F4
:108EE000210A00002563202D204552524F523A207E
:108EF00053484F525420746F2067726F756E642010
:108F00006F6E206368616E6E656C2042210A0000FE
:108F10002563202D204552524F523A204368616EFE
:108F20006E656C2041207365656D7320746F2062DF
:108F30006520756E636F6E6E6563746564210A00EB
:108F40002563202D204552524F523A204368616ECE
:108F50006E656C2042207365656D7320746F2062AE
:108F60006520756E636F6E6E6563746564210A00BB
:108F700064657369676E61746F722025632C20438A
:108F8000686970207479706520544D433236580AF0
:108F900000000000494E464F3A205374616C6C202B
:108FA0004775617264206C6576656C2072656163DB
:108FB000686564210A000000494E464F3A204D6F13
:108FC000746F72206973207374616E64696E6720B8
:108FD0007374696C6C2E0A004D6963726F737465EB
:108FE0007020706F736974696F6E2070686173654B
:108FF00020413A2025640A005374616C6C20477547
:109000006172642076616C75653A2025640A0000FF
:1090100043757272656E742073657474696E673A15
:109020002025646D410A0000436F6F6C7374657096
:109030002063757272656E743A2025646D410A0072
:109040004D6963726F73746570733A20312F2564B4
:109050000A00000052656769737465722064756D5B
:10906000703A0A002064726976657220636F6E74CC
:10907000726F6C2072656769737465723A2025306F
:10908000386C5828256C64290A0000002063686F3A
:109090007070657220636F6E6669672072656769BC
:1090A000737465723A202530386C5828256C642911
:1090B0000A00000020636F6F6C207374657020726B
:1090C000656769737465723A202530386C582825B5
:1090D0006C64290A00000000207374616C6C2067C6
:1090E00075617264322063757272656E7420726588
:1090F0006769737465723A202530386C5828256C7E
:1091000064290A002064726976657220636F6E6656
:10911000696775726174696F6E20726567697374CF
:1091200065723A202530386C5828256C64290A006D
:10913000206D6F746F725F6472697665725F636FC2
:109140006E74726F6C2E7878782E72656720253079
:10915000356C582C2530356C582C2530356C582CF6
:109160002530356C582C2530356C580A000000002D
:1091700023736725642C70256C752C6B25752C72F8
:109180002C00000023732C006425642C00000000D8
:109190006325752C6D25642C000000007425642C5B
:1091A0006625642C000000004B652B2C000000009D
:1091B0004B652D2C000000004B6C25752C4B752544
:1091C000752C4B6E25752C4B6925752C4B6D2575B3
:1091D0002C000000616F2C0061672C00612D2C00B9
:1091E000626F2C0062672C00622D2C00782D2C0001
:1091F00078772C0078652C0065302C0065312C00C8
:10920000436D25642C000000436F25642C436225C8
:10921000642C0000437325642C436525642C43644F
:1092200025642C00526567697374657273207772C8
:10923000697474656E0A00006472697665722063F1
:109240006F6E74726F6C20726567697374657220DB
:1092500073657420746F202530386C580A00000044
:1092600063686F7070657220636F6E6669672072E5
:10927000656769737465722073657420746F202547
:1092800030386C580A000000636F6F6C207374658F
:1092900070207265676973746572207365742074D9
:1092A0006F202530386C580A000000007374616C20
:1092B0006C206775617264322063757272656E74BA
:1092C0002072656769737465722073657420746FAA
:1092D000202530386C580A00647269766572206304
:1092E0006F6E66696775726174696F6E207265670B
:1092F00069737465722073657420746F202530382B
:109300006C580A00313A2064726976657220636F86
:109310006E74726F6C2072656769737465720A008F
:10932000323A2063686F7070657220636F6E666991
:10933000672072656769737465720A00333A206347
:109340006F6F6C20737465702072656769737465E4
:10935000720A0000343A207374616C6C2067756186
:109360007264322063757272656E7420726567690B
:10937000737465720A000000353A2064726976657C
:109380007220636F6E66696775726174696F6E20B3
:1093900072656769737465720A0000003235353A88
:1093A0002075706461746520616C6C2072656769FA
:1093B00073746572730A00006D61703A3A617400EB
:1093C000313A204354524C20526567697374657278
:1093D0000A000000323A20544F5251554520526540
:1093E0006769737465720A00333A204F464620520B
:1093F000656769737465720A00000000343A2042A0
:109400004C414E4B2052656769737465720A0000C7
:10941000353A204445434159205265676973746564
:10942000720A0000363A205354414C4C2052656772
:1094300069737465720A0000373A204452495645F0
:109440002052656769737465720A00003235353AD7
:1094500020777269746520726567697374657273C9
:1094600020746F20636869700A0000006465736986
:10947000676E61746F723A2025632C2052656769AC
:10948000737465722044756D703A0A004354524CEF
:109490003A2025303458202825303458293A2000E5
:1094A0004454494D453A2025752C2049534741499C
:1094B0004E3A2025752C2045585354414C4C3A20A7
:1094C00025752C204D4F44453A2025752C205253AC
:1094D0005445503A2025752C20524449523A2025B3
:1094E000752C20454E424C3A202575202D20000039
:1094F000284454494D453A2025752C20495347416D
:10950000494E3A2025752C2045585354414C4C3A2D
:109510002025752C204D4F44453A2025752C20528E
:10952000535445503A2025752C20524449523A2034
:1095300025752C20454E424C3A202575290A0000FD
:10954000544F525155453A20253034582028253063
:109550003458293A0000000053494D504C54483AC1
:109560002025752C20544F525155453A2025752001
:109570002D2000002853494D504C54483A20257561
:109580002C20544F525155453A202575290A000088
:109590004F46463A20253034582028253034582963
:1095A000202D200050574D4D4F44453A2025752C15
:1095B00020544F46463A202575202D2000000000FB
:1095C0002850574D4D4F44453A2025752C20544F77
:1095D00046463A202575290A00000000424C414EBB
:1095E0004B3A202530345820282530345829202D56
:1095F000200000004142543A2025752C2054424C52
:10960000414E4B3A202575202D2000002841425420
:109610003A2025752C2054424C414E4B3A2025755A
:10962000290A000044454341593A20253034582046
:10963000282530345829202D200000004445434D72
:109640004F443A2025752C205444454341593A2033
:109650002575202D20000000284445434D4F443AF5
:109660002025752C205444454341593A202575291D
:109670000A0000005354414C4C3A20253034582005
:10968000282530345829202D200000005644495602
:109690003A2025752C205344434E543A2025752CEE
:1096A0002053445448523A202575202D20000000B4
:1096B00028564449563A2025752C205344434E548D
:1096C0003A2025752C2053445448523A20257529B8
:1096D0000A00000044524956453A202530345820AB
:1096E000282530345829202D2000000049445249B3
:1096F0005645503A2025752C204944524956454E2E
:109700003A2025752C20544452495645503A20257C
:10971000752C205444524956454E3A2025752C202C
:109720004F43504445473A2025752C204F43505411
:10973000483A202575202D20000000002849445279
:10974000495645503A2025752C20494452495645E2
:109750004E3A2025752C20544452495645503A2003
:1097600025752C205444524956454E3A2025752CD7
:10977000204F43504445473A2025752C204F4350F5
:1097800054483A202575290A0000000053544154DA
:1097900055533A2025303258202D20005354444C44
:1097A00041543A2025752C205354443A2025752CD9
:1097B0002055564C4F3A2025752C20425044463AAD
:1097C0002025752C20415044463A2025752C2042F6
:1097D0004F43503A2025752C20414F43503A2025C5
:1097E000752C204F54533A2025750A00204375727A
:1097F00072656E743A2025660A000000204D696388
:10980000726F73746570733A20312F25640A0000FB
:10981000206D6F746F725F6472697665725F636FDB
:109820006E74726F6C2E7878782E72656720253092
:1098300033582C253033582C253033582C253033D1
:10984000582C253033582C253033582C253033589C
:109850000A00000025632C204552524F523A204FF7
:1098600076657274656D706572617475726520736A
:10987000687574646F776E0A0000000025632C2001
:109880004552524F523A204368616E6E656C2041DA
:10989000206F7665722063757272656E74207368CE
:1098A0007574646F776E0A0025632C204552524F01
:1098B000523A204368616E6E656C2042206F766577
:1098C000722063757272656E742073687574646F4C
:1098D000776E0A0025632C204552524F523A20439E
:1098E00068616E6E656C2041207072656472697685
:1098F0006572206661756C740A00000025632C2077
:109900004552524F523A204368616E6E656C204258
:1099100020707265647269766572206661756C7418
:109920000A00000043616E6E6F7420696E6974698D
:10993000616C697A652055415254000043616E6E36
:109940006F7420696E697469616C697A652050571B
:109950004D0A000050696E6D6170206572726F7201
:109960003A2077726F6E6720706F7274206E756D1B
:109970006265722E0000000000000000010000007F
:1099800011000000020000001200000003000000AF
:109990000000111000002110000031100000121012
:1099A0000000221000003210000000100000000033
:1099B00000200140050000000100000000200140DF
:1099C0000508000002000000002001400510000012
:1099D0000300000000200140051800000400000002
:1099E000002001400520000005000000002001408B
:1099F000052800000600000000200140053000009E
:109A000007000000002001400538000010000000A1
:109A1000002001400540000011000000002001402E
:109A20000548000020000000002001400550000013
:109A30002100000000200140055800002200000025
:109A400000200140056000002300000000200140CC
:109A5000056800002400000000200140057000009F
:109A6000250000000020014005780000FFFF0000F5
:109A7000FFFFFFFF0000000008000000005C004046
:109A80000402000016000000005400400402000020
:109A90001800000000540040040200001A000000FA
:109AA000005800400402000051000000005800402F
:109AB000040200007400000000580040040200008E
:109AC00077000000005C004004020000FFFF00007F
:109AD000FFFFFFFF000000001700000000540040DF
:109AE00004020000190000000054004004020000BD
:109AF0001B00000000580040040200002900000084
:109B0000005C0040040200005000000000580040CB
:109B1000040200007500000000580040040200002C
:109B200078000000005C004004020000FFFF00001D
:109B3000FFFFFFFF0000000000000000000C0040DD
:109B40001309000001000000000C00401311000088
:109B500002000000000C0040131900000300000088
:109B6000000C00401321000005000000000401402B
:109B70009389000006000000000400401309000063
:109B8000070000000004004013110000080000005E
:109B9000000001409308000009000000000001409F
:109BA000931000000A00000000000140931800001C
:109BB0000B00000000000140932000001000000096
:109BC00000040040131900001100000000040040D0
:109BD000132100001300000000000040931000005B
:109BE00014000000000400401309000015000000EC
:109BF000000400401311000016000000000800409F
:109C000013090000170000000008004013110000B5
:109C1000180000000008004013190000190000009F
:109C200000080040132100001A000000000000405E
:109C3000931800001B00000000000040932000006B
:109C40001D00000000000140938800001E0000007D
:109C500000040140939100001F0000000004014037
:109C600093990000260000000004014093090000C1
:109C700027000000000401409311000028000000AC
:109C80000004014093190000290000000004014075
:109C9000932100003C000000000800401309000070
:109CA0003D00000000080040131100003E000000CD
:109CB00000080040131900003F00000000080040A9
:109CC00013210000450000000040014093090000FE
:109CD00046000000004001409311000048000000D1
:109CE000000001409388000049000000000001408E
:109CF000930800004A00000000000140939000001B
:109D00004B00000000000140931000004C000000D8
:109D100000000140939800004D0000000000014049
:109D2000931800004E000000000001409320000046
:109D30005600000000440140930900005700000055
:109D4000004801409309000058000000001C00403A
:109D5000930C00007A000000000C00401309000082
:109D60007B000000000C0040131100007C0000008C
:109D7000000C0040131900007D00000000040140A9
:109D8000938900007E0000000004014093910000D0
:109D90007F00000000040140939900008000000053
:109DA000000C00401321000082000000000401406C
:109DB0009321000085000000000401409309000089
:109DC000860000000004014093110000870000009D
:109DD0000004014093190000FFFF0000FFFFFFFF98
:109DE0000000000006000000003001409302000067
:109DF0001400000000300140930200001E0000002B
:109E000000380040930200002200000000380040AB
:109E1000930200002B000000003C004013030000F0
:109E2000FFFF0000FFFFFFFF000000000700000031
:109E30000030014093020000150000000030014096
:109E4000930200001F000000003800409302000051
:109E50002300000000380040930200002C000000A6
:109E6000003C004013030000FFFF0000FFFFFFFF66
:109E700000000000050000000030014093020000D7
:109E80001300000000300140930200001A0000009F
:109E900000380040930200001D0000000038004020
:109EA000930200002A000000003C00401303000061
:109EB000FFFF0000FFFFFFFF0000000004000000A4
:109EC00000300140830200000F000000003001401C
:109ED00083020000190000000038004083020000E7
:109EE0001C0000000038004083020000FFFF00005B
:109EF000FFFFFFFF0000000001000000004C0040D9
:109F0000130400000300000000440040930300001D
:109F10000A00000000100140930300000C00000044
:109F2000001401401304000017000000001001405D
:109F3000930300001B000000004800409303000052
:109F40002700000000140140130400002B00000053
:109F5000004C0040130400003600000000440040A4
:109F60009303000039000000004800409303000004
:109F7000690000000014014013040000FFFF00000E
:109F8000FFFFFFFF0000000000000000004C004049
:109F9000130400000200000000440040930300008E
:109FA0000900000000100140930300000B000000B6
:109FB00000140140130400001600000000100140CE
:109FC000930300001A0000000048004093030000C3
:109FD0002600000000140140130400002A000000C5
:109FE000004C004013040000350000000044004015
:109FF0009303000038000000004800409303000075
:10A000006E0000000014014013040000FFFF000078
:10A01000FFFFFFFF00000000000000000000000044
:10A0200001020304060708090000000001020304FE
:10A03000636F756C64206E6F742070696E6F7574D9
:10A040000000000070696E6D6170206D69732D6D88
:10A05000617463680000000070696E6D6170206E4D
:10A060006F7420666F756E6420666F722070657203
:10A070006970686572616C0070696E6D6170206EE8
:10A080006F7420666F756E6420666F722066756EE1
:10A090006374696F6E0000000000000000000000A3
:10A0A000B13C0208AD3C0208DD3C0208AD3C0208B0
:10A0B000093D0208AD3C02080D3D0208613B020863
:10A0C000A13B0208513B0208493B0208FCFFFFFF8D
:10A0D000000000007D3B0208C53B02083A257000E5
:10A0E000772B00000000000000000000B13C0208D7
:10A0F000AD3C0208DD3C0208AD3C0208093D020807
:10A10000AD3C02080D3D0208000000000000000008
:10A11000FD1F0208FD1F0208FCFFFFFF00000000FA
:10A12000000000000000000000000000000000002F
:10A13000C13D0208F93D0208DD3D0208D53D020897
:10A14000D93D0208E53D0208E93D02080000000093
:10A1500000000000493E02086D3E020800000000B9
:10A1600000000000FD1F0208FD1F0208FD1F02087D
:10A17000FD1F0208FD1F0208FD1F0208293F0208FB
:10A1800000000000000000002F737464657272000C
:10A190002F737464696E00002F7374646F7574009C
:10A1A0000000000000000000FD1F0208FD1F020863
:10A1B000FD1F0208FD1F0208FD1F0208FD1F020807
:10A1C000293F02080000000000000000FCFFFFFF24
:10A1D000000000000000000000000000000000007F
:10A1E00000000000D5F10008C9EE0008194402087B
:10A1F00043616E6E6F7420696E697469616C697A0F
:10A200006520535049006E6F7420656E6F756768E6
:10A2100020737061636520666F7220666F726D6176
:10A220007420657870616E73696F6E2028506C655C
:10A23000617365207375626D69742066756C6C203E
:10A24000627567207265706F727420617420687423
:10A250007470733A2F2F6763632E676E752E6F725B
:10A26000672F627567732F293A0A2020202000305B
:10A270003132333435363738390062617369635FA0
:10A28000737472696E673A3A5F4D5F6372656174A9
:10A29000650025733A205F5F706F732028776869C7
:10A2A000636820697320257A7529203E20746869C7
:10A2B000732D3E73697A6528292028776869636859
:10A2C00020697320257A75290062617369635F7361
:10A2D0007472696E673A3A5F4D5F7265706C616364
:10A2E000655F6175780062617369635F7374726939
:10A2F0006E673A3A5F4D5F7265706C6163650062CC
:10A30000617369635F737472696E673A3A6261730D
:10A3100069635F737472696E670062617369635F1A
:10A32000737472696E673A3A73756273747200007F
:10A330003863ED3EDA0F493F5E987B3FDA0FC93F45
:10A340006937AC3168212233B40F14336821A2334A
:10A35000000FC93F000F494000CB9640000FC94095
:10A360000053FB4000CB164100ED2F41000F494147
:10A370000031624100537B41003A8A4100CB964153
:10A38000005CA34100EDAF41007EBC41000FC9411C
:10A3900000A0D5410031E24100C2EE410053FB4133
:10A3A00000F20342003A0A420083104200CB1642F8
:10A3B00000141D42005C234200A5294200ED2F42FB
:10A3C00000363642007E3C4200C74242000F4942FE
:10A3D000A2000000F9000000830000006E000000F1
:10A3E0004E0000004400000015000000290000009D
:10A3F000FC0000002700000057000000D100000012
:10A40000F500000034000000DD000000C000000086
:10A41000DB000000620000009500000099000000D1
:10A420003C000000430000009000000041000000DC
:10A43000FE0000005100000063000000AB000000BF
:10A44000DE000000BB000000C5000000610000004D
:10A45000B7000000240000006E0000003A00000079
:10A46000420000004D000000D2000000E0000000AB
:10A4700006000000490000002E000000EA00000075
:10A4800009000000D1000000920000001C00000044
:10A49000FE0000001D000000EB0000001C0000009A
:10A4A000B100000029000000A70000003E000000ED
:10A4B000E80000008200000035000000F500000008
:10A4C0002E000000BB0000004400000084000000DB
:10A4D000E90000009C000000700000002600000061
:10A4E000B40000005F0000007E000000410000009A
:10A4F0003900000091000000D60000003900000083
:10A50000830000005300000039000000F400000048
:10A510009C000000840000005F0000008B00000031
:10A52000BD000000F9000000280000003B00000012
:10A530001F000000F800000097000000FF0000006E
:10A54000DE00000005000000980000000F00000081
:10A55000EF0000002F000000110000008B00000041
:10A560005A0000000A0000006D0000001F000000FB
:10A570006D000000360000007E000000CF000000EB
:10A5800027000000CB00000009000000B700000019
:10A590004F000000460000003F0000006600000081
:10A5A0009E0000005F000000EA0000002D00000097
:10A5B0007500000027000000BA000000C70000007E
:10A5C000EB000000E5000000F10000007B0000004F
:10A5D0003D0000000700000039000000F700000007
:10A5E0008A0000005200000092000000EA00000013
:10A5F0006B000000FB0000005F000000B1000000E5
:10A600001F0000008D0000005D0000000800000039
:10A61000560000000300000030000000460000006B
:10A62000FC0000007B0000006B000000AB0000009D
:10A63000F0000000CF000000BC000000200000007F
:10A640009A000000F4000000360000001D00000029
:10A65000A9000000E300000091000000610000007C
:10A660005E000000E60000001B0000000800000083
:10A670006500000099000000850000005F000000F8
:10A6800014000000A000000068000000400000006E
:10A690008D000000FF000000D800000080000000D6
:10A6A0004D00000073000000270000003100000092
:10A6B0000600000006000000150000005600000023
:10A6C000CA00000073000000A8000000C9000000DC
:10A6D00060000000E20000007B000000C0000000FD
:10A6E0008C0000006B000000040000000700000068
:10A6F000090000000000C93F0000F0390000DA370F
:10A700000000A2330000842E0000502B0000C2275E
:10A710000000D0220000C41F0000C61B0000441728
:10A720000000004B000000CB000000000000000013
:10A730000000000000000000000000000000000019
:10A740000000000000000000000000000000000009
:10A7500000000000000000000000000000000000F9
:10A7600000000000000000000000000000000000E9
:10A7700000000000000000000000000000000000D9
:10A780000000000000000000DC010020232D302B21
:10A7900020000000686C4C00656667454647000075
:10A7A000494E4600696E66004E414E006E616E0075
:10A7B00030313233343536373839414243444546F7
:10A7C00000000000303132333435363738396162B9
:10A7D000636465660000000065256C64000000008D
:10A7E00000A8030804A8030808A80308412D46612F
:10A7F0002D66383930313233343536375D0000005C
:10A800002B2D0000303000007858000000000000C0
:10A8100035000000CEFBFFFFCB030000010000006D
:10A820000000000034000000CEFBFFFFCB0300005F
:10A830000100000000000000BC89D897B2D29C3C07
:10A8400033A7A8D523F649393DA7F444FD0FA53217
:10A850009D978CCF08BA5B25436FAC6428066811BE
:10A860006E660000696E697479000000616E000018
:10A8700000202020202020202020282828282820D0
:10A8800020202020202020202020202020202020C8
:10A890002088101010101010101010101010101030
:10A8A0001004040404040404040404101010101020
:10A8B00010104141414141410101010101010101EA
:10A8C000010101010101010101010101101010103C
:10A8D00010104242424242420202020202020202BC
:10A8E0000202020202020202020202021010101010
:10A8F0002000000000000000000000000000000038
:10A900000000000000000000000000000000000047
:10A910000000000000000000000000000000000037
:10A920000000000000000000000000000000000027
:10A930000000000000000000000000000000000017
:10A940000000000000000000000000000000000007
:10A9500000000000000000000000000000000000F7
:10A9600000000000000000000000000000000000E7
:10A9700000000000496E66696E697479000000008D
:10A980004E614E005245454E54206D616C6C6F63B4
:10A990002073756363656564656400002E2E2F2E39
:10A9A0002E2F2E2E2F2E2E2F2E2E2F2E2E2F2E2EC2
:10A9B0002F2E2E2F6E65776C69622F6C6962632F64
:10A9C0007374646C69622F64746F612E630000009D
:10A9D00042616C6C6F632073756363656564656465
:10A9E0000000000000000000000000000000000067
:10A9F0000000000000000000000000000000000057
:10AA00000000000000000000000000000000000046
:10AA10000000000010111213141516171819000069
:10AA200000000000001A1B1C1D1E1F00000000007B
:10AA30000000000000000000000000000000000016
:10AA400000000000001A1B1C1D1E1F00000000005B
:10AA500000000000000000000000000000000000F6
:10AA600000000000000000000000000000000000E6
:10AA700000000000000000000000000000000000D6
:10AA800000000000000000000000000000000000C6
:10AA900000000000000000000000000000000000B6
:10AAA00000000000000000000000000000000000A6
:10AAB0000000000000000000000000000000000096
:10AAC0000000000000000000000000000000000086
:10AAD0000000000000000000000000000000000076
:10AAE000000000002E2E2F2E2E2F2E2E2F2E2E2F3A
:10AAF0002E2E2F2E2E2F2E2E2F2E2E2F6E65776C74
:10AB000069622F6C6962632F7374646C69622F676A
:10AB100064746F612D6765746865782E630000004A
:10AB2000504903080C4F03083C020020430000007A
:10AB3000504F534958000000050000001900000064
:10AB40007D00000000000000000000000000F03F59
:10AB500000000000000024400000000000005940F8
:10AB60000000000000408F40000000000088C3404B
:10AB700000000000006AF8400000000080842E41C0
:10AB800000000000D01263410000000084D797410C
:10AB90000000000065CDCD41000000205FA0024212
:10ABA000000000E876483742000000A2941A6D4287
:10ABB000000040E59C30A2420000901EC4BCD6427A
:10ABC00000003426F56B0C430080E03779C3414325
:10ABD00000A0D8855734764300C84E676DC1AB439B
:10ABE000003D9160E458E143408CB5781DAF1544B9
:10ABF00050EFE2D6E41A4B4492D54D06CFF0804494
:10AC0000F64AE1C7022DB544B49DD9794378EA44A8
:10AC1000BC89D897B2D29C3C33A7A8D523F6493932
:10AC20003DA7F444FD0FA5329D978CCF08BA5B2554
:10AC3000436FAC642806C80A0080E03779C34143FB
:10AC4000176E05B5B5B89346F5F93FE9034F384D92
:10AC5000321D30F94877825A3CBF737FDD4F15753E
:10AC60002E2E2F2E2E2F2E2E2F2E2E2F2E2E2F2EFF
:10AC70002E2F2E2E2F2E2E2F6E65776C69622F6C45
:10AC80006962632F7374646C69622F6D707265639F
:10AC90002E6300002C2066756E6374696F6E3A2017
:10ACA00000000000617373657274696F6E20222565
:10ACB0007322206661696C65643A2066696C652060
:10ACC000222573222C206C696E652025642573254E
:08ACD000730A000000000000FF
:10ACD80000000000800000000000000000000000EC
:10ACE800000000000000000000000000000000005C
:10ACF800000000000000000000000000000000004C
:10AD0800000000000000000000000000000000003B
:10AD180000000000740800200024F40001FF000077
:10AD2800DC0100200000000068A7030848A703080A
:10AD380028A7030800000000000000000000000031
:10AD480000000000000000000000000000000000FB
:10AD580000000000000000000000000000000000EB
:10AD680000000000000000000000000000000000DB
:10AD780000000000000000000000000000000000CB
:10AD880000000000FF000000430000000000000079
:10AD980000000000000000000000000000000000AB
:10ADA8000000000000000000430000000000000058
:10ADB800000000000000000000000000000000008B
:10ADC8000000000000000000430000000000000038
:10ADD800000000000000000000000000000000006B
:10ADE8000000000000000000430000000000000018
:10ADF800000000000000000000000000000000004B
:10AE080000000000000000004300000000000000F7
:10AE1800000000000000000000000000000000002A
:10AE280000000000000000004300000000000000D7
:10AE3800000000000000000000000000000000000A
:10AE480000000000000000004300000000000000B7
:10AE580000000000000000000000000000000000EA
:10AE680000000000000000001D010308A5ED020815
:10AE78000000000070A80308504903080C4F03089D
:10AE88000C4F03080C4F03080C4F03080C4F030822
:10AE98000C4F03080C4F03080C4F03080C4F030812
:10AEA800FFFFFFFFFFFFFFFFFFFFFFFFFFFF0000A8
:10AEB8000100415343494900000000000000000020
:10AEC800000000000000000000000000000000007A
:10AED8000000415343494900000000000000000001
:10AEE800000000000000000000000000000000005A
:10AEF80000000000F1010008A90400080529000865
:08AF0800652B0008C9010008D7
:0400000508023AE9CA
:00000001FF
